year,ic,value,donor_type,description,companyId,company,date,addrStreet,addrCity,addrZip
2020,05402450,15000.0,PO,dar,28319869,Družstvo Jeseníky,2020-10-02,,,
2020,05402450,500000.0,PO,dar,27182533,ERDEX A.S.,2020-06-11,,,
2020,05402450,500000.0,PO,dar,27207943,"F.R.C., A.S.",2020-06-11,,,
2020,05402450,500000.0,PO,dar,25725882,GORIS S.R.O.,2020-06-11,,,
2020,05402450,250000.0,PO,dar,25374770,ISMM PRODUCTION & BU,2020-07-01,,,
2020,05402450,85000.0,PO,dar,25374770,ISMM PRODUCTION & BU,2020-12-14,,,
2020,05402450,500000.0,PO,dar,5130620,JVC CONSULTING A.S.,2020-06-11,,,
2020,05402450,500000.0,PO,dar,27906604,PENSUM A.S.,2020-06-11,,,
2020,05402450,500000.0,PO,dar,4663276,VERANO REAL k.s.,2020-06-11,,,
2020,05989175,0.0,PO,dar,24689211,SYCORAX a.s.,2020-12-31,,,
2020,00442704,11991.0,PO,dar,25409727,"ADLER Czech, a.s.",2020-04-20,,,
2020,00442704,0.0,PO,dar,27776310,AFLUENTE a.s.,2020-08-17,,,
2020,00442704,0.0,PO,dar,49286838,"AGRICO, s.r.o.",2020-08-01,,,
2020,00442704,0.0,PO,dar,25586521,AGRO 2000 s.r.o.,2020-09-20,,,
2020,00442704,0.0,PO,dar,27725472,AGRO SMETANA s.r.o.,2020-08-23,,,
2020,00442704,0.0,PO,dar,25162331,ALFABETON s.r.o.,2020-09-01,,,
2020,00442704,20000.0,PO,dar,1940309,Andree - advokátní a insolvenční kancelář s.r.o.,2020-03-10,,,
2020,00442704,70000.0,PO,dar,22843094,"Antonius, z. s.",2020-09-09,,,
2020,00442704,0.0,PO,dar,64783561,"Apoštolská církev, sbor Hlinsko",2020-08-17,,,
2020,00442704,0.0,PO,dar,27476545,ATOMSTEEL s.r.o.,2020-08-17,,,
2020,00442704,0.0,PO,dar,26890186,AUTO HRAZDIRA s.r.o.,2020-08-06,,,
2020,00442704,0.0,PO,dar,27731502,"AXISPRO, s.r.o.",2020-08-23,,,
2020,00442704,20000.0,PO,dar,1494872,Baldovská s.r.o.,2020-11-18,,,
2020,00442704,0.0,PO,dar,26864207,BESKYDY SPORT s.r.o.,2020-09-01,,,
2020,00442704,0.0,PO,dar,65468953,Biskupství ostravsko-opavské,2020-09-01,,,
2020,00442704,0.0,PO,dar,65468953,Biskupství ostravsko-opavské,2020-09-03,,,
2020,00442704,14435.76,PO,dar,73078450,Blažková Janka,2020-01-28,,,
2020,00442704,0.0,PO,dar,25982508,"Bohemia Touristik, s.r.o.",2020-09-18,,,
2020,00442704,0.0,PO,dar,25089391,"CENTRUM DOHODY,s.r.o.",2020-09-16,,,
2020,00442704,0.0,PO,dar,28269888,"Centrum péče o ženu, s.r.o.",2020-08-01,,,
2020,00442704,0.0,PO,dar,61239330,"Cesta pro rodinu, z.ú.",2020-09-04,,,
2020,00442704,20000.0,PO,dar,46577238,"COMMODUM, spol. s r.o.",2020-09-29,,,
2020,00442704,15000.0,PO,dar,6135846,Construct-solution s.r.o.,2020-09-07,,,
2020,00442704,0.0,PO,dar,27755177,cresco&finance a.s.,2020-09-01,,,
2020,00442704,0.0,PO,dar,25198688,ČSAD STTRANS a.s.,2020-09-01,,,
2020,00442704,0.0,PO,dar,60934883,D U K O R s.r.o.,2020-09-04,,,
2020,00442704,0.0,PO,dar,60740426,"D-Holz, s.r.o.",2020-08-06,,,
2020,00442704,5000.0,PO,dar,60740426,"D-Holz, s.r.o.",2020-07-20,,,
2020,00442704,84000.0,PO,dar,15063879,David Smetana,2020-12-04,,,
2020,00442704,0.0,PO,dar,26028263,DH Dekor spol. s r.o.,2020-09-01,,,
2020,00442704,0.0,PO,dar,2953811,Disavino plus s.r.o.,2020-09-01,,,
2020,00442704,10000.0,PO,dar,25485822,Domácí lékárna s.r.o.,2020-02-21,,,
2020,00442704,10000.0,PO,dar,29246181,DOMUS SALUTIS s.r.o.,2020-09-08,,,
2020,00442704,2400.0,PO,dar,28606370,DOPRASTAV PERÚTKA s.r.o.,2020-07-27,,,
2020,00442704,4300.0,PO,dar,28606370,DOPRASTAV PERÚTKA s.r.o.,2020-06-30,,,
2020,00442704,3650.0,PO,dar,28606370,DOPRASTAV PERÚTKA s.r.o.,2020-08-30,,,
2020,00442704,75000.0,PO,dar,2928370,DPS Distribution s.r.o.,2020-07-26,,,
2020,00442704,0.0,PO,dar,4401701,DRAM Invest s.r.o.,2020-09-01,,,
2020,00442704,0.0,PO,dar,42193940,"Dřevojas, výrobní družstvo",2020-08-17,,,
2020,00442704,0.0,PO,dar,27763196,Dušan Hopp Auto Díly Servis s.r.o.,2020-09-01,,,
2020,00442704,5000.0,PO,dar,47239034,ELEKTROSTAV STRAKONICE s.r.o.,2020-01-29,,,
2020,00442704,0.0,PO,dar,25260766,EVT Stavby s.r.o.,2020-08-17,,,
2020,00442704,0.0,PO,dar,60886129,FAMOS RK,2020-08-01,,,
2020,00442704,0.0,PO,dar,6692389,FIAVI Volyně s.r.o.,2020-09-01,,,
2020,00442704,2000.0,PO,dar,24186007,Finacco KH s.r.o.,2020-03-09,,,
2020,00442704,0.0,PO,dar,43499538,"FK Kameničky, z.s.",2020-08-17,,,
2020,00442704,0.0,PO,dar,26076985,"GARANTSTAV ST, s.r.o.",2020-09-01,,,
2020,00442704,15000.0,PO,dar,8745854,Gatema Holding s. r. o.,2020-07-01,,,
2020,00442704,0.0,PO,dar,3159752,GDS Sylwia s.r.o.,2020-08-17,,,
2020,00442704,15000.0,PO,dar,26010623,Geodézie Česká Třebová s.r.o.,2020-01-22,,,
2020,00442704,0.0,PO,dar,8734739,Gočárův Semín z. s.,2020-08-17,,,
2020,00442704,50000.0,PO,dar,64508676,"HM, s.r.o.",2020-07-29,,,
2020,00442704,0.0,PO,dar,25852060,Horimex cars s.r.o.,2020-08-17,,,
2020,00442704,3000.0,PO,dar,27859070,Horský hotel KOHÚTKA s.r.o.,2020-02-03,,,
2020,00442704,0.0,PO,dar,26069351,HS Auto Staněk s.r.o.,2020-09-01,,,
2020,00442704,100000.0,PO,dar,7210906,"Hubertova lesní, s.r.o.",2020-10-21,,,
2020,00442704,20000.0,PO,dar,27720161,HYDRO & KOV s.r.o.,2020-09-04,,,
2020,00442704,0.0,PO,dar,28803108,CH - Dent s.r.o.,2020-08-17,,,
2020,00442704,0.0,PO,dar,45238642,Charita Šternberk,2020-09-04,,,
2020,00442704,0.0,PO,dar,28764528,CHEM Application s.r.o.,2020-08-17,,,
2020,00442704,0.0,PO,dar,70241007,"Ing. Eva Střelecká, Ing.",2020-09-05,,,
2020,00442704,0.0,PO,dar,48384704,Ing. Luboš Boxan,2020-09-09,,,
2020,00442704,0.0,PO,dar,88919781,Ing. Miroslav Tomšů,2020-08-23,,,
2020,00442704,100000.0,PO,dar,68690100,Ing. Radim Kocourek,2020-10-27,,,
2020,00442704,0.0,PO,dar,28627288,INNEASTAV s.r.o.,2020-09-01,,,
2020,00442704,0.0,PO,dar,88091112,Jakub Dostalík,2020-09-09,,,
2020,00442704,0.0,PO,dar,40331270,Jaromír Koryčanský,2020-08-23,,,
2020,00442704,0.0,PO,dar,64777324,Jaroslav Lorenc,2020-08-01,,,
2020,00442704,20000.0,PO,dar,60743638,"JASS-UNI, s.r.o.",2020-07-22,,,
2020,00442704,0.0,PO,dar,60743638,"JASS-UNI, s.r.o.",2020-08-23,,,
2020,00442704,0.0,PO,dar,26991268,Jesenický horský spolek,2020-09-01,,,
2020,00442704,0.0,PO,dar,25924222,JiNo s.r.o.,2020-08-17,,,
2020,00442704,0.0,PO,dar,73677116,Jiří Šperl,2020-09-01,,,
2020,00442704,0.0,PO,dar,1790226,JURONKA s.r.o.,2020-09-01,,,
2020,00442704,50000.0,PO,dar,6213022,"KALÁB - invest, s.r.o.",2020-10-09,,,
2020,00442704,100000.0,PO,dar,6213022,"KALÁB - invest, s.r.o.",2020-06-11,,,
2020,00442704,50000.0,PO,dar,6213022,"KALÁB - invest, s.r.o.",2020-09-24,,,
2020,00442704,20000.0,PO,dar,25522957,Kalírna Zlín - Chytil spol.s r.o.,2020-09-01,,,
2020,00442704,0.0,PO,dar,22981667,Karel Rakovský,2020-09-03,,,
2020,00442704,0.0,PO,dar,15529711,Katolický spolek,2020-08-06,,,
2020,00442704,0.0,PO,dar,47858591,"Katolický spolkový dům v Lipníku nad Bečvou, z.s.",2020-09-05,,,
2020,00442704,50000.0,PO,dar,25547453,KODRLA s.r.o.,2020-08-14,,,
2020,00442704,7500.0,PO,dar,61742821,"Kotková Marta,MUDr., praktický lékař pro děti a dorost",2020-11-27,,,
2020,00442704,0.0,PO,dar,7136790,Krejzl pila s.r.o.,2020-08-13,,,
2020,00442704,0.0,PO,dar,26554551,"KŘESŤANSKÝ SPOLEK DOBRATICE, z.s.",2020-09-15,,,
2020,00442704,30000.0,PO,dar,16602986,Kvapil Josef,2020-09-24,,,
2020,00442704,0.0,PO,dar,28773241,Lacerna a.s.,2020-08-17,,,
2020,00442704,0.0,PO,dar,25621971,"LAMIA PRAHA, s.r.o.",2020-09-15,,,
2020,00442704,0.0,PO,dar,7869886,Lelek-elektroservis s.r.o.,2020-08-17,,,
2020,00442704,0.0,PO,dar,46132228,Libor Janečka,2020-09-29,,,
2020,00442704,45000.0,PO,dar,66219060,"Línková Šárka, JUDr., advokátka",2020-07-23,,,
2020,00442704,0.0,PO,dar,5457106,Lonkova Point s.r.o.,2020-09-04,,,
2020,00442704,0.0,PO,dar,3894258,Lubomír Frait,2020-08-24,,,
2020,00442704,0.0,PO,dar,25190539,LUKRENA a.s.,2020-09-01,,,
2020,00442704,200000.0,PO,dar,8262012,"MÁLEK & PARTNERS, s.r.o.",2020-05-14,,,
2020,00442704,0.0,PO,dar,25227432,"Maňovická zemědělská, a.s.",2020-09-01,,,
2020,00442704,16940.0,PO,dar,75930781,Marcel Sikora,2020-08-11,,,
2020,00442704,33965.0,PO,dar,75930781,Marcel Sikora,2020-09-11,,,
2020,00442704,3307.33,PO,dar,75930781,Marcel Sikora,2020-11-11,,,
2020,00442704,2664.0,PO,dar,75930781,Marcel Sikora,2020-10-15,,,
2020,00442704,97682.0,PO,dar,75930781,Marcel Sikora,2020-09-29,,,
2020,00442704,6624.26,PO,dar,75930781,Marcel Sikora,2020-10-29,,,
2020,00442704,100000.0,PO,dar,75930781,Marcel Sikora,2020-12-02,,,
2020,00442704,0.0,PO,dar,60792825,MATEICIUC a.s.,2020-09-01,,,
2020,00442704,0.0,PO,dar,26011000,MBR bus s.r.o.,2020-08-31,,,
2020,00442704,0.0,PO,dar,64834646,"Meclovská zemědělská, a. s.",2020-09-01,,,
2020,00442704,100000.0,PO,dar,73612260,"Mgr. Stanislava Jurčíková, advokátka",2020-09-29,,,
2020,00442704,10000.0,PO,dar,26190036,MIDKIFF CONSULTANCY SERVICES s.r.o.,2020-12-21,,,
2020,00442704,0.0,PO,dar,28822498,MotoTrade VM s.r.o.,2020-08-17,,,
2020,00442704,0.0,PO,dar,28158369,"Mráz Nemovitosti CZ, s.r.o.",2020-09-01,,,
2020,00442704,0.0,PO,dar,70922136,MUDr. Hana Deáková,2020-09-04,,,
2020,00442704,20000.0,PO,dar,60891092,"MUDr. Jan Nožička, PhD.",2020-06-08,,,
2020,00442704,30000.0,PO,dar,75833492,MUDr. Karel Padalík,2020-10-01,,,
2020,00442704,0.0,PO,dar,66743052,"Nadační fond Josefy a Marie Mildnerových, faráře Františka Fučíka a Františky Bíbrové",2020-09-10,,,
2020,00442704,15000.0,PO,dar,27253350,Napajedelské stavby s.r.o.,2020-09-23,,,
2020,00442704,50000.0,PO,dar,25301144,"Navláčil stavební firma, s.r.o.",2020-10-07,,,
2020,00442704,100000.0,PO,dar,25301144,"Navláčil stavební firma, s.r.o.",2020-08-10,,,
2020,00442704,0.0,PO,dar,16192656,Občanská demokratická strana,2020-08-06,,,
2020,00442704,0.0,PO,dar,297194,Obec Hukvaldy,2020-09-01,,,
2020,00442704,0.0,PO,dar,26806541,Obecně prospěšná společnost DLAŇ ŽIVOTU,2020-09-04,,,
2020,00442704,0.0,PO,dar,22690361,"OD5K10, z. s.",2020-08-01,,,
2020,00442704,33333.0,PO,dar,62411543,"Ordinace Mucha, s.r.o.",2020-09-10,,,
2020,00442704,0.0,PO,dar,64808912,OREL - ŽUPA BRYNYCHOVA,2020-08-20,,,
2020,00442704,0.0,PO,dar,60103736,Orel jednota Hlinsko v Čechách,2020-09-04,,,
2020,00442704,0.0,PO,dar,64629201,Orel jednota Lichnov,2020-09-03,,,
2020,00442704,0.0,PO,dar,64269108,Orel jednota Moravské Budějovice,2020-07-13,,,
2020,00442704,0.0,PO,dar,65264231,Orel jednota Moutnice,2020-08-06,,,
2020,00442704,0.0,PO,dar,65468775,Orel jednota Ostrava-Třebovice,2020-09-04,,,
2020,00442704,0.0,PO,dar,65265343,Orel jednota Pozořice,2020-08-06,,,
2020,00442704,0.0,PO,dar,65666593,Orel jednota Přelouč,2020-09-04,,,
2020,00442704,0.0,PO,dar,62832646,Orel jednota Staré Město,2020-08-23,,,
2020,00442704,0.0,PO,dar,70286213,Orel jednota Suchdol u Prostějova,2020-09-03,,,
2020,00442704,0.0,PO,dar,65265726,Orel jednota Šlapanice,2020-08-06,,,
2020,00442704,0.0,PO,dar,61239704,Orel jednota Vysoké Mýto,2020-09-04,,,
2020,00442704,0.0,PO,dar,65265238,Orel jednota Žatčany,2020-08-06,,,
2020,00442704,0.0,PO,dar,25211943,Osecká zemědělská a obchodní společnost a.s.,2020-09-01,,,
2020,00442704,0.0,PO,dar,26784785,"Palírna Samotišky, s.r.o.",2020-08-25,,,
2020,00442704,0.0,PO,dar,29164044,"Paliva Stříbro, s.r.o.",2020-09-01,,,
2020,00442704,0.0,PO,dar,18630189,"PANFLEX, s.r.o.",2020-09-16,,,
2020,00442704,50000.0,PO,dar,26118963,"PASSERINVEST GROUP, a.s.",2020-09-24,,,
2020,00442704,0.0,PO,dar,26825414,PAVLAS TRUST s.r.o.,2020-09-29,,,
2020,00442704,3000.0,PO,dar,74231740,Petr Havlena,2020-02-19,,,
2020,00442704,0.0,PO,dar,11407255,Petr Veselý,2020-09-01,,,
2020,00442704,0.0,PO,dar,47709791,Petr Zdeněk,2020-09-01,,,
2020,00442704,0.0,PO,dar,66222486,"Pezlarová Dobroslava, Mgr.",2020-07-03,,,
2020,00442704,100000.0,PO,dar,5154979,Piknik box s.r.o.,2020-10-05,,,
2020,00442704,0.0,PO,dar,5650909,Pivovar Štajner a Beránek s.r.o.,2020-08-20,,,
2020,00442704,0.0,PO,dar,26307618,PK SERVIS ZLÍN s.r.o.,2020-08-23,,,
2020,00442704,0.0,PO,dar,26950171,"Plastpol, s.r.o.",2020-08-01,,,
2020,00442704,15000.0,PO,dar,8223238,PLUSMED MK a.s.,2020-09-07,,,
2020,00442704,10000.0,PO,dar,2952041,PLUSMED s.r.o.,2020-09-08,,,
2020,00442704,150000.0,PO,dar,45148678,POLABSKÉ MLÉKÁRNY a.s.,2020-12-30,,,
2020,00442704,0.0,PO,dar,25560310,"POOSLAVÍ Nová Ves, družstvo",2020-09-18,,,
2020,00442704,0.0,PO,dar,22904476,PROP z. s.,2020-08-01,,,
2020,00442704,5000.0,PO,dar,24195855,"Rada & Partner advokátní kancelář, s.r.o.",2020-03-11,,,
2020,00442704,0.0,PO,dar,4526481,Radek Ocelák,2020-09-15,,,
2020,00442704,20000.0,PO,dar,49283201,"REAL SERVIS, spol. s r.o.",2020-08-14,,,
2020,00442704,164000.0,PO,dar,1810481,"Relax centrum Kolštejn, s.r.o.",2020-07-01,,,
2020,00442704,0.0,PO,dar,27455998,"RENT BUILDINGS PLUS, s.r.o.",2020-08-01,,,
2020,00442704,0.0,PO,dar,7543000,REZIDENCE JELEN s.r.o.,2020-08-17,,,
2020,00442704,0.0,PO,dar,60112301,Rieter CZ s.r.o.,2020-09-04,,,
2020,00442704,0.0,PO,dar,26631075,"Rodiny, z.s.",2020-08-01,,,
2020,00442704,30000.0,PO,dar,29235171,"RPG Recycling, s.r.o.",2020-10-09,,,
2020,00442704,7313.0,PO,dar,4633865,ŘEZNICTVÍ  LUKÁŠ  GEBAUER s.r.o.,2020-01-10,,,
2020,00442704,6000.0,PO,dar,3530906,"Řeznictví a uzenářství Oldřich Čejka, s.r.o.",2020-09-09,,,
2020,00442704,0.0,PO,dar,48489000,Římskokatolická farnost Hluk,2020-08-23,,,
2020,00442704,0.0,PO,dar,60161264,Římskokatolická farnost Holice,2020-09-04,,,
2020,00442704,0.0,PO,dar,61985716,Římskokatolická farnost Horní Újezd u Všechovic,2020-09-01,,,
2020,00442704,0.0,PO,dar,47920491,Římskokatolická farnost Konice,2020-09-10,,,
2020,00442704,0.0,PO,dar,45180598,Římskokatolická farnost Křenovice u Kojetína,2020-09-10,,,
2020,00442704,20000.0,PO,dar,46402101,Římskokatolická farnost Kutná Hora - Sedlec,2020-02-10,,,
2020,00442704,0.0,PO,dar,47477849,Římskokatolická farnost Lázně Bělohrad,2020-08-01,,,
2020,00442704,0.0,PO,dar,65337166,Římskokatolická farnost Lipovec u Blanska,2020-08-06,,,
2020,00442704,0.0,PO,dar,60802243,Římskokatolická farnost Liptaň,2020-09-03,,,
2020,00442704,0.0,PO,dar,48808521,Římskokatolická farnost Lubina,2020-09-03,,,
2020,00442704,0.0,PO,dar,49314599,Římskokatolická farnost Luková,2020-08-17,,,
2020,00442704,0.0,PO,dar,65336836,Římskokatolická farnost Lysice,2020-08-06,,,
2020,00442704,0.0,PO,dar,64601871,Římskokatolická farnost Měrovice nad Hanou,2020-09-10,,,
2020,00442704,0.0,PO,dar,48157287,Římskokatolická farnost Mikulovice u Pardubic,2020-09-04,,,
2020,00442704,0.0,PO,dar,64269442,Římskokatolická farnost Mohelno,2020-08-01,,,
2020,00442704,0.0,PO,dar,48427594,Římskokatolická farnost Olomouc - Hodolany,2020-09-08,,,
2020,00442704,0.0,PO,dar,45210446,Římskokatolická farnost Ostrava - Zábřeh,2020-09-03,,,
2020,00442704,0.0,PO,dar,61729680,Římskokatolická farnost Otnice,2020-08-06,,,
2020,00442704,0.0,PO,dar,48772119,Římskokatolická farnost Paskov,2020-09-25,,,
2020,00442704,0.0,PO,dar,49591193,Římskokatolická farnost Rychaltice,2020-09-01,,,
2020,00442704,0.0,PO,dar,49591193,Římskokatolická farnost Rychaltice,2020-09-03,,,
2020,00442704,0.0,PO,dar,49590952,Římskokatolická farnost Slatina u Bílovce,2020-09-03,,,
2020,00442704,0.0,PO,dar,49182650,Římskokatolická farnost Spálené Poříčí,2020-09-01,,,
2020,00442704,0.0,PO,dar,61729949,Římskokatolická farnost Šaratice,2020-08-06,,,
2020,00442704,0.0,PO,dar,48838292,Římskokatolická farnost Topolany,2020-08-06,,,
2020,00442704,0.0,PO,dar,66185068,Římskokatolická farnost Třemešná,2020-09-03,,,
2020,00442704,0.0,PO,dar,61234222,Římskokatolická farnost Výprachtice,2020-08-17,,,
2020,00442704,0.0,PO,dar,48838411,Římskokatolická farnost Vyškov,2020-08-06,,,
2020,00442704,0.0,PO,dar,48838462,Římskokatolická farnost Vyškov - Dědice,2020-08-06,,,
2020,00442704,0.0,PO,dar,62060902,S D S  s.r.o.,2020-08-17,,,
2020,00442704,50000.0,PO,dar,42228468,S T A K O s.r.o.,2020-05-20,,,
2020,00442704,0.0,PO,dar,15526411,"SACHARČUK, spol. s r.o.",2020-09-04,,,
2020,00442704,0.0,PO,dar,67026346,"Salesiánský klub mládeže, z. s. Dům Ignáce Stuchlého",2020-08-24,,,
2020,00442704,70000.0,PO,dar,25373951,SATUM CZECH s.r.o.,2020-08-10,,,
2020,00442704,30000.0,PO,dar,6695205,SENÁTOR 21,2020-10-05,,,
2020,00442704,70000.0,PO,dar,6695205,SENÁTOR 21,2020-08-26,,,
2020,00442704,15000.0,PO,dar,5339065,Siuda s.r.o.,2020-11-30,,,
2020,00442704,0.0,PO,dar,22897216,"SK Lázně Bohdaneč, z.s.",2020-09-04,,,
2020,00442704,0.0,PO,dar,15052401,"SK Rozhovice, z.s.",2020-09-04,,,
2020,00442704,0.0,PO,dar,43499082,"SK Rváčov, z.s.",2020-09-04,,,
2020,00442704,60000.0,PO,dar,8139458,SMC solution s.r.o.,2020-06-15,,,
2020,00442704,0.0,PO,dar,47238810,SOVT - RADIO spol. s r.o.,2020-09-01,,,
2020,00442704,0.0,PO,dar,47886552,Společnost katolického domu v Blansku,2020-08-06,,,
2020,00442704,0.0,PO,dar,42660297,"Společnost Katolického domu v Bučovicích, z. s.",2020-08-06,,,
2020,00442704,25000.0,PO,dar,42660297,"Společnost Katolického domu v Bučovicích, z. s.",2020-10-07,,,
2020,00442704,0.0,PO,dar,44937318,"Společnost katolického domu v Lubině, z.s.",2020-09-05,,,
2020,00442704,2500000.0,PO,dar,9509071,Spolek pro podporu liberální demokracie ČR,2020-12-18,,,
2020,00442704,0.0,PO,dar,44946279,Spolek pro vybudování a udržování Lidového katolického domu v Blučině,2020-08-06,,,
2020,00442704,0.0,PO,dar,26640210,Spolek za staré Vrahovice,2020-08-25,,,
2020,00442704,30000.0,PO,dar,25968203,STAFI FINALIZACE STAVEB s.r.o.,2020-08-14,,,
2020,00442704,100000.0,PO,dar,46346171,"STAMOS Uherské Hradiště, spol. s r.o.",2020-09-09,,,
2020,00442704,0.0,PO,dar,18536506,Stanislav Karlík,2020-08-01,,,
2020,00442704,0.0,PO,dar,41603109,STAREX spol. s r.o.,2020-09-03,,,
2020,00442704,0.0,PO,dar,25920961,"STERA 3000, s.r.o.",2020-08-17,,,
2020,00442704,200000.0,PO,dar,409740,Strana zelených,2020-08-03,,,
2020,00442704,300000.0,PO,dar,409740,Strana zelených,2020-07-08,,,
2020,00442704,5000.0,PO,dar,75053713,Středová Miroslava MUDr.,2020-05-31,,,
2020,00442704,0.0,PO,dar,13641,"TANEX, akciová společnost",2020-09-07,,,
2020,00442704,0.0,PO,dar,18565816,Tělocvičná jednota Sokol Šlapanice u Brna,2020-08-06,,,
2020,00442704,0.0,PO,dar,69171149,Tělocvičná jednota Sokol Živanice,2020-08-17,,,
2020,00442704,0.0,PO,dar,46493719,Tělovýchovná jednota SOKOL Újezd z.s.,2020-09-04,,,
2020,00442704,0.0,PO,dar,7814453,Tenisový klub Sokol Lipník nad Bečvou z. s.,2020-09-03,,,
2020,00442704,0.0,PO,dar,27547817,TENIX s.r.o.,2020-09-04,,,
2020,00442704,0.0,PO,dar,27547817,TENIX s.r.o.,2020-08-17,,,
2020,00442704,0.0,PO,dar,27977137,TIME INVEST a.s.,2020-08-17,,,
2020,00442704,0.0,PO,dar,47253363,TJ BLATNÁ z.s.,2020-09-01,,,
2020,00442704,0.0,PO,dar,60653001,"TJ Osek, z.s.",2020-09-01,,,
2020,00442704,0.0,PO,dar,15051854,TJ SK Tetov z.s.,2020-09-04,,,
2020,00442704,0.0,PO,dar,46492691,TJ Sokol Semín z.s.,2020-09-04,,,
2020,00442704,200000.0,PO,dar,1810740,"TOMA Olomouc, s.r.o.",2020-07-17,,,
2020,00442704,50000.0,PO,dar,45612595,Tomáš Máčal,2020-09-21,,,
2020,00442704,50000.0,PO,dar,45612595,Tomáš Máčal,2020-09-25,,,
2020,00442704,20000.0,PO,dar,71339728,TOP 09,2020-10-30,,,
2020,00442704,0.0,PO,dar,71339728,TOP 09,2020-09-01,,,
2020,00442704,0.0,PO,dar,71339728,TOP 09,2020-08-06,,,
2020,00442704,50000.0,PO,dar,25307835,TRINITY BANK a.s.,2020-09-23,,,
2020,00442704,0.0,PO,dar,25353284,TRUMF International s.r.o.,2020-09-01,,,
2020,00442704,20000.0,PO,dar,4930169,Účetní Pardubice s.r.o.,2020-08-12,,,
2020,00442704,0.0,PO,dar,13643819,VÁHALA a spol. s r.o. výroba a prodej masných a lahůdkářských výrobků,2020-08-01,,,
2020,00442704,0.0,PO,dar,72283661,Varmuže Bedřich,2020-09-01,,,
2020,00442704,0.0,PO,dar,7266693,VEGANEK SPICES s.r.o.,2020-09-01,,,
2020,00442704,0.0,PO,dar,25595946,VESAS s.r.o.,2020-08-01,,,
2020,00442704,10000.0,PO,dar,6834060,VilAnzen Group s.r.o.,2020-10-07,,,
2020,00442704,200000.0,PO,dar,26845148,VINAMET CZ s.r.o.,2020-10-05,,,
2020,00442704,50000.0,PO,dar,69750289,Viorel Birca,2020-09-30,,,
2020,00442704,0.0,PO,dar,72274760,Vlastimil Stříbrný,2020-09-01,,,
2020,00442704,100000.0,PO,dar,68210396,Volba pro město,2020-06-15,,,
2020,00442704,15000.0,PO,dar,29377731,WEB INVESTMENTS s.r.o.,2020-04-06,,,
2020,00442704,0.0,PO,dar,69132631,Zdeněk Pytel,2020-09-04,,,
2020,00442704,0.0,PO,dar,124851,"Zderaz, zemědělské družstvo",2020-09-04,,,
2020,00442704,0.0,PO,dar,25212257,"Zemědělská výroba Milknatur, a.s.",2020-09-01,,,
2020,00442704,0.0,PO,dar,47719532,Zemědělské družstvo vlastníků Štichovice,2020-09-01,,,
2020,00442704,0.0,PO,dar,48528846,Zemědělské obchodní družstvo Rataje,2020-09-01,,,
2020,00442704,50000.0,PO,dar,29364779,ZETRADE s.r.o.,2020-11-12,,,
2020,00442704,25000.0,PO,dar,26018055,"ZNAKON, a.s.",2020-08-12,,,
2020,00496936,0.0,PO,dar,11361093,Kolářová Božena,,,,
2020,00496936,31000.0,PO,dar,25528351,"KOMSOL CZ, s.r.o.",2020-09-09,,,
2020,00496936,0.0,PO,dar,28166787,OMB composites EU a.s.,,,,
2020,16192656,0.0,PO,dar,29080932,A Restaurant Group s.r.o.,2020-09-23,,,
2020,16192656,150000.0,PO,dar,3275191,AA Tax-Audit s.r.o.,2020-10-11,,,
2020,16192656,50000.0,PO,dar,3275191,AA Tax-Audit s.r.o.,2020-10-14,,,
2020,16192656,100000.0,PO,dar,48119458,ACO Industries k.s.,2020-03-03,,,
2020,16192656,5000.0,PO,dar,25226258,"AFR - zemní práce, s.r.o.",2020-09-09,,,
2020,16192656,0.0,PO,dar,47673443,"AGREGA, a.s.",2020-09-22,,,
2020,16192656,20000.0,PO,dar,64826007,AGROKOP HB s.r.o.,2020-09-07,,,
2020,16192656,0.0,PO,dar,60792817,ALIMENTARE a.s.,2020-09-03,,,
2020,16192656,0.0,PO,dar,60792817,ALIMENTARE a.s.,2020-09-03,,,
2020,16192656,50000.0,PO,dar,49812882,"ALLWARE, s.r.o.",2020-03-10,,,
2020,16192656,10000.0,PO,dar,26232111,"ALUCAST, s.r.o.",2020-08-10,,,
2020,16192656,0.0,PO,dar,25643100,Aluminium centrum s.r.o.,2020-09-26,,,
2020,16192656,100000.0,PO,dar,1528483,ALUPO s.r.o.,2020-01-15,,,
2020,16192656,0.0,PO,dar,18382193,AMS autoservis s.r.o.,2020-09-26,,,
2020,16192656,15000.0,PO,dar,4996283,ARATEC GROUP s.r.o.,2020-06-18,,,
2020,16192656,150000.0,PO,dar,43964281,"ARRAS, spol. s r.o.",2020-08-10,,,
2020,16192656,100000.0,PO,dar,6717586,ARROWS advokátní kancelář s.r.o.,2020-09-10,,,
2020,16192656,100000.0,PO,dar,6717586,ARROWS advokátní kancelář s.r.o.,2020-08-19,,,
2020,16192656,100000.0,PO,dar,6717586,ARROWS advokátní kancelář s.r.o.,2020-07-14,,,
2020,16192656,0.0,PO,dar,26344548,"ARTEP reklama, spol. s r.o.",2020-09-28,,,
2020,16192656,0.0,PO,dar,25851136,AUTO ČECHÁK s.r.o,2020-07-21,,,
2020,16192656,150000.0,PO,dar,26074001,AUTODOPRAVA GAIER s.r.o.,2020-06-12,,,
2020,16192656,0.0,PO,dar,28683544,Autosalon Most s.r.o.,2020-09-26,,,
2020,16192656,0.0,PO,dar,24727741,AUTOSTYL a.s.,2020-09-25,,,
2020,16192656,100000.0,PO,dar,24727741,AUTOSTYL a.s.,2020-08-05,,,
2020,16192656,30000.0,PO,dar,41324838,"AUTOTREND, spol. s r.o.",2020-07-02,,,
2020,16192656,0.0,PO,dar,25848984,AVČ s.r.o.,2020-09-03,,,
2020,16192656,0.0,PO,dar,25848984,AVČ s.r.o.,2020-09-03,,,
2020,16192656,0.0,PO,dar,25620088,"Aviplast, s.r.o.",2020-08-23,,,
2020,16192656,2000.0,PO,dar,28717830,"AZET GOUP, s.r.o.",2020-07-21,,,
2020,16192656,250000.0,PO,dar,28402758,BAK stavební společnost a.s.,2020-08-05,,,
2020,16192656,0.0,PO,dar,62968921,"BEGA, spol.s r.o. , Hotel Florian",2020-09-08,,,
2020,16192656,25000.0,PO,dar,25859145,BIOMAC s.r.o.,2020-01-29,,,
2020,16192656,20000.0,PO,dar,2189330,BLS dopravní stavby s.r.o.,2020-07-15,,,
2020,16192656,0.0,PO,dar,29127335,BM Group s.r.o.,2020-08-24,,,
2020,16192656,0.0,PO,dar,27447901,Bohemia HOME a.s.,2020-09-29,,,
2020,16192656,0.0,PO,dar,46065831,Bohumil Elsnic,2020-09-27,,,
2020,16192656,50000.0,PO,dar,6650759,BREWTEC s.r.o.,2020-02-17,,,
2020,16192656,100000.0,PO,dar,25221736,"Broker Consulting, a.s.",2020-09-21,,,
2020,16192656,20000.0,PO,dar,26931273,"BZ Invest, s.r.o.",2020-05-31,,,
2020,16192656,10000.0,PO,dar,27527727,C & H Credit s.r.o.,2020-09-21,,,
2020,16192656,100000.0,PO,dar,28270304,Cargo Motion s.r.o.,2020-09-25,,,
2020,16192656,25000.0,PO,dar,28564804,"Carroll & Dohnal, s.r.o.",2020-08-19,,,
2020,16192656,30000.0,PO,dar,5535875,CATERING Landa & Dvořák s.r.o.,2020-07-02,,,
2020,16192656,100000.0,PO,dar,29060001,Celmeton s.r.o.,2020-07-02,,,
2020,16192656,15000.0,PO,dar,60731109,"CEMA MORAVIA, spol. s r.o.",2020-07-13,,,
2020,16192656,100000.0,PO,dar,24774219,Censitio s.r.o.,2020-07-20,,,
2020,16192656,0.0,PO,dar,28894618,Centrum Černý kůň s.r.o.,2020-08-24,,,
2020,16192656,10000.0,PO,dar,5817871,CITYZEN LIVING s.r.o.,2020-05-01,,,
2020,16192656,0.0,PO,dar,27642763,"CMS Consulting, s.r.o.",2020-08-31,,,
2020,16192656,20000.0,PO,dar,46577238,"COMMODUM, spol. s r.o.",2020-09-29,,,
2020,16192656,20000.0,PO,dar,18382835,"Corso, s.r.o.",2020-09-24,,,
2020,16192656,100000.0,PO,dar,26700239,CZECH PRECISION FORGE a.s.,2020-07-31,,,
2020,16192656,0.0,PO,dar,26700239,CZECH PRECISION FORGE a.s.,2020-09-22,,,
2020,16192656,50000.0,PO,dar,29151961,CZG - Česká zbrojovka Group SE,2020-08-12,,,
2020,16192656,0.0,PO,dar,60193441,ČSAD Benešov s.r.o.,2020-09-27,,,
2020,16192656,0.0,PO,dar,60193425,ČSAD Slaný s.r.o.,2020-09-27,,,
2020,16192656,100000.0,PO,dar,64830471,"D.O.O.S. TRADE, spol. s r.o.",2020-08-06,,,
2020,16192656,10000.0,PO,dar,8327335,"David Mrázek, spol. s r.o.",2020-06-24,,,
2020,16192656,50000.0,PO,dar,25826760,De-Wood a.s.,2020-08-13,,,
2020,16192656,0.0,PO,dar,25044311,"DENTOFLEX CZ, s.r.o.",2020-09-25,,,
2020,16192656,3500.0,PO,dar,26481014,"Dětská agentura Kroužky, s.r.o.",2020-06-01,,,
2020,16192656,40000.0,PO,dar,28802195,DI-stavby s.r.o.,2020-07-14,,,
2020,16192656,70000.0,PO,dar,7680431,DOLE4U Invest s.r.o.,2020-06-08,,,
2020,16192656,50000.0,PO,dar,8707944,DOLE4U RENT s.r.o.,2020-06-08,,,
2020,16192656,50000.0,PO,dar,5041988,DOLE4U s.r.o.,2020-06-08,,,
2020,16192656,10000.0,PO,dar,25257579,DOLEŽAL MOTOR s.r.o.,2020-10-13,,,
2020,16192656,0.0,PO,dar,46355529,"DROPS, v.o.s.",2020-09-14,,,
2020,16192656,50000.0,PO,dar,27904610,"Dřevocentrum CZ, a.s.",2020-06-17,,,
2020,16192656,1000.0,PO,dar,27499031,DSK stavebniny  s.r.o.,2020-09-14,,,
2020,16192656,30000.0,PO,dar,3629988,Dynamic Products s.r.o.,2020-08-13,,,
2020,16192656,0.0,PO,dar,27212599,Dystan s.r.o.,2020-09-01,,,
2020,16192656,0.0,PO,dar,27212599,Dystan s.r.o.,2020-09-01,,,
2020,16192656,10000.0,PO,dar,2360641,EFIOS stavební s.r.o.,2020-10-01,,,
2020,16192656,20000.0,PO,dar,2359782,elektroben s.r.o.,2020-07-08,,,
2020,16192656,10000.0,PO,dar,46904786,"Elektromont - Hulín, s. r. o.",2020-06-11,,,
2020,16192656,30000.0,PO,dar,49096974,"ELNA Servis Počerady, s.r.o.",2020-03-18,,,
2020,16192656,20000.0,PO,dar,60748303,ELSO system spol. s r.o.,2020-07-20,,,
2020,16192656,20000.0,PO,dar,27263207,"EP Consult, s.r.o.",2020-06-17,,,
2020,16192656,0.0,PO,dar,28711319,EUC Klinika Liberec s.r.o.,2020-09-29,,,
2020,16192656,0.0,PO,dar,28567161,EuroFertil CZ a.s.,2020-09-24,,,
2020,16192656,100000.0,PO,dar,2877155,FINAL KOM s.r.o.,2020-09-02,,,
2020,16192656,10000.0,PO,dar,27676633,FINECOBUS s.r.o.,2020-09-23,,,
2020,16192656,0.0,PO,dar,43499538,"FK Kameničky, z.s.",2020-09-21,,,
2020,16192656,10000.0,PO,dar,4416287,Flagis s.r.o.,2020-06-22,,,
2020,16192656,250000.0,PO,dar,28751655,"Frýdlantské strojírny - TR, s.r.o.",2020-06-06,,,
2020,16192656,0.0,PO,dar,8417067,Galerie Hradisko s.r.o.,2020-08-26,,,
2020,16192656,100000.0,PO,dar,28148258,GARANTSTAV stavební Strakonice s.r.o.,2020-06-03,,,
2020,16192656,50000.0,PO,dar,42340187,"GASTON, s.r.o.",2020-08-18,,,
2020,16192656,0.0,PO,dar,3853748,Gastro limited s.r.o.,2020-08-26,,,
2020,16192656,0.0,PO,dar,60322284,HAVLÍK OPAL spol. s r.o.,2020-09-22,,,
2020,16192656,135000.0,PO,dar,5684871,HP STAV - Jan Perout s.r.o.,2020-09-27,,,
2020,16192656,0.0,PO,dar,26069351,HS Auto Staněk s.r.o.,2020-09-21,,,
2020,16192656,40000.0,PO,dar,25387880,HSH Stav s.r.o.,2020-01-29,,,
2020,16192656,60000.0,PO,dar,6975381,Chlazení Nečas s. r. o.,2020-01-27,,,
2020,16192656,30000.0,PO,dar,2096293,I. MVM s.r.o.,2020-06-12,,,
2020,16192656,50000.0,PO,dar,46346040,ICOM transport a.s.,2020-03-11,,,
2020,16192656,0.0,PO,dar,46346040,ICOM transport a.s.,2020-09-17,,,
2020,16192656,0.0,PO,dar,46346040,ICOM transport a.s.,2020-06-18,,,
2020,16192656,100000.0,PO,dar,26353164,INTERWILD s.r.o.,2020-08-06,,,
2020,16192656,0.0,PO,dar,28541405,"INVICTI Investment Management, a.s.",2020-09-25,,,
2020,16192656,5000.0,PO,dar,27751732,iOcomp.cz s. r. o.,2020-10-05,,,
2020,16192656,20000.0,PO,dar,27751732,iOcomp.cz s. r. o.,2020-01-22,,,
2020,16192656,100000.0,PO,dar,6848869,ISP Legal & Technologies s.r.o.,2020-06-03,,,
2020,16192656,40000.0,PO,dar,6848869,ISP Legal & Technologies s.r.o.,2020-06-08,,,
2020,16192656,3000.0,PO,dar,6848869,ISP Legal & Technologies s.r.o.,2020-12-14,,,
2020,16192656,50000.0,PO,dar,25594575,IVF Czech Republic s.r.o.,2020-08-18,,,
2020,16192656,40000.0,PO,dar,3017745,IZOFO MAXX s.r.o.,2020-05-26,,,
2020,16192656,0.0,PO,dar,47285338,IZOS s.r.o.,2020-09-26,,,
2020,16192656,0.0,PO,dar,47285338,IZOS s.r.o.,2020-09-26,,,
2020,16192656,500000.0,PO,dar,25003976,IZU s.r.o.,2020-08-14,,,
2020,16192656,0.0,PO,dar,28557280,"Jablonec 2010, z.s.",2020-09-24,,,
2020,16192656,24000.0,PO,dar,28557280,"Jablonec 2010, z.s.",2020-04-29,,,
2020,16192656,50000.0,PO,dar,28557280,"Jablonec 2010, z.s.",2020-04-29,,,
2020,16192656,50000.0,PO,dar,7732902,JAKUB Litoměřice s.r.o.,2020-06-12,,,
2020,16192656,10000.0,PO,dar,8757721,Jede práce! s.r.o.,2020-07-02,,,
2020,16192656,0.0,PO,dar,28228316,JEŽ – kamenické práce spol. s r.o.,2020-08-24,,,
2020,16192656,25000.0,PO,dar,27918076,JON.CZ s.r.o.,2020-06-02,,,
2020,16192656,40000.0,PO,dar,6568459,JPPK projekt s. r. o.,2020-01-28,,,
2020,16192656,9500.0,PO,dar,29277965,"KALA TRANS, s.r.o.",2020-06-18,,,
2020,16192656,5000.0,PO,dar,64888207,Karel Benda,2020-09-09,,,
2020,16192656,100000.0,PO,dar,8243158,KAREL BENDL - OLH s.r.o.,2020-05-26,,,
2020,16192656,100000.0,PO,dar,25084267,"KARTA GROUP, a.s.",2020-09-17,,,
2020,16192656,50000.0,PO,dar,46973982,KASKO spol. s r.o.,2020-07-27,,,
2020,16192656,100000.0,PO,dar,46508465,KASPER KOVO s.r.o.,2020-08-20,,,
2020,16192656,300000.0,PO,dar,442704,KDU-ČSL,2020-07-17,,,
2020,16192656,30000.0,PO,dar,15526691,"KDZ, spol. s r. o.",2020-02-26,,,
2020,16192656,20000.0,PO,dar,60748044,"KKS-SERVIS, spol. s r.o.",2020-06-10,,,
2020,16192656,50000.0,PO,dar,42340802,"KKS, spol. sr.o.",2020-07-20,,,
2020,16192656,200000.0,PO,dar,27754642,KLIMONT GLOBAL s.r.o.,2020-07-23,,,
2020,16192656,50000.0,PO,dar,539996,Klub angažovaných nestraníků,2020-09-08,,,
2020,16192656,50000.0,PO,dar,46683046,Kočí holding a.s.,2020-06-11,,,
2020,16192656,100000.0,PO,dar,15271960,Konzervativní strana,2020-09-25,,,
2020,16192656,100000.0,PO,dar,15271960,Konzervativní strana,2020-07-05,,,
2020,16192656,0.0,PO,dar,27962857,Kopeckého pramen a.s.,2020-09-23,,,
2020,16192656,100000.0,PO,dar,44266740,"Koruna Česká (monarchistická strana Čech, Moravy a Slezska)",2020-08-19,,,
2020,16192656,30000.0,PO,dar,26315726,Kovo Kasejovice Mont s.r.o.,2020-07-13,,,
2020,16192656,0.0,PO,dar,27726347,"KOVOLINE, s.r.o.",2020-09-18,,,
2020,16192656,40000.0,PO,dar,25323172,"Kratochvíl parket profi, s.r.o.",2020-02-10,,,
2020,16192656,0.0,PO,dar,25289152,Kudláček Waldek Körber Consulting s.r.o.,2020-09-23,,,
2020,16192656,0.0,PO,dar,47284587,L E M E R   s.r.o.,2020-09-25,,,
2020,16192656,10000.0,PO,dar,64087883,LAZAM uničovská stavební s. r. o.,2020-08-17,,,
2020,16192656,30000.0,PO,dar,28266269,LB STONE s.r.o.,2020-06-11,,,
2020,16192656,0.0,PO,dar,29090300,Léčebné lázně Konstantinovy lázně a.s.,2020-09-23,,,
2020,16192656,150000.0,PO,dar,24714780,"LED Advertising, s.r.o.",2020-07-28,,,
2020,16192656,10000.0,PO,dar,5852579,"LENOX INDUSTRY, a.s.",2020-05-06,,,
2020,16192656,16000.0,PO,dar,71443606,Liberálně ekologická strana,2020-07-15,,,
2020,16192656,8000.0,PO,dar,71443606,Liberálně ekologická strana,2020-10-05,,,
2020,16192656,43000.0,PO,dar,28520734,"M.K. trade systems, s.r.o.",2020-10-15,,,
2020,16192656,16000.0,PO,dar,28520734,"M.K. trade systems, s.r.o.",2020-07-02,,,
2020,16192656,10000.0,PO,dar,43964095,M&V spol. s r.o.,2020-09-15,,,
2020,16192656,30000.0,PO,dar,27156745,MADAPA s.r.o.,2020-06-30,,,
2020,16192656,0.0,PO,dar,28476841,MALABOT s.r.o.,2020-09-18,,,
2020,16192656,0.0,PO,dar,28476841,MALABOT s.r.o.,2020-09-18,,,
2020,16192656,50000.0,PO,dar,25237349,MASO WEST s.r.o.,2020-09-23,,,
2020,16192656,30000.0,PO,dar,25947672,MATRIX a.s.,2020-09-23,,,
2020,16192656,80000.0,PO,dar,25535391,MCS plus spol. s. r. o.,2020-01-22,,,
2020,16192656,0.0,PO,dar,25210521,MEDPRIM s.r.o.,2020-09-23,,,
2020,16192656,210000.0,PO,dar,24738123,MELVIA TRADE s.r.o.,2020-06-01,,,
2020,16192656,40000.0,PO,dar,60705795,"MG Credit, s.r.o.",2020-05-27,,,
2020,16192656,5000.0,PO,dar,5949939,"Mgr. Karel Bůna, Účetní kancelář, s.r.o.",2020-09-10,,,
2020,16192656,0.0,PO,dar,10397558,Miroslava Lazarová ELBIS cestovní kancelář,2020-09-25,,,
2020,16192656,50000.0,PO,dar,10397558,Miroslava Lazarová ELBIS cestovní kancelář,2020-06-24,,,
2020,16192656,5000.0,PO,dar,27862585,MM - 2 spol. s r.o.,2020-09-09,,,
2020,16192656,30000.0,PO,dar,27670864,mmcité 1 a.s.,2020-08-13,,,
2020,16192656,4000.0,PO,dar,28566505,"MONEL - LÁNO, s.r.o.",2020-09-01,,,
2020,16192656,15000.0,PO,dar,47909358,"MPL TRADING, spol. s r.o.",2020-07-29,,,
2020,16192656,0.0,PO,dar,27211193,MPMP s.r.o.,2020-09-29,,,
2020,16192656,0.0,PO,dar,26079798,MV1 s.r.o.,2020-09-10,,,
2020,16192656,0.0,PO,dar,60281740,MWD s.r.o.,2020-09-27,,,
2020,16192656,0.0,PO,dar,24770370,NAVARAFOTO s.r.o.,2020-07-17,,,
2020,16192656,150000.0,PO,dar,3009629,NEEL Company s.r.o.,2020-08-24,,,
2020,16192656,40000.0,PO,dar,28592026,NEJLEPŠÍ ADRESA a.s.,2020-09-15,,,
2020,16192656,0.0,PO,dar,26818281,Nemo - Development s.r.o.,2020-09-17,,,
2020,16192656,0.0,PO,dar,26818281,Nemo - Development s.r.o.,2020-09-17,,,
2020,16192656,150000.0,PO,dar,27642232,Nemocniční logistika a.s.,2020-02-05,,,
2020,16192656,70000.0,PO,dar,27248941,NO OFFICE s.r.o.,2020-08-05,,,
2020,16192656,0.0,PO,dar,46710922,"O S E X   Ž A T E C , společnost s ručením omezeným",2020-09-26,,,
2020,16192656,0.0,PO,dar,46710922,"O S E X   Ž A T E C , společnost s ručením omezeným",2020-09-26,,,
2020,16192656,0.0,PO,dar,5621763,Obchodní centrum LUNA s.r.o.,2020-09-23,,,
2020,16192656,50000.0,PO,dar,25519760,OKNOSERVIS s.r.o.,2020-07-27,,,
2020,16192656,15000.0,PO,dar,2838486,"OMNIA ENERGO, s.r.o.",2020-05-06,,,
2020,16192656,400000.0,PO,dar,3349489,"Omnia Invest Group, spol. s r.o.",2020-09-27,,,
2020,16192656,0.0,PO,dar,3349489,"Omnia Invest Group, spol. s r.o.",2020-08-07,,,
2020,16192656,30000.0,PO,dar,13643959,Optima spol. s r.o.,2020-09-13,,,
2020,16192656,0.0,PO,dar,13643959,Optima spol. s r.o.,2020-09-22,,,
2020,16192656,30000.0,PO,dar,18239081,"ORI, spol. s r.o.",2020-08-28,,,
2020,16192656,0.0,PO,dar,71443215,Ostravak,2020-09-24,,,
2020,16192656,30000.0,PO,dar,25182889,Paltop s.r.o.,2020-08-28,,,
2020,16192656,0.0,PO,dar,49970933,PAPÍRNY BRNO a.s.,2020-09-17,,,
2020,16192656,50000.0,PO,dar,26118963,"PASSERINVEST GROUP, a.s.",2020-06-22,,,
2020,16192656,50000.0,PO,dar,1635948,PBE SERVICES s.r.o.,2020-02-24,,,
2020,16192656,0.0,PO,dar,25784684,"PEARS HEALTH CYBER, s.r.o.",2020-09-16,,,
2020,16192656,15000.0,PO,dar,43960651,Pekařství ILLÍK spol. s.r.o.,2020-02-24,,,
2020,16192656,5000.0,PO,dar,64888339,Petr Hreus,2020-09-09,,,
2020,16192656,16675.0,PO,dar,6601791,Petr Sameš s.r.o.,2020-12-09,,,
2020,16192656,8000.0,PO,dar,24798941,"Pflaument Investment, s.r.o.",2020-09-15,,,
2020,16192656,30000.0,PO,dar,5241979,"Pho Brno, s.r.o.",2020-01-27,,,
2020,16192656,0.0,PO,dar,28629957,"Pionýrů 683, bytové družstvo",2020-09-16,,,
2020,16192656,0.0,PO,dar,22799125,Pivo ZLoun s.r.o.,2020-09-27,,,
2020,16192656,0.0,PO,dar,22799125,Pivo ZLoun s.r.o.,2020-09-27,,,
2020,16192656,25000.0,PO,dar,29445591,"Plus Med dva, s.r.o",2020-05-18,,,
2020,16192656,0.0,PO,dar,5621739,"Plzeňka 2017, s.r.o.",2020-09-23,,,
2020,16192656,0.0,PO,dar,18627072,"PMM, spol. s r. o.",2020-09-27,,,
2020,16192656,0.0,PO,dar,6113095,Pneucentrum Slaný s.r.o.,2020-09-22,,,
2020,16192656,250000.0,PO,dar,47116013,Poirot a.s.,2020-07-27,,,
2020,16192656,250000.0,PO,dar,47116013,Poirot a.s.,2020-07-29,,,
2020,16192656,0.0,PO,dar,49192779,"Poliklinika Plzeň Doubravka, s.r.o.",2020-09-23,,,
2020,16192656,0.0,PO,dar,1744216,"Pravý břeh, z.s.",2020-09-24,,,
2020,16192656,50000.0,PO,dar,26227631,"PRIMA BILAVČÍK, s.r.o.",2020-07-27,,,
2020,16192656,0.0,PO,dar,71443509,PRO Zdraví a Sport,2020-02-24,,,
2020,16192656,50000.0,PO,dar,25471406,"PRO-AQUA CZ, s.r.o.",2020-09-09,,,
2020,16192656,40000.0,PO,dar,25883623,PRO-LOGIK s r.o.,2020-05-18,,,
2020,16192656,0.0,PO,dar,27763081,PROFIAUTO - MZU s.r.o,2020-08-10,,,
2020,16192656,5000.0,PO,dar,22773100,Progres Group s.r.o.,2020-04-07,,,
2020,16192656,0.0,PO,dar,22773100,Progres Group s.r.o.,2020-09-26,,,
2020,16192656,10000.0,PO,dar,49550748,"PRONA - SLUŽBY KLadno, s.r.o.",2020-10-06,,,
2020,16192656,20000.0,PO,dar,49550748,"PRONA - SLUŽBY KLadno, s.r.o.",2020-11-10,,,
2020,16192656,0.0,PO,dar,25411632,PROTON K s.r.o.,2020-05-27,,,
2020,16192656,20000.0,PO,dar,25343891,"PS Slovácko, spol. s r.o.",2020-08-07,,,
2020,16192656,20000.0,PO,dar,5042020,PSG Construction a.s.,2020-08-24,,,
2020,16192656,15000.0,PO,dar,26769166,Quick Office s.r.o.,2020-11-26,,,
2020,16192656,21780.0,PO,dar,49611399,R - KONZULT spol. s r.o.,2020-09-24,,,
2020,16192656,10000.0,PO,dar,26296039,R. Hlavica s.r.o.,2020-06-29,,,
2020,16192656,25000.0,PO,dar,27756203,"Ray Service, a.s.",2020-07-28,,,
2020,16192656,20000.0,PO,dar,26843820,RAYNET s.r.o.,2020-09-23,,,
2020,16192656,0.0,PO,dar,7136684,RC BAU stavební činnost s.r.o.,2020-07-29,,,
2020,16192656,10000.0,PO,dar,2992752,RD domy nízkoenergetické s.r.o.,2020-06-26,,,
2020,16192656,0.0,PO,dar,6136541,Real shop CZ s.r.o.,2020-09-17,,,
2020,16192656,0.0,PO,dar,6136541,Real shop CZ s.r.o.,2020-09-17,,,
2020,16192656,0.0,PO,dar,4926021,REKLAMA DAMM CZ s.r.o.,2020-10-06,,,
2020,16192656,10000.0,PO,dar,61975192,"REKUMAT Warmeprozesstechnik ČR, spol.s.r.o.",2020-02-24,,,
2020,16192656,0.0,PO,dar,29215331,"REPROSERVIS CZ, s.r.o.",2020-08-18,,,
2020,16192656,15000.0,PO,dar,25786946,RIA REALITY a.s.,2020-08-12,,,
2020,16192656,20000.0,PO,dar,26238616,RIS-MONT s.r.o.,2020-06-10,,,
2020,16192656,30000.0,PO,dar,26841959,RKinox s.r.o.,2020-09-06,,,
2020,16192656,0.0,PO,dar,7360240,RP Jitřenka,2020-09-23,,,
2020,16192656,0.0,PO,dar,60319305,"RT TORAX, s.r.o.",2020-09-24,,,
2020,16192656,0.0,PO,dar,60319305,"RT TORAX, s.r.o.",2020-09-24,,,
2020,16192656,10000.0,PO,dar,27633748,RTB Czech s.r.o.,2020-05-05,,,
2020,16192656,3000.0,PO,dar,24845973,Running Cashflow s.r.o.,2020-05-28,,,
2020,16192656,0.0,PO,dar,25170619,RUPO s.r.o.,2020-09-16,,,
2020,16192656,0.0,PO,dar,25170619,RUPO s.r.o.,2020-09-16,,,
2020,16192656,0.0,PO,dar,25563521,Rux spol. s r.o.,2020-07-27,,,
2020,16192656,10000.0,PO,dar,3081222,RWT Projekt s.r.o.,2020-09-11,,,
2020,16192656,500000.0,PO,dar,41503589,SATOS Prostějov a.s.,2020-02-26,,,
2020,16192656,10000.0,PO,dar,25373951,SATUM CZECH s.r.o.,2020-02-24,,,
2020,16192656,0.0,PO,dar,24119865,"SC Eden Beroun, s.r.o.",2020-08-31,,,
2020,16192656,0.0,PO,dar,24214817,SCILLA s.r.o.,2020-09-25,,,
2020,16192656,250000.0,PO,dar,4223853,SDR Praha a.s.,2020-07-27,,,
2020,16192656,250000.0,PO,dar,4223853,SDR Praha a.s.,2020-07-29,,,
2020,16192656,155000.0,PO,dar,4223853,SDR Praha a.s.,2020-11-04,,,
2020,16192656,0.0,PO,dar,28668898,Severočeský Metropol a.s.,2020-05-25,,,
2020,16192656,5000.0,PO,dar,4816021,SIGNIFY production s.r.o.,2020-12-10,,,
2020,16192656,20000.0,PO,dar,49970020,"Silamo, s.r.o.",2020-07-08,,,
2020,16192656,0.0,PO,dar,26856140,SILGOR a.s.,2020-08-04,,,
2020,16192656,200000.0,PO,dar,25261282,"SILNICE ČÁSLAV - HOLDING, a.s.",2020-09-04,,,
2020,16192656,0.0,PO,dar,27040968,"SK Brná, z.s.",2020-09-27,,,
2020,16192656,20000.0,PO,dar,8018049,Sky Away Resort s.r.o.,2020-08-25,,,
2020,16192656,30000.0,PO,dar,42339839,SMO a.s.,2020-11-24,,,
2020,16192656,10000.0,PO,dar,28435630,SOCIIS HH s.r.o.,2020-02-27,,,
2020,16192656,150000.0,PO,dar,25857282,"SOPAT CZ, s.r.o.",2020-01-22,,,
2020,16192656,150000.0,PO,dar,25857282,"SOPAT CZ, s.r.o.",2020-01-22,,,
2020,16192656,2500000.0,PO,dar,9509071,Spolek pro podporu liberální demokracie ČR,2020-12-09,,,
2020,16192656,0.0,PO,dar,26974487,Sprintel s.r.o.,2020-08-26,,,
2020,16192656,30000.0,PO,dar,5413702,Staform UH s.r.o.,2020-07-21,,,
2020,16192656,50000.0,PO,dar,42228468,STAKO společnost s ručením omezeným,2020-09-10,,,
2020,16192656,50000.0,PO,dar,42228468,STAKO společnost s ručením omezeným,2020-07-14,,,
2020,16192656,0.0,PO,dar,26673908,Starostové a nezávislí,2020-09-29,,,
2020,16192656,56250.0,PO,dar,26673908,Starostové a nezávislí,2020-11-30,,,
2020,16192656,56250.0,PO,dar,26673908,Starostové a nezávislí,2020-11-30,,,
2020,16192656,56250.0,PO,dar,26673908,Starostové a nezávislí,2020-11-30,,,
2020,16192656,200000.0,PO,dar,71443444,Starostové pro občany,2020-04-17,,,
2020,16192656,27000.0,PO,dar,71443444,Starostové pro občany,2020-12-03,,,
2020,16192656,10000.0,PO,dar,64619036,"Stavby,opravy a údržba silnic s.r.o.",2020-06-17,,,
2020,16192656,100000.0,PO,dar,71339655,Strana soukromníků České republiky,2020-09-08,,,
2020,16192656,200000.0,PO,dar,71339655,Strana soukromníků České republiky,2020-08-20,,,
2020,16192656,0.0,PO,dar,26350416,"STYLE PD, s.r.o.",2020-09-23,,,
2020,16192656,250000.0,PO,dar,28180534,"Styrogroup, a.s.",2020-01-30,,,
2020,16192656,100000.0,PO,dar,28180534,"Styrogroup, a.s.",2020-07-02,,,
2020,16192656,0.0,PO,dar,47976969,SULKO s. r. o.,2020-09-18,,,
2020,16192656,170000.0,PO,dar,24201286,SUPERBERRY s.r.o.,2020-07-15,,,
2020,16192656,0.0,PO,dar,28086660,SUPPORT PROJECT s.r.o.,2020-09-17,,,
2020,16192656,100000.0,PO,dar,25324942,SVÍTIL PLUS s.r.o.,2020-01-13,,,
2020,16192656,0.0,PO,dar,71339612,Svobodní,2020-09-24,,,
2020,16192656,0.0,PO,dar,45349088,"T.G., a.s.",2020-09-23,,,
2020,16192656,35000.0,PO,dar,4857674,Tabmont s.r.o.,2020-07-30,,,
2020,16192656,50000.0,PO,dar,29144680,Tax protectione s.r.o,2020-07-20,,,
2020,16192656,0.0,PO,dar,561916,"Tělovýchovná jednota Ostrava, Golf course Šilheřovice",2020-08-13,,,
2020,16192656,0.0,PO,dar,45213364,"TĚLOVÝCHOVNÁ JEDNOTA SOKOL VĚROVANY, SPOLEK",2020-07-03,,,
2020,16192656,0.0,PO,dar,41324595,"Tenisový klub Louny, z.s.",2020-08-13,,,
2020,16192656,0.0,PO,dar,41324595,"Tenisový klub Louny, z.s.",2020-09-26,,,
2020,16192656,5000.0,PO,dar,28050304,Three P section s.r.o.,2020-09-09,,,
2020,16192656,0.0,PO,dar,22826611,TK PRECHEZA Přerov z.s.,2020-09-25,,,
2020,16192656,0.0,PO,dar,22826611,TK PRECHEZA Přerov z.s.,2020-09-25,,,
2020,16192656,10000.0,PO,dar,48399477,"TM Stav,spol.s.r.o.",2020-07-22,,,
2020,16192656,30000.0,PO,dar,18152813,"Toma, a. s.",2020-06-11,,,
2020,16192656,0.0,PO,dar,26879441,"Tomáš Goláň, daňová kancelář s.r.o.",2020-03-23,,,
2020,16192656,0.0,PO,dar,28571282,Toom interier s.r.o.,2020-09-22,,,
2020,16192656,0.0,PO,dar,28571282,Toom interier s.r.o.,2020-09-22,,,
2020,16192656,56250.0,PO,dar,71339728,TOP 09,2020-12-22,,,
2020,16192656,56250.0,PO,dar,71339728,TOP 09,2020-11-10,,,
2020,16192656,56250.0,PO,dar,71339728,TOP 09,2020-11-10,,,
2020,16192656,56250.0,PO,dar,71339728,TOP 09,2020-11-10,,,
2020,16192656,0.0,PO,dar,71339728,TOP 09,2020-09-26,,,
2020,16192656,0.0,PO,dar,71339728,TOP 09,2020-09-26,,,
2020,16192656,0.0,PO,dar,71339728,TOP 09,2020-09-26,,,
2020,16192656,0.0,PO,dar,71339728,TOP 09,2020-09-26,,,
2020,16192656,0.0,PO,dar,71339728,TOP 09,2020-09-26,,,
2020,16192656,0.0,PO,dar,71339728,TOP 09,2020-09-26,,,
2020,16192656,0.0,PO,dar,26403226,TOP TANK s.r.o.,2020-09-25,,,
2020,16192656,0.0,PO,dar,3746143,TOPKOLO s.r.o.,2020-09-24,,,
2020,16192656,10000.0,PO,dar,25312871,TOPNATUR s. r. o.,2020-06-10,,,
2020,16192656,50000.0,PO,dar,24231576,"Traxial, a.s.",2020-07-31,,,
2020,16192656,200000.0,PO,dar,61466123,Trigema a.s.,2020-07-29,,,
2020,16192656,0.0,PO,dar,8000034,Truffino s.r.o.,2020-09-03,,,
2020,16192656,50000.0,PO,dar,4934482,Truhlářství Za farou s.r.o.,2020-08-20,,,
2020,16192656,20000.0,PO,dar,26252937,"TVD-Technická výroba, a.s.",2020-09-18,,,
2020,16192656,30000.0,PO,dar,28039858,TWC s.r.o.,2020-09-11,,,
2020,16192656,0.0,PO,dar,6090290,"UHLÍ PÍSKY ČERT, s.r.o.",2020-08-31,,,
2020,16192656,50000.0,PO,dar,6090290,"UHLÍ PÍSKY ČERT, s.r.o.",2020-08-03,,,
2020,16192656,30000.0,PO,dar,26230381,UNIMARCO a.s.,2020-09-15,,,
2020,16192656,50000.0,PO,dar,49971328,"UNIOB, spol. s r.o.",2020-10-21,,,
2020,16192656,20000.0,PO,dar,27802221,"UNNI Trading, s.r.o.",2020-07-13,,,
2020,16192656,50000.0,PO,dar,49060392,V.H.S.H.  s.r.o.,2020-09-07,,,
2020,16192656,0.0,PO,dar,40230678,V.H.V. s.r.o.,2020-09-26,,,
2020,16192656,0.0,PO,dar,40230678,V.H.V. s.r.o.,2020-09-26,,,
2020,16192656,10000.0,PO,dar,25559672,"VALVE CONTROL, s.r.o.",2020-06-24,,,
2020,16192656,10000.0,PO,dar,25857541,"VAST TERCIA, spol. s.r.o.",2020-10-01,,,
2020,16192656,50000.0,PO,dar,2464471,VHST s.r.o.,2020-04-23,,,
2020,16192656,40000.0,PO,dar,26906741,VIA ALTA a.s.,2020-05-28,,,
2020,16192656,5000.0,PO,dar,4923766,Via SPORT s. r. o.,2020-03-04,,,
2020,16192656,0.0,PO,dar,4923766,Via SPORT s. r. o.,2020-03-04,,,
2020,16192656,0.0,PO,dar,4923766,Via SPORT s. r. o.,2020-05-27,,,
2020,16192656,100000.0,PO,dar,27933407,VIZIA a.s.,2020-08-10,,,
2020,16192656,0.0,PO,dar,27098613,VLTAVA INVEST a.s.,2020-09-08,,,
2020,16192656,100000.0,PO,dar,27394361,VMS projekt s.r.o.,2020-07-28,,,
2020,16192656,20000.0,PO,dar,27394361,VMS projekt s.r.o.,2020-07-28,,,
2020,16192656,50000.0,PO,dar,27504514,VODA CZ spol.s.r.o.,2020-03-03,,,
2020,16192656,0.0,PO,dar,3916537,VS Point s.r.o.,2020-09-24,,,
2020,16192656,0.0,PO,dar,71443355,Východočeši,2020-09-29,,,
2020,16192656,0.0,PO,dar,26026627,VYSOČINA AUTO GROUP a.s.,2020-03-06,,,
2020,16192656,70000.0,PO,dar,29249376,"VYŠKOVSKÁ TV, S.R.O",2020-01-15,,,
2020,16192656,0.0,PO,dar,6017592,WASH&CAFE s.r.o.,2020-09-26,,,
2020,16192656,0.0,PO,dar,28622928,WTC Písečná s.r.o.,2020-08-11,,,
2020,16192656,250000.0,PO,dar,28622928,WTC Písečná s.r.o.,2020-05-18,,,
2020,16192656,5000.0,PO,dar,3691632,"Zdeněk Šatran, s.r.o.",2020-09-19,,,
2020,16192656,20000.0,PO,dar,28688651,ZEPS s.r.o,2020-05-27,,,
2020,16192656,50000.0,PO,dar,46972501,ZEVOS a.s.,2020-08-07,,,
2020,16192656,80000.0,PO,dar,26018055,Znakon a.s.,2020-05-20,,,
2020,16192656,0.0,PO,dar,26967324,ZYXO a.s.,2020-09-23,,,
2020,71339698,600.0,PO,dar,26327422,ABCROS s.r.o.,2020-04-20,,,
2020,71339698,20000.0,PO,dar,28090403,Bohemiasoft s.r.o.,2020-06-24,,,
2020,71339698,200.0,PO,dar,24206113,CDAP s.r.o.,2020-11-30,,,
2020,71339698,30000.0,PO,dar,7536721,Edukai s.r.o.,2020-10-04,,,
2020,71339698,5000.0,PO,dar,45686726,Elektro Koudela,2020-08-03,,,
2020,71339698,0.0,PO,dar,25675826,"ERFLEX, a.s.",2020-08-07,,,
2020,71339698,300.0,PO,dar,3861864,Fotograf Jan Pech,2020-10-02,,,
2020,71339698,-413.0,PO,dar,4235452,Global Payments s.r.o.,2020-08-31,,,
2020,71339698,-11913.0,PO,dar,4235452,Global Payments s.r.o.,2020-09-30,,,
2020,71339698,-1644.0,PO,dar,4235452,Global Payments s.r.o.,2020-10-31,,,
2020,71339698,-1018.0,PO,dar,4235452,Global Payments s.r.o.,2020-11-30,,,
2020,71339698,-1077.0,PO,dar,4235452,Global Payments s.r.o.,2020-12-31,,,
2020,71339698,5000.0,PO,dar,27436535,"HAPPY HOUSE RENTALS, s.r.o.",2020-10-27,,,
2020,71339698,0.0,PO,dar,26659573,hkfree.org z.s.,,,,
2020,71339698,56250.0,PO,dar,27039145,Hnutí pro Prahu 11,2020-06-05,,,
2020,71339698,56250.0,PO,dar,27039145,Hnutí pro Prahu 11,2020-08-11,,,
2020,71339698,112500.0,PO,dar,27039145,Hnutí pro Prahu 11,2020-12-01,,,
2020,71339698,0.0,PO,dar,25048694,Inzertpress s.r.o.,2020-08-12,,,
2020,71339698,0.0,PO,dar,25048694,Inzertpress s.r.o.,2020-08-27,,,
2020,71339698,0.0,PO,dar,88389197,Jakub Pešek,2020-09-17,,,
2020,71339698,300.0,PO,dar,728977,Jakub Žoha,2020-10-30,,,
2020,71339698,300.0,PO,dar,71619879,Ján Říha,2020-09-11,,,
2020,71339698,500.0,PO,dar,87199386,"JUDr. Josef Krysl, advokát",2020-09-10,,,
2020,71339698,4275.0,PO,dar,442704,KDU-ČSL,2020-04-20,,,
2020,71339698,4275.0,PO,dar,442704,KDU-ČSL,2020-07-22,,,
2020,71339698,4275.0,PO,dar,442704,KDU-ČSL,2020-10-08,,,
2020,71339698,4275.0,PO,dar,442704,KDU-ČSL,2020-12-18,,,
2020,71339698,0.0,PO,dar,7481900,Konopný táta s.r.o.,2020-09-01,,,
2020,71339698,0.0,PO,dar,24724025,"Legal Publishing, s.r.o.",2020-07-30,,,
2020,71339698,0.0,PO,dar,24724025,"Legal Publishing, s.r.o.",2020-05-30,,,
2020,71339698,0.0,PO,dar,24724025,"Legal Publishing, s.r.o.",2020-05-30,,,
2020,71339698,0.0,PO,dar,44409168,Leoš Jindra,2020-11-05,,,
2020,71339698,0.0,PO,dar,45313351,"MAFRA, a.s.",2020-09-29,,,
2020,71339698,0.0,PO,dar,45313351,"MAFRA, a.s.",2020-09-07,,,
2020,71339698,0.0,PO,dar,45313351,"MAFRA, a.s.",2020-09-29,,,
2020,71339698,0.0,PO,dar,45313351,"MAFRA, a.s.",2020-09-04,,,
2020,71339698,200.0,PO,dar,88905128,Marek Musil,2020-10-01,,,
2020,71339698,10000.0,PO,dar,4349300,MeldaProduction s.r.o.,2020-09-21,,,
2020,71339698,5000.0,PO,dar,47535199,"MIH, spol. s r.o.",2020-09-29,,,
2020,71339698,1000.0,PO,dar,6286003,Montáže Mocek s.r.o.,2020-09-06,,,
2020,71339698,125000.0,PO,dar,6695205,Politické hnutí SENÁTOR 21,2020-01-21,,,
2020,71339698,1000.0,PO,dar,24836214,Premium Capital s.r.o.,2020-09-10,,,
2020,71339698,0.0,PO,dar,17047234,Railreklam spol.s.r.o.,2020-04-27,,,
2020,71339698,0.0,PO,dar,17047234,Railreklam spol.s.r.o.,2020-08-17,,,
2020,71339698,0.0,PO,dar,17047234,Railreklam spol.s.r.o.,2020-08-20,,,
2020,71339698,0.0,PO,dar,17047234,Railreklam spol.s.r.o.,2020-06-16,,,
2020,71339698,0.0,PO,dar,17047234,Railreklam spol.s.r.o.,2020-06-16,,,
2020,71339698,0.0,PO,dar,17047234,Railreklam spol.s.r.o.,2020-09-23,,,
2020,71339698,0.0,PO,dar,17047234,Railreklam spol.s.r.o.,2020-08-20,,,
2020,71339698,0.0,PO,dar,26211548,REDRA s.r.o,2020-06-01,,,
2020,71339698,0.0,PO,dar,27846717,Regionální vydavatelství s.r.o.,2020-07-02,,,
2020,71339698,0.0,PO,dar,27846717,Regionální vydavatelství s.r.o.,2020-08-14,,,
2020,71339698,300.0,PO,dar,2413604,Reissig holding s.r.o.,2020-09-08,,,
2020,71339698,100000.0,PO,dar,24708712,ROAD to INTEREST s.r.o.,2020-07-24,,,
2020,71339698,200000.0,PO,dar,24708712,ROAD to INTEREST s.r.o.,2020-07-24,,,
2020,71339698,0.0,PO,dar,24708712,ROAD to INTEREST s.r.o.,2020-04-01,,,
2020,71339698,0.0,PO,dar,27525937,SAVAGE COMPANY s.r.o.,2020-09-11,,,
2020,71339698,0.0,PO,dar,26168685,"Seznam.cz, a.s.",2020-09-17,,,
2020,71339698,10000.0,PO,dar,8018049,Sky Away Resort s.r.o.,2020-08-25,,,
2020,71339698,2500000.0,PO,dar,9509071,Spolek pro podporu liberální demokracie ČR,2020-12-28,,,
2020,71339698,0.0,PO,dar,26673908,Starostové a nezávislí,2020-09-29,,,
2020,71339698,0.0,PO,dar,26673908,Starostové a nezávislí,2020-09-29,,,
2020,71339698,0.0,PO,dar,26673908,Starostové a nezávislí,2020-09-29,,,
2020,71339698,0.0,PO,dar,26673908,Starostové a nezávislí,2020-09-29,,,
2020,71339698,0.0,PO,dar,26673908,Starostové a nezávislí,2020-09-29,,,
2020,71339698,0.0,PO,dar,26673908,Starostové a nezávislí,2020-09-29,,,
2020,71339698,0.0,PO,dar,26673908,Starostové a nezávislí,2020-09-29,,,
2020,71339698,0.0,PO,dar,26673908,Starostové a nezávislí,2020-09-29,,,
2020,71339698,0.0,PO,dar,26673908,Starostové a nezávislí,2020-09-29,,,
2020,71339698,0.0,PO,dar,26673908,Starostové a nezávislí,2020-09-29,,,
2020,71339698,850000.0,PO,dar,26673908,Starostové a nezávislí,2020-04-30,,,
2020,71339698,0.0,PO,dar,26673908,Starostové a nezávislí,2020-09-29,,,
2020,71339698,150000.0,PO,dar,26673908,Starostové a nezávislí,2020-07-21,,,
2020,71339698,0.0,PO,dar,26673908,Starostové a nezávislí,2020-09-29,,,
2020,71339698,0.0,PO,dar,26673908,Starostové a nezávislí,2020-09-29,,,
2020,71339698,0.0,PO,dar,26673908,Starostové a nezávislí,2020-09-29,,,
2020,71339698,0.0,PO,dar,26673908,Starostové a nezávislí,2020-09-29,,,
2020,71339698,62500.0,PO,dar,409740,Strana zelených,2020-02-05,,,
2020,71339698,62500.0,PO,dar,409740,Strana zelených,2020-07-02,,,
2020,71339698,200.0,PO,dar,27545571,Studio Animato s. r. o.,2020-09-05,,,
2020,71339698,500.0,PO,dar,27545571,Studio Animato s. r. o.,2020-11-12,,,
2020,71339698,500.0,PO,dar,27545571,Studio Animato s. r. o.,2020-12-12,,,
2020,71339698,0.0,PO,dar,63483793,Terris,2020-09-15,,,
2020,71339698,0.0,PO,dar,63483793,Terris,2020-09-15,,,
2020,71339698,0.0,PO,dar,25885839,Tiskárna Grafico s.r.o.,2020-08-27,,,
2020,71339698,0.0,PO,dar,28847229,TN Média s.r.o.,2020-09-04,,,
2020,71339698,0.0,PO,dar,1440578,Vltava Labe Media a.s.,2020-06-14,,,
2020,71339698,0.0,PO,dar,1440578,Vltava Labe Media a.s.,2020-05-06,,,
2020,71339698,0.0,PO,dar,1440578,Vltava Labe Media a.s.,2020-05-11,,,
2020,71339698,0.0,PO,dar,1440578,Vltava Labe Media a.s.,2020-07-29,,,
2020,71339698,0.0,PO,dar,1440578,Vltava Labe Media a.s.,2020-09-22,,,
2020,71339698,0.0,PO,dar,1440578,Vltava Labe Media a.s.,2020-07-03,,,
2020,71339698,0.0,PO,dar,1440578,Vltava Labe Media a.s.,2020-08-24,,,
2020,71339698,0.0,PO,dar,1440578,Vltava Labe Media a.s.,2020-09-17,,,
2020,71339698,2000.0,PO,dar,25528262,WebStep s.r.o.,2020-02-17,,,
2020,71339698,4200.0,PO,dar,25528262,WebStep s.r.o.,2020-07-15,,,
2020,71339698,500000.0,PO,dar,26384957,Webtip s.r.o.,2020-06-09,,,
2020,71339698,500000.0,PO,dar,26384957,Webtip s.r.o.,2020-08-17,,,
2020,71339698,500000.0,PO,dar,26384957,Webtip s.r.o.,2020-09-24,,,
2020,71339698,400000.0,PO,dar,26384957,Webtip s.r.o.,2020-10-06,,,
2020,71339698,571000.0,PO,dar,26384957,Webtip s.r.o.,2020-11-19,,,
2020,71339698,480.0,PO,dar,49777513,Západočeská univerzita v Plzni,2020-02-17,,,
2020,71339698,480.0,PO,dar,49777513,Západočeská univerzita v Plzni,2020-02-17,,,
2020,71339698,20000.0,PO,dar,9222138,Zelená voda s.r.o.,2020-10-02,,,
2020,00409171,50000.0,PO,dar,26501074,ALBARDILLA,2020-08-14,,,
2020,00409171,40000.0,PO,dar,8790566,APA Pejcha s.r.o.,2020-09-24,,,
2020,00409171,50000.0,PO,dar,73488798,Bc. David Šťastný,2020-08-27,,,
2020,00409171,25000.0,PO,dar,60849657,ČEVAK s.r.o.,2020-08-11,,,
2020,00409171,50000.0,PO,dar,60318104,Delta Army s.r.o.,2020-06-03,,,
2020,00409171,25000.0,PO,dar,2989026,Galenica Medical.s.r.o.,2020-09-10,,,
2020,00409171,100000.0,PO,dar,4449665,HiKO MP Trade s.r.o.,2020-05-22,,,
2020,00409171,350000.0,PO,dar,87251124,Ing. Václav Pekárek,2020-08-11,,,
2020,00409171,75000.0,PO,dar,26356872,KERAMIKA SOUKUP a.s.,2020-03-26,,,
2020,00409171,75000.0,PO,dar,26393743,LONGEVITA SENIO s.r.o.,2020-05-29,,,
2020,00409171,30000.0,PO,dar,7140738,MUDr. Kajnarova s.r.o.,2020-09-17,,,
2020,00409171,50000.0,PO,dar,28334744,"MUDr. Trubák, s.r.o.",,,,
2020,00409171,20000.0,PO,dar,63471906,Octárna s.r.o.,2020-11-20,,,
2020,00409171,150000.0,PO,dar,27430774,ROBSTAV k.s.,2020-03-24,,,
2020,00409171,75000.0,PO,dar,26316196,Sdružení plzeňských obkladačů s.r.o.,2020-03-26,,,
2020,00409171,50000.0,PO,dar,7286074,START INSURANCE GROUP s.r.o.,2020-10-08,,,
2020,00409171,100000.0,PO,dar,7286074,START INSURANCE GROUP s.r.o.,2020-11-10,,,
2020,00409171,100000.0,PO,dar,409740,Strana zelených,2020-06-26,,,
2020,00409171,140000.0,PO,dar,409740,Strana zelených,2020-06-29,,,
2020,00409171,420000.0,PO,dar,409740,Strana zelených,2020-08-03,,,
2020,00409171,140000.0,PO,dar,409740,Strana zelených,2020-09-01,,,
2020,00409171,20000.0,PO,dar,409740,Strana zelených,2020-09-25,,,
2020,00409171,75000.0,PO,dar,45354871,SUPTel-DISK s.r.o.,2020-06-03,,,
2020,00409171,40000.0,PO,dar,29267960,SVOBODA - stavby s.r.o.,2020-10-05,,,
2020,00409171,300000.0,PO,dar,26956071,"Tvrdý , spol. s.r.o.",2020-09-16,,,
2020,00409171,15000.0,PO,dar,1916297,VYZNAČ s.r.o.,2020-10-01,,,
2020,00409171,15000.0,PO,dar,1916297,VYZNAČ s.r.o.,2020-10-01,,,
2020,00409171,50000.0,PO,dar,107999,ZD Krásná Hora nad Vltavou s.r.o.,2020-09-22,,,
2020,26673908,350000.0,PO,dar,29264383,"3E system, s.r.o.",2020-10-16,,,
2020,26673908,20000.0,PO,dar,28849795,"A.M.M. Accounting, s.r.o.",2020-09-22,,,
2020,26673908,40000.0,PO,dar,47306378,ACR DESIGN s.r.o.,2020-10-08,,,
2020,26673908,0.0,PO,dar,28513576,Agra Petrovice s.r.o.,2020-09-02,,,
2020,26673908,0.0,PO,dar,62501836,AGRO ČEJETICE s.r.o.,2020-09-15,,,
2020,26673908,25000.0,PO,dar,62501836,AGRO ČEJETICE s.r.o.,,,,
2020,26673908,0.0,PO,dar,49450867,Agro DU s.r.o.,2020-09-21,,,
2020,26673908,0.0,PO,dar,26796481,AHOS CZ,2020-09-01,,,
2020,26673908,500000.0,PO,dar,27221121,ALPINE Logistik a.s.,2020-06-29,,,
2020,26673908,0.0,PO,dar,62062891,Antik Jelínek s.r.o.,2020-09-11,,,
2020,26673908,20000.0,PO,dar,27333841,AQ SPOL s.r.o.,2020-06-23,,,
2020,26673908,0.0,PO,dar,28947509,ARALDO s.r.o.,2020-09-06,,,
2020,26673908,200000.0,PO,dar,28239351,ARCO F.P.S. Pexidr s.r.o.,2020-01-27,,,
2020,26673908,100000.0,PO,dar,46900942,"ARIMEX Zlín, spol.s r.o.",2020-09-17,,,
2020,26673908,0.0,PO,dar,27860671,ARRIVBAU s.r.o.,2020-09-16,,,
2020,26673908,100000.0,PO,dar,24846503,Auto Patron s.r.o.,2020-12-29,,,
2020,26673908,100000.0,PO,dar,24846503,Auto Patron s.r.o.,2020-12-29,,,
2020,26673908,0.0,PO,dar,28135903,AUTO ZÁBRANA s.r.o.,2020-09-05,,,
2020,26673908,0.0,PO,dar,26947480,Belli Miroslav s.r.o.,2020-09-01,,,
2020,26673908,0.0,PO,dar,41938658,Berger beton s.r.o.,2020-09-25,,,
2020,26673908,0.0,PO,dar,4578830,BIO GALATÍK s.r.o.,2020-09-02,,,
2020,26673908,0.0,PO,dar,49062557,Bluetech s.r.o.,2020-09-01,,,
2020,26673908,0.0,PO,dar,49062557,Bluetech s.r.o.,2020-09-02,,,
2020,26673908,40000.0,PO,dar,49062557,Bluetech s.r.o.,2020-08-18,,,
2020,26673908,350000.0,PO,dar,27558568,BPSA s.r.o.,2020-10-08,,,
2020,26673908,300000.0,PO,dar,25059611,Brista s.r.o.,2020-11-23,,,
2020,26673908,0.0,PO,dar,45357889,Brusivo spol. s r.o.,2020-09-23,,,
2020,26673908,75000.0,PO,dar,27440150,Budějovická Alej s.r.o.,2020-12-09,,,
2020,26673908,0.0,PO,dar,7754604,Bydlení Telč s.r.o.,2020-09-17,,,
2020,26673908,60000.0,PO,dar,26185181,C.E.R. Consulting,2020-10-21,,,
2020,26673908,25000.0,PO,dar,60849657,ČEVAK a.s.,2020-08-05,,,
2020,26673908,25000.0,PO,dar,60849657,ČEVAK a.s.,,,,
2020,26673908,0.0,PO,dar,28391683,"D-cinema, s.r.o.",2020-09-05,,,
2020,26673908,90000.0,PO,dar,60193352,"DBK Praha, a.s.",2020-10-21,,,
2020,26673908,0.0,PO,dar,49240188,DEKRA CZ a.s.,,,,
2020,26673908,250000.0,PO,dar,24309672,Diversa s.r.o.,2020-09-21,,,
2020,26673908,250000.0,PO,dar,24309672,Diversa s.r.o.,2020-09-25,,,
2020,26673908,0.0,PO,dar,25200631,Domažlický stavební podnik s. r. o.,2020-09-23,,,
2020,26673908,0.0,PO,dar,15054055,Dremo spol. s r.o.,2020-09-07,,,
2020,26673908,10000.0,PO,dar,15054055,Dremo spol. s r.o.,2020-09-25,,,
2020,26673908,10000.0,PO,dar,15054055,Dremo spol. s r.o.,2020-06-04,,,
2020,26673908,0.0,PO,dar,26005638,"DŘEVOVÝROBA - PELIKÁN, s.r.o.",2020-09-11,,,
2020,26673908,40000.0,PO,dar,27432912,"East Building, s.r.o",2020-10-20,,,
2020,26673908,0.0,PO,dar,15049558,ELEKTROVASURY společnost s ručením omezeným,2020-09-04,,,
2020,26673908,60000.0,PO,dar,6222358,"Employee selection, s.r.o.",2020-12-30,,,
2020,26673908,0.0,PO,dar,26758296,ESpol s.r.o.,,,,
2020,26673908,0.0,PO,dar,27552519,EUROCZECH services s.r.o.,2020-09-19,,,
2020,26673908,0.0,PO,dar,49702092,"EuWe Eugen Wexler ČR, s.r.o.",2020-09-23,,,
2020,26673908,50000.0,PO,dar,25710486,"EXAFIN ONE, S.R.O.",2020-07-14,,,
2020,26673908,50000.0,PO,dar,25710486,"EXAFIN ONE, S.R.O.",2020-10-01,,,
2020,26673908,0.0,PO,dar,3691195,EXVEX s.r.o.,2020-08-17,,,
2020,26673908,0.0,PO,dar,63111349,Farnost Povýšení svatého Kříže,,,,
2020,26673908,500000.0,PO,dar,8244499,FastMedic s.r.o.,2020-07-21,,,
2020,26673908,0.0,PO,dar,7205651,FK Neratovice-Byškovice s.r.o.,2020-09-07,,,
2020,26673908,0.0,PO,dar,28645782,FunGolf s.r.o.,2020-09-01,,,
2020,26673908,0.0,PO,dar,25518585,G 3 s.r.o.,2020-09-02,,,
2020,26673908,0.0,PO,dar,76323722,Gabriela Vaciková,2020-09-05,,,
2020,26673908,0.0,PO,dar,25918885,"GASTRO Pardubice, s.r.o.",2020-09-11,,,
2020,26673908,18000.0,PO,dar,27688119,Geemat a.s.,2020-09-14,,,
2020,26673908,50000.0,PO,dar,26471221,GLACIS FORTE a.s.,2020-10-21,,,
2020,26673908,200000.0,PO,dar,18559778,Glasspol spol. s r.o.,2020-08-18,,,
2020,26673908,200000.0,PO,dar,22798625,GREEN TRADE CZ s.r.o.,2020-02-18,,,
2020,26673908,20000.0,PO,dar,25069420,Greensoft,2020-07-16,,,
2020,26673908,0.0,PO,dar,25263366,Grund a.s.,2020-09-01,,,
2020,26673908,0.0,PO,dar,28861094,"Háta, o.p.s.",2020-09-02,,,
2020,26673908,0.0,PO,dar,43223168,HET spol.s.r.o.,2020-09-21,,,
2020,26673908,25000.0,PO,dar,25321765,Hitl s.r.o.,2020-04-28,,,
2020,26673908,0.0,PO,dar,25852060,Horimex cars s.r.o.,2020-09-04,,,
2020,26673908,0.0,PO,dar,26603276,"Hrnky s sebou, z.s",2020-09-08,,,
2020,26673908,90000.0,PO,dar,25746839,"HUMBLE, a.s.",2020-10-20,,,
2020,26673908,10000.0,PO,dar,3648257,Chirurgická a onkologická ambulance Rakovník s.r.o.,2020-10-07,,,
2020,26673908,50000.0,PO,dar,46346040,ICOM transport a.s.,2020-09-29,,,
2020,26673908,0.0,PO,dar,29272319,IMK Trade s.r.o.,2020-09-09,,,
2020,26673908,0.0,PO,dar,49313835,Ing. Jiří Zedníček,2020-09-20,,,
2020,26673908,1000.0,PO,dar,28279263,INTERCONTI Ing.Tomáš Bravený s.r.o.,2020-11-30,,,
2020,26673908,0.0,PO,dar,528692,INTEX v.d.,2020-09-19,,,
2020,26673908,6000.0,PO,dar,46507272,"Isolit-Bravo, spol. s r.o.",2020-08-28,,,
2020,26673908,0.0,PO,dar,67749488,Jaromír Maťák,2020-09-14,,,
2020,26673908,0.0,PO,dar,32131,"Jednota, spotřební družstvo Hlinsko",,,,
2020,26673908,0.0,PO,dar,32131,"Jednota, spotřební družstvo Hlinsko",,,,
2020,26673908,0.0,PO,dar,32166,"Jednota, spotřební družstvo v Pardubicích- COOP",,,,
2020,26673908,0.0,PO,dar,63485435,JIPA BAUER s.r.o.,2020-09-03,,,
2020,26673908,0.0,PO,dar,74738101,John Peter Spence,2020-09-14,,,
2020,26673908,0.0,PO,dar,10499458,JOSEF DUBEC,2020-09-04,,,
2020,26673908,30000.0,PO,dar,4915712,"JUBAR PLUS CZ, spol.s.r.o.",2020-09-23,,,
2020,26673908,150000.0,PO,dar,6700233,Kardiologie MUDr. Lubomír Pollák s.r.o.,2020-11-24,,,
2020,26673908,0.0,PO,dar,70903409,"KČT, odbor Horal Ústí nad Orlicí",2020-09-07,,,
2020,26673908,375000.0,PO,dar,442704,KDU-ČSL,2020-06-23,,,
2020,26673908,8409.5,PO,dar,442704,KDU-ČSL,2020-10-15,,,
2020,26673908,187500.0,PO,dar,442704,KDU-ČSL,2020-09-02,,,
2020,26673908,187500.0,PO,dar,442704,KDU-ČSL,2020-10-06,,,
2020,26673908,0.0,PO,dar,28085604,KEROUŠ s.r.o.,2020-09-05,,,
2020,26673908,400000.0,PO,dar,25018663,"KJZ, spol. s r.o.",2020-02-21,,,
2020,26673908,0.0,PO,dar,32212,KONZUM obchodní družstvo Ústí nad Orlicí,,,,
2020,26673908,0.0,PO,dar,25578936,Kovář plus s.r.o.,2020-09-01,,,
2020,26673908,0.0,PO,dar,29012091,Krby Polách s.r.o.,2020-09-20,,,
2020,26673908,0.0,PO,dar,7854919,LaCasa Vysoké Mýto s.r.o.,,,,
2020,26673908,0.0,PO,dar,61686352,Ladislav Trinkl,2020-09-14,,,
2020,26673908,0.0,PO,dar,24207560,LEKER s. r. o.,2020-09-21,,,
2020,26673908,10000.0,PO,dar,25646257,"Lesy Sever, s.r.o.",2020-05-11,,,
2020,26673908,0.0,PO,dar,28702611,"Linea podlahy, s.r.o.",2020-09-01,,,
2020,26673908,0.0,PO,dar,507709,Lokomotiva Rakovník,2020-09-16,,,
2020,26673908,1500000.0,PO,dar,46357351,Lučební závody Draslovka a.s. Kolín,2020-07-24,,,
2020,26673908,0.0,PO,dar,2778068,Lukjar s.r.o.,2020-09-10,,,
2020,26673908,0.0,PO,dar,9438645,"Lysá nás spojuje, z.s.",2020-09-15,,,
2020,26673908,0.0,PO,dar,25547283,Masařík s.r.o,2020-09-01,,,
2020,26673908,0.0,PO,dar,27013570,"Mateřské centrum Andílci, z.s.",2020-09-25,,,
2020,26673908,700000.0,PO,dar,6317260,Medical Advice s.r.o.,2020-05-11,,,
2020,26673908,60000.0,PO,dar,61538213,METALL QUATRO s.r.o.,2020-07-14,,,
2020,26673908,0.0,PO,dar,14451115,Metropolitní kapitula u sv. Víta v Praze,2020-09-21,,,
2020,26673908,0.0,PO,dar,1298691,Michaela Boudová,2020-09-01,,,
2020,26673908,0.0,PO,dar,46446222,Miroslav Seďa,2020-09-02,,,
2020,26673908,0.0,PO,dar,27475891,"MISservice, s.r.o.",2020-09-01,,,
2020,26673908,0.0,PO,dar,3899772,mlynbezpravi.cz s.r.o,2020-09-02,,,
2020,26673908,0.0,PO,dar,22718751,Mlýnský ostrov s.r.o.,2020-09-20,,,
2020,26673908,500000.0,PO,dar,3706133,"MMC - Moravia Marketing Company, s.r.o.",2020-01-27,,,
2020,26673908,10000.0,PO,dar,19012128,MOBAL s.r.o.,2020-08-03,,,
2020,26673908,0.0,PO,dar,25953087,MONTÁŽE Šolta s.r.o.,2020-09-02,,,
2020,26673908,20000.0,PO,dar,3997286,MVEX stavby s.r.o.,2020-09-24,,,
2020,26673908,0.0,PO,dar,49815415,N+N spol. s r.o.,2020-09-04,,,
2020,26673908,0.0,PO,dar,49815415,N+N spol. s r.o.,2020-09-04,,,
2020,26673908,500000.0,PO,dar,71339779,Nový impuls,2020-07-30,,,
2020,26673908,0.0,PO,dar,25325973,"NTS Prometal Machining, s.r.o.",2020-09-02,,,
2020,26673908,0.0,PO,dar,3099598,Občané patrioti,2020-09-15,,,
2020,26673908,0.0,PO,dar,26998921,"Občané pro Medlánky, z.s.",2020-09-01,,,
2020,26673908,33750.0,PO,dar,16192656,Občanská demokratická strana,2020-12-17,,,
2020,26673908,0.0,PO,dar,45536899,OHGS s.r.o.,2020-08-12,,,
2020,26673908,0.0,PO,dar,45536899,OHGS s.r.o.,2020-08-19,,,
2020,26673908,0.0,PO,dar,45536899,OHGS s.r.o.,2020-09-09,,,
2020,26673908,0.0,PO,dar,28383265,OK TRADE full service s.r.o.,2020-08-31,,,
2020,26673908,0.0,PO,dar,62027409,OPL spol. s r.o.,2020-09-12,,,
2020,26673908,0.0,PO,dar,25619900,"Oplet 2l, s.r.o",2020-09-04,,,
2020,26673908,0.0,PO,dar,5215617,P&P Traffic Academy s.r.o.,2020-08-24,,,
2020,26673908,0.0,PO,dar,3920381,Pavel Cipra,2020-09-14,,,
2020,26673908,0.0,PO,dar,63496453,pc - schneider s.r.o.,2020-09-21,,,
2020,26673908,0.0,PO,dar,26187167,Permak s. r. o.,2020-09-21,,,
2020,26673908,0.0,PO,dar,1771426,Pletiva Dobrý a Urbánek s.r.o.,2020-09-09,,,
2020,26673908,0.0,PO,dar,25019465,PNEU SOUKUP s.r.o.,,,,
2020,26673908,0.0,PO,dar,27185966,"Podrbrdská lesní a.s.,",2020-08-30,,,
2020,26673908,0.0,PO,dar,18230547,PRAVES s. r. o.,2020-09-23,,,
2020,26673908,100000.0,PO,dar,46885251,PRIVAMED a.s.,2020-09-08,,,
2020,26673908,0.0,PO,dar,26397943,PRIVAMED Healthia s.r.o.,2020-09-10,,,
2020,26673908,0.0,PO,dar,28216539,REDIHEND s.r.o.,2020-09-25,,,
2020,26673908,10000.0,PO,dar,4872657,Remarkplast group a.s.,2020-06-25,,,
2020,26673908,150000.0,PO,dar,1758039,REZEK Group a.s.,2020-07-30,,,
2020,26673908,0.0,PO,dar,25425374,"RITAS, s.r.o.",,,,
2020,26673908,50000.0,PO,dar,27594092,"RV hifi, s.r.o.",2020-12-22,,,
2020,26673908,0.0,PO,dar,43751113,Římskokatolická farnost Čelákovice,2020-09-18,,,
2020,26673908,20000.0,PO,dar,15528383,"Sinclair Global Group, s.r.o.",2020-05-12,,,
2020,26673908,0.0,PO,dar,42730121,SK Petrovice z.s.,2020-09-02,,,
2020,26673908,0.0,PO,dar,43499082,"SK Rváčov, z.s.",,,,
2020,26673908,100000.0,PO,dar,70869553,SNK-ED,2020-07-15,,,
2020,26673908,30000.0,PO,dar,70869553,SNK-ED,2020-09-14,,,
2020,26673908,0.0,PO,dar,16735749,Sokol Merklín,2020-09-17,,,
2020,26673908,0.0,PO,dar,48847020,Sokol Veselí n. Mor,2020-09-21,,,
2020,26673908,0.0,PO,dar,473057,"SPEL, a.s.",,,,
2020,26673908,1300000.0,PO,dar,26595940,Spojení demokraté - Sdružení nezávislých,,,,
2020,26673908,350000.0,PO,dar,26595940,Spojení demokraté - Sdružení nezávislých,2020-09-25,,,
2020,26673908,0.0,PO,dar,27597121,Společenství vlastníků č. 573,2020-09-08,,,
2020,26673908,2500000.0,PO,dar,9509071,Spolek po podporu liberální demokracie ČR,2020-12-23,,,
2020,26673908,0.0,PO,dar,47899263,Sportland Babylon - Strážovice - Jiří Nedvěd,2020-09-21,,,
2020,26673908,0.0,PO,dar,22756337,Sportovní Centrum Nové Strašecí z. s.,2020-09-07,,,
2020,26673908,0.0,PO,dar,47005246,Sportovní klub Černošice,2020-09-05,,,
2020,26673908,0.0,PO,dar,42941733,"Sportovní klub Selmice, z.s.",2020-09-04,,,
2020,26673908,10000.0,PO,dar,22824294,"Srdce Jesenického podhůří, z.s.",2020-10-02,,,
2020,26673908,0.0,PO,dar,25968203,Stafi Finalizace Staveb s.r.o.,2020-09-01,,,
2020,26673908,0.0,PO,dar,25159674,STAREKO CZ Písek s.r.o.,2020-09-03,,,
2020,26673908,0.0,PO,dar,71339485,Starostové pro Liberecký kraj,2020-09-29,,,
2020,26673908,5000.0,PO,dar,7617577,Stavby Buresch s.r.o.,2020-04-09,,,
2020,26673908,0.0,PO,dar,25934201,"STAVIMAT Matějíček, s.r.o.",2020-09-04,,,
2020,26673908,0.0,PO,dar,25935895,STAVIS Pardubice s.r.o.,2020-09-18,,,
2020,26673908,30000.0,PO,dar,1732838,Stavitelství-Háněl s.r.o.,2020-09-09,,,
2020,26673908,250000.0,PO,dar,71339655,Strana soukromníků ČR,2020-09-22,,,
2020,26673908,0.0,PO,dar,29228298,SYNPRO s.r.o.,2020-09-01,,,
2020,26673908,0.0,PO,dar,204382,"Šindler, důlní a stavební společnost s.r.o.",2020-09-15,,,
2020,26673908,0.0,PO,dar,48181978,Šmíd Václav,2020-09-02,,,
2020,26673908,20000.0,PO,dar,29127718,Šťastný asfalt,2020-06-25,,,
2020,26673908,0.0,PO,dar,61234699,Tělocvičná jednota Sokol Klášterec nad Orlicí,2020-09-11,,,
2020,26673908,0.0,PO,dar,15052451,Tělocvičná jednota Sokol Krouna,2020-09-04,,,
2020,26673908,0.0,PO,dar,529915,Tělocvičná jednota Sokol Přelouč,2020-09-02,,,
2020,26673908,0.0,PO,dar,529915,Tělocvičná jednota Sokol Přelouč,2020-09-02,,,
2020,26673908,0.0,PO,dar,478300,"Tělovýchovná jednota Přeštice, z. s.",2020-09-17,,,
2020,26673908,50000.0,PO,dar,5722284,"Tire machinery and engineering company, s.r.o.",2020-12-28,,,
2020,26673908,0.0,PO,dar,44941081,TJ Kunčičky,2020-09-01,,,
2020,26673908,0.0,PO,dar,47695021,TJ Litohlavy z.s.,2020-09-22,,,
2020,26673908,0.0,PO,dar,45669121,TJ Sokol Božice,2020-08-21,,,
2020,26673908,0.0,PO,dar,47695285,TJ Sokol Ejpovice z.s.,2020-09-22,,,
2020,26673908,0.0,PO,dar,48955191,TJ Sokol Počepice z.s.,2020-09-02,,,
2020,26673908,0.0,PO,dar,42660050,TJ TATRAN Rousínov,2020-09-21,,,
2020,26673908,0.0,PO,dar,4222202,To je konec s.r.o.,2020-08-24,,,
2020,26673908,0.0,PO,dar,3045692,TOP - STAV Přeštice s. r. o.,2020-09-17,,,
2020,26673908,56250.0,PO,dar,71339728,TOP 09,2020-05-11,,,
2020,26673908,56250.0,PO,dar,71339728,TOP 09,2020-07-13,,,
2020,26673908,56250.0,PO,dar,71339728,TOP 09,2020-10-30,,,
2020,26673908,0.0,PO,dar,71339728,TOP 09,,,,
2020,26673908,120000.0,PO,dar,71339728,TOP 09,2020-06-24,,,
2020,26673908,180000.0,PO,dar,71339728,TOP 09,2020-08-12,,,
2020,26673908,0.0,PO,dar,71339728,TOP 09,2020-09-01,,,
2020,26673908,0.0,PO,dar,71339728,TOP 09,2020-09-29,,,
2020,26673908,0.0,PO,dar,6723012,TOROFA s.r.o.,2020-09-11,,,
2020,26673908,0.0,PO,dar,27493750,Transferium s.r.o.,2020-09-01,,,
2020,26673908,300000.0,PO,dar,2941511,Tuwenty s.r.o.,2020-09-16,,,
2020,26673908,0.0,PO,dar,67945511,Van Du Nguyen Aneta,2020-09-25,,,
2020,26673908,100000.0,PO,dar,60706091,"VEPAK, s.r.o.",,,,
2020,26673908,0.0,PO,dar,46507833,VERTIKÁL CHRUDIM spol. s r. o.,2020-09-15,,,
2020,26673908,20000.0,PO,dar,3508684,"VHS PROJEKT, s.r.o.",2020-07-02,,,
2020,26673908,0.0,PO,dar,8855510,Vilém Hodouš,2020-09-15,,,
2020,26673908,0.0,PO,dar,60718463,Vinařství SPIELBERG,2020-09-21,,,
2020,26673908,0.0,PO,dar,48909769,Vinné sklepy Lechovice,2020-08-21,,,
2020,26673908,0.0,PO,dar,48909769,Vinné sklepy Lechovice,2020-08-21,,,
2020,26673908,0.0,PO,dar,25309030,"VOS zemědělců, a.s. Velké Opatovice",2020-08-19,,,
2020,26673908,0.0,PO,dar,27204235,Yabok,2020-09-08,,,
2020,26673908,0.0,PO,dar,27204235,Yabok,2020-09-08,,,
2020,26673908,300000.0,PO,dar,174939,Your System spol. s. r.o.,2020-09-17,,,
2020,26673908,0.0,PO,dar,2716701,Zahradnictví Litol s.r.o.,2020-09-12,,,
2020,26673908,0.0,PO,dar,169650,"Zbirovia, a. s.",2020-09-22,,,
2020,26673908,0.0,PO,dar,76646025,Zbyněk Dostál,2020-09-02,,,
2020,26673908,0.0,PO,dar,107999,ZD Krásná Hora,2020-08-30,,,
2020,26673908,0.0,PO,dar,113794,Zemědělské obchodní družstvo Němětice,2020-09-01,,,
2020,26673908,0.0,PO,dar,64771261,ZKO Žamberk - 497,2020-09-18,,,
2020,26673908,0.0,PO,dar,25223216,ZKS Zahořany,2020-09-20,,,
2020,71339612,600000.0,PO,dar,28185102,"Shimon Shabi, s. r. o.",,,,
2020,71339612,40000.0,PO,dar,71339655,Strana soukromníků,2020-08-31,,,
2020,71339728,0.0,PO,dar,25160508,"Agentura Dobrý den, s.r.o.",,,,
2020,71339728,15000.0,PO,dar,26738554,Akumulátory - Táborský s.r.o.,,,,
2020,71339728,0.0,PO,dar,25282077,AP stavby s.r.o.,,,,
2020,71339728,20000.0,PO,dar,15063852,ARGO spol. s r.o.,,,,
2020,71339728,25000.0,PO,dar,29365911,AZ Tender s.r.o.,,,,
2020,71339728,-25000.0,PO,dar,29365911,AZ Tender s.r.o.,,,,
2020,71339728,0.0,PO,dar,25090666,"BEKR nábytek, s.r.o.",,,,
2020,71339728,5000.0,PO,dar,28792289,BITTNER architects s.r.o.,,,,
2020,71339728,0.0,PO,dar,25935658,BOHEMIA SOLAR s.r.o.,,,,
2020,71339728,0.0,PO,dar,15049752,"BW - Stavitelství, s.r.o.",,,,
2020,71339728,0.0,PO,dar,27656535,Centrin CZ s.r.o.,,,,
2020,71339728,0.0,PO,dar,60850671,"Cime, s.r.o",,,,
2020,71339728,0.0,PO,dar,3662144,COLLOREDO CZ s.r.o.,,,,
2020,71339728,0.0,PO,dar,72027452,"Český svaz chovatelů, Krajské sdružení Královéhradeckého kraje",,,,
2020,71339728,3630.0,PO,dar,25792032,"DATECO,s.r.o.",,,,
2020,71339728,50000.0,PO,dar,25411721,"DC RELAX, s.r.o.",,,,
2020,71339728,15000.0,PO,dar,25361520,"Dopravní projektování, spol. s r.o.",,,,
2020,71339728,0.0,PO,dar,30619,"DŘEVOTVAR, výrobní družstvo Znojmo",,,,
2020,71339728,150000.0,PO,dar,3629988,Dynamic Products s.r.o.,,,,
2020,71339728,3000.0,PO,dar,28147391,ELZET DENTAL s.r.o.,,,,
2020,71339728,0.0,PO,dar,8255717,Eman a babka s.r.o.,,,,
2020,71339728,3000.0,PO,dar,27560015,ENVICONS s.r.o.,,,,
2020,71339728,0.0,PO,dar,26415046,Fellix s.r.o.,,,,
2020,71339728,20000.0,PO,dar,3514226,"Freebody, s.r.o.",,,,
2020,71339728,0.0,PO,dar,6722521,Fyzioterapie Cimfl s.r.o.,,,,
2020,71339728,0.0,PO,dar,6722521,Fyzioterapie Cimfl s.r.o.,,,,
2020,71339728,10000.0,PO,dar,29278716,G - MEDA s.r.o.,,,,
2020,71339728,0.0,PO,dar,9233229,Hnutí Idealisté,,,,
2020,71339728,169080.57,PO,dar,3204723,Hradecký demokratický klub,,,,
2020,71339728,80000.0,PO,dar,3204723,Hradecký demokratický klub,,,,
2020,71339728,10000.0,PO,dar,29195551,HT Partners s.r.o.,,,,
2020,71339728,0.0,PO,dar,26585588,"Chalupění, z.s.",,,,
2020,71339728,50000.0,PO,dar,1716581,INception s.r.o.,,,,
2020,71339728,0.0,PO,dar,2155745,Industrial Park CK s.r.o.,,,,
2020,71339728,0.0,PO,dar,27361004,INTEGRA REALITY s.r.o.,,,,
2020,71339728,20000.0,PO,dar,62966405,Intense Innovations s.r.o.,,,,
2020,71339728,10000.0,PO,dar,60703024,INTERFLEX s.r.o.,,,,
2020,71339728,0.0,PO,dar,29273781,K-Produkt Holding s.r.o.,,,,
2020,71339728,10000.0,PO,dar,25256394,KAMAT INVEST s.r.o.,,,,
2020,71339728,4736.0,PO,dar,442704,KDU-ČSL,,,,
2020,71339728,31250.0,PO,dar,442704,KDU-ČSL,,,,
2020,71339728,0.0,PO,dar,442704,KDU-ČSL,,,,
2020,71339728,10000.0,PO,dar,6872085,KH CONSULT s.r.o.,,,,
2020,71339728,0.0,PO,dar,22741551,"Klub Pálenka, z.s.",,,,
2020,71339728,17000.0,PO,dar,4659830,"KOPVER-Profi, s.r.o.",,,,
2020,71339728,0.0,PO,dar,28149122,Krakonošova cukrárna s.r.o.,,,,
2020,71339728,0.0,PO,dar,62956523,KVK Technology s.r.o.,,,,
2020,71339728,80000.0,PO,dar,27931161,LASVIT s.r.o.,,,,
2020,71339728,0.0,PO,dar,8565759,Lázeňská vila Stříbrný pramen s.r.o.,,,,
2020,71339728,0.0,PO,dar,71443606,Liberálně ekologická strana,,,,
2020,71339728,0.0,PO,dar,71443606,Liberálně ekologická strana,,,,
2020,71339728,0.0,PO,dar,25021974,LIC s.r.o.,,,,
2020,71339728,5000.0,PO,dar,26894556,"LIMARA Plus, s.r.o.",,,,
2020,71339728,0.0,PO,dar,25494538,"MADE IN CZECH, s.r.o.",,,,
2020,71339728,17500.0,PO,dar,24232831,Mark-M-Steel Profi s.r.o.,,,,
2020,71339728,0.0,PO,dar,24799424,"MB LABORATOŘ, s.r.o.",,,,
2020,71339728,30000.0,PO,dar,1404440,Mercius s.r.o.,,,,
2020,71339728,10000.0,PO,dar,26491516,"MGC servis, s.r.o.",,,,
2020,71339728,0.0,PO,dar,15030431,"Mlýn Choceň, spol. s r.o.",,,,
2020,71339728,3207.0,PO,dar,7027761,Moravské zemské hnutí,,,,
2020,71339728,0.0,PO,dar,64202003,Náboženská obec Církve československé husitské v Trutnově,,,,
2020,71339728,0.0,PO,dar,25920596,"NOVO NÁCHOD, s.r.o.",,,,
2020,71339728,0.0,PO,dar,16192656,Občanská demokratická strana,,,,
2020,71339728,0.0,PO,dar,16192656,Občanská demokratická strana,,,,
2020,71339728,257292.0,PO,dar,16192656,Občanská demokratická strana,,,,
2020,71339728,0.0,PO,dar,16192656,Občanská demokratická strana,,,,
2020,71339728,0.0,PO,dar,16192656,Občanská demokratická strana,,,,
2020,71339728,0.0,PO,dar,16192656,Občanská demokratická strana,,,,
2020,71339728,0.0,PO,dar,44026421,"OSP, spol. s r.o.",,,,
2020,71339728,0.0,PO,dar,62027107,"P R E S T O, spol. s r.o.",,,,
2020,71339728,0.0,PO,dar,46355332,PAPKA s.r.o.,,,,
2020,71339728,300000.0,PO,dar,26118963,"PASSERINVEST GROUP, a.s.",,,,
2020,71339728,0.0,PO,dar,26165201,Plakát s.r.o.,,,,
2020,71339728,0.0,PO,dar,60720981,PLASTIA s.r.o.,,,,
2020,71339728,0.0,PO,dar,47904216,"PNEU KAFKA, a.s.",,,,
2020,71339728,0.0,PO,dar,47541121,"PRORESTA, s.r.o.",,,,
2020,71339728,110000.0,PO,dar,6653821,"ProSolve, s.r.o.",,,,
2020,71339728,0.0,PO,dar,27549755,Prouzovi s.r.o.,,,,
2020,71339728,0.0,PO,dar,28825632,Rehatrutnov s.r.o.,,,,
2020,71339728,20000.0,PO,dar,28825632,Rehatrutnov s.r.o.,,,,
2020,71339728,30000.0,PO,dar,26968657,REISTAV CZ s.r.o.,,,,
2020,71339728,10000.0,PO,dar,25516183,REMAT LETOVICE s.r.o.,,,,
2020,71339728,0.0,PO,dar,4292898,RENIVA s.r.o.,,,,
2020,71339728,0.0,PO,dar,25320319,"RESTET, společnost s ručením omezeným",,,,
2020,71339728,0.0,PO,dar,25794973,"Roskar, s.r.o.",,,,
2020,71339728,20000.0,PO,dar,29448336,Sběrna druhotných surovin Lindovský s.r.o.,,,,
2020,71339728,10000.0,PO,dar,29448336,Sběrna druhotných surovin Lindovský s.r.o.,,,,
2020,71339728,0.0,PO,dar,26586860,"Sdružení pro Vízmburk, z.s.",,,,
2020,71339728,0.0,PO,dar,29240697,"SEDEA, s.r.o.",,,,
2020,71339728,50000.0,PO,dar,6695205,SENÁTOR 21,,,,
2020,71339728,0.0,PO,dar,25298046,"SKLOVITAL, spol. s r.o.",,,,
2020,71339728,0.0,PO,dar,25298046,"SKLOVITAL, spol. s r.o.",,,,
2020,71339728,10000.0,PO,dar,42197171,SKV s.r.o.,,,,
2020,71339728,75000.0,PO,dar,70869553,SNK Evropští demokraté,,,,
2020,71339728,0.0,PO,dar,28766318,Snowbear s.r.o.,,,,
2020,71339728,0.0,PO,dar,28782968,"Společenství vlastníků pro dům čp. 155, 638, Jiráskovo nám. Hradec Králové",,,,
2020,71339728,2500000.0,PO,dar,9509071,Spolek pro podporu liberální demokracie ČR,,,,
2020,71339728,0.0,PO,dar,47469897,"SPORT PROFI, spol. s r.o.",,,,
2020,71339728,0.0,PO,dar,26478064,"Squashové centrum Cibulka, s.r.o.",,,,
2020,71339728,10000.0,PO,dar,22824294,"Srdce Jesenického podhůří, z.s.",,,,
2020,71339728,0.0,PO,dar,26043076,"StaMPi, spol. s r.o.",,,,
2020,71339728,0.0,PO,dar,26673908,STAROSTOVÉ A NEZÁVISLÍ,,,,
2020,71339728,0.0,PO,dar,26673908,STAROSTOVÉ A NEZÁVISLÍ,,,,
2020,71339728,112500.0,PO,dar,26673908,STAROSTOVÉ A NEZÁVISLÍ,,,,
2020,71339728,112500.0,PO,dar,26673908,STAROSTOVÉ A NEZÁVISLÍ,,,,
2020,71339728,112500.0,PO,dar,26673908,STAROSTOVÉ A NEZÁVISLÍ,,,,
2020,71339728,133750.0,PO,dar,26673908,STAROSTOVÉ A NEZÁVISLÍ,,,,
2020,71339728,0.0,PO,dar,26673908,STAROSTOVÉ A NEZÁVISLÍ,,,,
2020,71339728,0.0,PO,dar,409740,Strana zelených,,,,
2020,71339728,0.0,PO,dar,47473207,Systém Komín s.r.o.,,,,
2020,71339728,0.0,PO,dar,60071206,"Škrobárny Pelhřimov, a.s.",,,,
2020,71339728,0.0,PO,dar,1603043,Tanvaldent s.r.o.,,,,
2020,71339728,0.0,PO,dar,26722810,Tedox s.r.o.,,,,
2020,71339728,0.0,PO,dar,26722810,Tedox s.r.o.,,,,
2020,71339728,0.0,PO,dar,61682918,"TESORT, spol. s r.o.",,,,
2020,71339728,0.0,PO,dar,61682918,"TESORT, spol. s r.o.",,,,
2020,71339728,0.0,PO,dar,49546112,Tiskárna Tria s.r.o.,,,,
2020,71339728,0.0,PO,dar,13586424,"TJ Sokol Havlovice, z.s.",,,,
2020,71339728,0.0,PO,dar,60826886,"Top Team, s.r.o",,,,
2020,71339728,45000.0,PO,dar,2464471,VHST s.r.o.,,,,
2020,71339728,0.0,PO,dar,47468564,Zemědělské družstvo Velké Svatoňovice,,,,
2020,71339728,0.0,PO,dar,25250132,ZETA a.s.,,,,
2020,71339728,0.0,PO,dar,7687419,Žacléřská prádelna s.r.o.,,,,
2020,71339728,50000.0,PO,dar,3136922,Žít Brno,,,,
2020,71339728,0.0,PO,dar,3136922,Žít Brno,,,,
2020,00409740,2000.0,PO,dar,3080994,Anna Hudská,2020-07-16,,,
2020,00409740,0.0,PO,dar,7344074,ART&AGRO,,,,
2020,00409740,30000.0,PO,dar,25948440,Asian Bridges s.r.o,2020-06-12,,,
2020,00409740,30000.0,PO,dar,25917129,Autocamp Sedmihorky v.o.s.,2020-09-15,,,
2020,00409740,2500.0,PO,dar,27186113,axioHM s.r.o.,2020-01-06,,,
2020,00409740,0.0,PO,dar,14704641,BKV Stavební společnost s. r. o.,,,,
2020,00409740,0.0,PO,dar,4248392,Breisky s.r.o.,,,,
2020,00409740,10000.0,PO,dar,46961968,D E A S s.r.o.,2020-06-01,,,
2020,00409740,10000.0,PO,dar,24217387,ENTERGEO SE,2020-07-14,,,
2020,00409740,20000.0,PO,dar,9112286,Good mask s.r.o.,2020-10-05,,,
2020,00409740,10000.0,PO,dar,9112286,Good mask s.r.o.,2020-06-03,,,
2020,00409740,11000.0,PO,dar,9233229,Hnutí Idealisté,2020-11-30,,,
2020,00409740,100000.0,PO,dar,9233229,Hnutí Idealisté,2020-10-02,,,
2020,00409740,56250.0,PO,dar,27039145,Hnutí pro Prahu 11,2020-06-05,,,
2020,00409740,56250.0,PO,dar,27039145,Hnutí pro Prahu 11,2020-08-11,,,
2020,00409740,112500.0,PO,dar,27039145,Hnutí pro Prahu 11,2020-11-29,,,
2020,00409740,500.0,PO,dar,24185566,Kardiologie Řevnice s.r.o.,2020-12-03,,,
2020,00409740,38925.0,PO,dar,442704,KDU-ČSL,2020-12-18,,,
2020,00409740,95416.0,PO,dar,442704,KDU-ČSL,2020-04-20,,,
2020,00409740,95416.0,PO,dar,442704,KDU-ČSL,2020-06-25,,,
2020,00409740,95416.0,PO,dar,442704,KDU-ČSL,2020-07-22,,,
2020,00409740,95416.0,PO,dar,442704,KDU-ČSL,2020-10-08,,,
2020,00409740,0.0,PO,dar,10369261,Miroslav Novák,,,,
2020,00409740,0.0,PO,dar,5322987,MY mk Make-up University,,,,
2020,00409740,10000.0,PO,dar,16912161,Pavel Křížek,2020-11-04,,,
2020,00409740,500.0,PO,dar,16912161,Pavel Křížek,2020-02-05,,,
2020,00409740,500.0,PO,dar,16912161,Pavel Křížek,2020-03-05,,,
2020,00409740,500.0,PO,dar,16912161,Pavel Křížek,2020-04-06,,,
2020,00409740,500.0,PO,dar,16912161,Pavel Křížek,2020-05-05,,,
2020,00409740,500.0,PO,dar,16912161,Pavel Křížek,2020-06-05,,,
2020,00409740,500.0,PO,dar,16912161,Pavel Křížek,2020-07-07,,,
2020,00409740,500.0,PO,dar,16912161,Pavel Křížek,2020-08-05,,,
2020,00409740,500.0,PO,dar,16912161,Pavel Křížek,2020-09-07,,,
2020,00409740,500.0,PO,dar,16912161,Pavel Křížek,2020-10-05,,,
2020,00409740,500.0,PO,dar,16912161,Pavel Křížek,2020-11-05,,,
2020,00409740,500.0,PO,dar,16912161,Pavel Křížek,2020-12-07,,,
2020,00409740,0.0,PO,dar,7990910,Petr Fojtíček,,,,
2020,00409740,0.0,PO,dar,6301011,SALOMA CZ s.r.o.,,,,
2020,00409740,200000.0,PO,dar,6695205,SENÁTOR 21,2020-09-07,,,
2020,00409740,75000.0,PO,dar,6695205,SENÁTOR 21,2020-09-07,,,
2020,00409740,30000.0,PO,dar,6695205,SENÁTOR 21,2020-09-07,,,
2020,00409740,112500.0,PO,dar,26673908,Starostové a nezávislí,2020-05-11,,,
2020,00409740,112500.0,PO,dar,26673908,Starostové a nezávislí,2020-08-12,,,
2020,00409740,112500.0,PO,dar,26673908,Starostové a nezávislí,2020-10-30,,,
2020,00409740,0.0,PO,dar,2820536,systemx.cz,,,,
2020,00409740,0.0,PO,dar,27685951,T-shock,,,,
2020,00409740,9076.0,PO,dar,71339728,TOP 09,2020-12-31,,,
2020,00409740,25000.0,PO,dar,71339728,TOP 09,2020-09-07,,,
2020,00409740,0.0,PO,dar,26403226,TOP TANK s.r.o,,,,
2020,00409740,0.0,PO,dar,26403226,TOP TANK s.r.o,,,,
2020,00409740,0.0,PO,dar,3136922,Žít Brno,,,,
2020,00409740,0.0,PO,dar,3136922,Žít Brno,,,,
2020,00409740,0.0,PO,dar,3136922,Žít Brno,,,,
2020,00409740,7000.0,PO,dar,27765946,Živnostenská projekční,2020-07-23,,,
2021,05402450,3000000.0,PO,dar,63080575,"ABF, a.s.",2021-12-27,,,
2021,05402450,120000.0,PO,dar,28498038,"Advokátní kancelář Belha, Vacíř & spol., s.r.o.",2021-09-07,,,
2021,05402450,150000.0,PO,dar,28498038,"Advokátní kancelář Belha, Vacíř & spol., s.r.o.",2021-08-26,,,
2021,05402450,150000.0,PO,dar,28312678,Českomoravská arbitrážní společnost s.r.o.,2021-11-11,,,
2021,05402450,250000.0,PO,dar,28312678,Českomoravská arbitrážní společnost s.r.o.,2021-11-10,,,
2021,05402450,250000.0,PO,dar,28312678,Českomoravská arbitrážní společnost s.r.o.,2021-11-10,,,
2021,05402450,750000.0,PO,dar,27182533,ERDEX a.s.,2021-12-17,,,
2021,05402450,500000.0,PO,dar,27207943,"F.R.C., a.s.",2021-12-21,,,
2021,05402450,250000.0,PO,dar,25725882,GORIS s.r.o.,2021-12-21,,,
2021,05402450,500000.0,PO,dar,6378862,Orpazchom s.r.o.,2021-12-22,,,
2021,05402450,500000.0,PO,dar,27906604,Pensum a.s.,2021-12-21,,,
2021,00496936,0.0,PO,dar,46991204,"Autokempink Břeclav, družstvo",2021-08-30,,,
2021,16192656,0.0,PO,dar,27531813,"""ABPLAST s.r.o.""",2021-09-24,,,
2021,16192656,30000.0,PO,dar,5731054,"""ALBAform s.r.o.""",2021-02-07,,,
2021,16192656,0.0,PO,dar,28350511,"""ALTAIR SOFTWARE s.r.o.""",2021-09-14,,,
2021,16192656,100000.0,PO,dar,1962205,"""APLACO a.s.""",2021-10-05,,,
2021,16192656,10000.0,PO,dar,49811711,"""ATS - servis, v.o.s.""",2021-09-13,,,
2021,16192656,108000.0,PO,dar,1990705,"""AVE FINANCE s.r.o.""",2021-05-03,,,
2021,16192656,0.0,PO,dar,1990705,"""AVE FINANCE s.r.o.""",2021-05-03,,,
2021,16192656,0.0,PO,dar,25620088,"""Aviplast, s.r.o.""",2021-10-01,,,
2021,16192656,50000.0,PO,dar,28402758,"""BAK stavební společnost a.s.""",2021-08-02,,,
2021,16192656,10000.0,PO,dar,3625834,"""BGA Trade CZ s.r.o""",2021-06-10,,,
2021,16192656,5000.0,PO,dar,9117091,"""Blažek a Bureš, advokátní kancelář s.r.o.""",2021-06-09,,,
2021,16192656,25000.0,PO,dar,28564804,"""Carroll & Dohnal, s.r.o.""",2021-11-15,,,
2021,16192656,0.0,PO,dar,28894618,"""Centrum Černý kůň s.r.o.""",2021-09-07,,,
2021,16192656,80000.0,PO,dar,48587991,"""CL Servis s.r.o.""",2021-04-29,,,
2021,16192656,0.0,PO,dar,27642763,"""CMS Consulting, s.r.o.""",2021-09-07,,,
2021,16192656,1000.0,PO,dar,8789461,"""COOLNA Z&M s.r.o.""",2021-10-18,,,
2021,16192656,20000.0,PO,dar,18382835,"""Corso, s.r.o.""",2021-08-24,,,
2021,16192656,10000.0,PO,dar,47125616,"""CORTEX, a.s.""",2021-10-01,,,
2021,16192656,0.0,PO,dar,60193441,"""ČSAD Benešov s.r.o.""",2021-08-20,,,
2021,16192656,0.0,PO,dar,60071109,"""ČSAD Jindřichův Hradec s.r.o.""",2021-08-20,,,
2021,16192656,0.0,PO,dar,60193425,"""ČSAD Slaný s.r.o.""",2021-08-20,,,
2021,16192656,0.0,PO,dar,60108851,"""ČSAD Ústí nad Orlicí, a.s.""",2021-08-20,,,
2021,16192656,10000.0,PO,dar,24246468,"""DEJSIBIO s.r.o.""",2021-06-09,,,
2021,16192656,20000.0,PO,dar,28625994,"""Distribuce detergentů, s.r.o.""",2021-11-01,,,
2021,16192656,200000.0,PO,dar,27904610,"""Dřevocentrum CZ, a.s.""",2021-06-23,,,
2021,16192656,74000.0,PO,dar,25591045,"""ELIZ s.r.o.""",2021-10-14,,,
2021,16192656,20000.0,PO,dar,27263207,"""EP Consult, s.r.o.""",2021-07-30,,,
2021,16192656,5000.0,PO,dar,29455260,"""EPO GEARMOT s.r.o.""",2021-10-21,,,
2021,16192656,0.0,PO,dar,9065644,"""ES Reality s.r.o.""",2021-09-29,,,
2021,16192656,20000.0,PO,dar,25414046,"""EUROSEAL a.s.""",2021-09-23,,,
2021,16192656,10000.0,PO,dar,26389789,"""Fermet s. r. o.""",2021-09-07,,,
2021,16192656,20000.0,PO,dar,45537135,"""FiftyFifty kreativní agentura s.r.o.""",2021-09-08,,,
2021,16192656,0.0,PO,dar,45537135,"""FiftyFifty kreativní agentura s.r.o.""",2021-09-27,,,
2021,16192656,0.0,PO,dar,45537135,"""FiftyFifty kreativní agentura s.r.o.""",2021-09-27,,,
2021,16192656,100000.0,PO,dar,2877155,"""FINAL KOM s.r.o.""",2021-12-23,,,
2021,16192656,5000.0,PO,dar,1722859,"""FiPeLak s.r.o., Šenov""",2021-08-03,,,
2021,16192656,50000.0,PO,dar,26483785,"""Genio s.r.o.""",2021-12-31,,,
2021,16192656,50000.0,PO,dar,27271633,"""Geoprint s.r.o.""",2021-08-30,,,
2021,16192656,100000.0,PO,dar,9172831,"""Gynekologie a porodnictví Doc. MUDr. Bohuslav Svoboda, CSc. s.r.o.""",2021-04-06,,,
2021,16192656,50000.0,PO,dar,25064461,"""Hans Wendel CZ s.r.o.""",2021-12-31,,,
2021,16192656,0.0,PO,dar,5684871,"""HP STAV - Jan Perout s.r.o.""",2021-10-03,,,
2021,16192656,2000.0,PO,dar,8645078,"""Hydroplan s.r.o.""",2021-09-28,,,
2021,16192656,0.0,PO,dar,25629883,"""IBS-ROKAL, s.r.o.""",2021-10-03,,,
2021,16192656,200000.0,PO,dar,46346040,"""ICOM transport, a.s.""",2021-08-06,,,
2021,16192656,0.0,PO,dar,46346040,"""ICOM transport, a.s.""",2021-08-20,,,
2021,16192656,10000.0,PO,dar,1492039,"""igloe SYSTEM s.r.o.""",2021-09-10,,,
2021,16192656,10000.0,PO,dar,27751732,"""iOcomp.cz s. r. o.""",2021-04-13,,,
2021,16192656,10000.0,PO,dar,3857182,"""ITea4you s.r.o.""",2021-04-14,,,
2021,16192656,23000.0,PO,dar,28557280,"""Jablonec 2010, z.s.""",2021-09-23,,,
2021,16192656,24000.0,PO,dar,28557280,"""Jablonec 2010, z.s.""",2021-09-23,,,
2021,16192656,24000.0,PO,dar,28557280,"""Jablonec 2010, z.s.""",2021-09-23,,,
2021,16192656,20000.0,PO,dar,25005103,"""Jablonecká nástrojárna s.r.o.""",2021-09-07,,,
2021,16192656,70000.0,PO,dar,27185869,"""JCJ Servis s.r.o.""",2021-04-29,,,
2021,16192656,50000.0,PO,dar,25277839,"""KASPER CZ s.r.o.""",2021-07-09,,,
2021,16192656,1500.0,PO,dar,8259780,"""KBIG s.r.o.""",2021-05-13,,,
2021,16192656,0.0,PO,dar,442704,"""KDU - ČSL""",2021-10-04,,,
2021,16192656,30000.0,PO,dar,42340802,"""KKS, spol. s r.o.""",2021-09-03,,,
2021,16192656,40000.0,PO,dar,25323172,"""Kratochvíl parket profi, s.r.o.""",2021-07-13,,,
2021,16192656,50000.0,PO,dar,64050947,"""KRAUN spol. s r.o.""",2021-05-03,,,
2021,16192656,100000.0,PO,dar,25289152,"""Kudláček Waldek Körber Consulting s.r.o.""",2021-09-06,,,
2021,16192656,50000.0,PO,dar,27512380,"""LabMediaServis s.r.o.""",2021-08-13,,,
2021,16192656,43000.0,PO,dar,28520734,"""M.K. trade systems, s.r.o.""",2021-02-02,,,
2021,16192656,30000.0,PO,dar,28520734,"""M.K. trade systems, s.r.o.""",2021-12-07,,,
2021,16192656,0.0,PO,dar,3211304,"""Magazín-Prorock, s.r.o.""",2021-10-04,,,
2021,16192656,8000.0,PO,dar,29227674,"""Marba s..r.o.""",2021-12-02,,,
2021,16192656,30000.0,PO,dar,24655911,"""Martinec nářadí s.r.o.""",2021-02-02,,,
2021,16192656,100000.0,PO,dar,60721804,"""MEGAWASTE, spol. s r.o.""",2021-04-26,,,
2021,16192656,10000.0,PO,dar,3362825,"""Meril Company, s.r.o.""",2021-03-29,,,
2021,16192656,15000.0,PO,dar,10397558,"""Miroslava Lazarová ELBIS cestovní kancelář""",2021-07-30,,,
2021,16192656,5000.0,PO,dar,10397558,"""Miroslava Lazarová ELBIS cestovní kancelář""",2021-07-30,,,
2021,16192656,0.0,PO,dar,27311791,"""NRG Group a.s.""",2021-09-29,,,
2021,16192656,0.0,PO,dar,26459230,"""OP INVEST s.r.o.""",2021-10-03,,,
2021,16192656,0.0,PO,dar,1604520,"""Palcát services s.r.o.""",2021-08-30,,,
2021,16192656,100000.0,PO,dar,43960651,"""Pekařství ILLÍK s.r.o.""",2021-11-11,,,
2021,16192656,15000.0,PO,dar,43960651,"""Pekařství ILLÍK s.r.o.""",2021-06-10,,,
2021,16192656,20000.0,PO,dar,6601791,"""Petr Sameš s.r.o.""",2021-12-07,,,
2021,16192656,29000.0,PO,dar,9222162,"""Plavecká a sportovní akademie s.r.o.""",2021-10-12,,,
2021,16192656,5000.0,PO,dar,29445591,"""Plus Med dva s.r.o.""",2021-04-21,,,
2021,16192656,20000.0,PO,dar,1971166,"""Prádelna na Starém městě, s.r.o.""",2021-11-01,,,
2021,16192656,100000.0,PO,dar,1410806,"""Pražské silniční stavby s.r.o.""",2021-12-22,,,
2021,16192656,25000.0,PO,dar,28169271,"""PRB INVEST s.r.o.""",2021-05-24,,,
2021,16192656,10000.0,PO,dar,27571271,"""ProCare Medical s.r.o.""",2021-03-18,,,
2021,16192656,80000.0,PO,dar,49550748,"""Prona - Služby Kladno""",2021-02-09,,,
2021,16192656,10000.0,PO,dar,27625095,"""PSP Partners s.r.o.""",2021-12-05,,,
2021,16192656,15000.0,PO,dar,26769166,"""Quick Office s.r.o.""",2021-12-01,,,
2021,16192656,25000.0,PO,dar,24764981,"""RBR INVEST s.r.o.""",2021-05-24,,,
2021,16192656,6000.0,PO,dar,61975192,"""REKUMAT Warmeprozesstechnik ČR, spol.s.r.o.""",2021-08-31,,,
2021,16192656,20000.0,PO,dar,25786946,"""RIA REALITY a.s.""",2021-08-24,,,
2021,16192656,10000.0,PO,dar,27633748,"""RTB Czech s.r.o.""",2021-07-11,,,
2021,16192656,0.0,PO,dar,24187020,"""SADETO Consulting SE""",2021-09-22,,,
2021,16192656,3500.0,PO,dar,26081610,"""SKLOBENDL s.r.o.""",2021-07-29,,,
2021,16192656,1000.0,PO,dar,27245021,"""Slavíková&Petrásek s.r.o.""",2021-09-10,,,
2021,16192656,30000.0,PO,dar,42339839,"""SMO a.s.""",2021-09-03,,,
2021,16192656,100000.0,PO,dar,64086747,"""SPEA Olomouc, s.r.o.""",2021-03-24,,,
2021,16192656,2500000.0,PO,dar,9509071,"""Spolek pro podporu liberální demokracie ČR""",2021-09-24,,,
2021,16192656,100000.0,PO,dar,42228468,"""Stako společnost s ručením omezeným, Hradec Králové, Slezské Předměstí, Bieblova 782/7""",2021-09-10,,,
2021,16192656,56250.0,PO,dar,26673908,"""Starostové a nezávislí""",2021-08-06,,,
2021,16192656,56250.0,PO,dar,26673908,"""Starostové a nezávislí""",2021-11-10,,,
2021,16192656,56250.0,PO,dar,26673908,"""Starostové a nezávislí""",2021-11-10,,,
2021,16192656,56250.0,PO,dar,26673908,"""Starostové a nezávislí""",2021-05-21,,,
2021,16192656,56250.0,PO,dar,26673908,"""Starostové a nezávislí""",2021-05-21,,,
2021,16192656,300000.0,PO,dar,71443444,"""Starostové pro občany""",2021-08-12,,,
2021,16192656,10000.0,PO,dar,28424603,"""State Administration Consulting s.r.o.""",2021-04-09,,,
2021,16192656,20000.0,PO,dar,62906984,"""SunMan s.r.o.""",2021-06-07,,,
2021,16192656,0.0,PO,dar,28657161,"""Švábstaf s.r.o.""",2021-09-22,,,
2021,16192656,70000.0,PO,dar,3896048,"""TESLA Hloubětín a.s.""",2021-01-22,,,
2021,16192656,20000.0,PO,dar,3896048,"""TESLA Hloubětín a.s.""",2021-03-16,,,
2021,16192656,5000.0,PO,dar,7612702,"""Tietz & Kabelka Stavby s.r.o.""",2021-06-25,,,
2021,16192656,30000.0,PO,dar,18152813,"""TOMA, a.s.""",2021-05-31,,,
2021,16192656,56250.0,PO,dar,71339728,"""TOP 09""",2021-08-06,,,
2021,16192656,56250.0,PO,dar,71339728,"""TOP 09""",2021-11-10,,,
2021,16192656,56250.0,PO,dar,71339728,"""TOP 09""",2021-11-10,,,
2021,16192656,56250.0,PO,dar,71339728,"""TOP 09""",2021-05-21,,,
2021,16192656,0.0,PO,dar,71339728,"""TOP 09""",2021-10-04,,,
2021,16192656,8000.0,PO,dar,26403226,"""TOP TANK s.r.o.""",2021-08-26,,,
2021,16192656,0.0,PO,dar,25503316,"""TRADO-BUS, s.r.o.""",2021-08-20,,,
2021,16192656,101000.0,PO,dar,26286769,"""Triodum s.r.o.""",2021-10-07,,,
2021,16192656,200000.0,PO,dar,5221684,"""Třícestné semafory s.r.o.""",2021-02-22,,,
2021,16192656,10000.0,PO,dar,3669149,"""Ultina s.r.o.""",2021-04-22,,,
2021,16192656,200000.0,PO,dar,27207200,"""Ungelt Services a.s.""",2021-10-01,,,
2021,16192656,10000.0,PO,dar,25827073,"""V-stav group spol. s r.o.""",2021-08-11,,,
2021,16192656,0.0,PO,dar,40230678,"""V.H.V. s.r.o.""",2021-09-29,,,
2021,16192656,0.0,PO,dar,3555976,"""Vaše Lékárna s.r.o.""",2021-09-15,,,
2021,16192656,23000.0,PO,dar,2464471,"""VHST s.r.o.""",2021-09-04,,,
2021,16192656,50000.0,PO,dar,25969692,"""VODA CZ s.r.o.""",2021-07-09,,,
2021,16192656,5000.0,PO,dar,3916537,"""VS Point s.r.o.""",2021-05-03,,,
2021,71339698,500.0,PO,dar,24679852,A MANO s.r.o.,2021-08-14,,,
2021,71339698,5000.0,PO,dar,27642399,"Aiteq Reloaded, s.r.o.",2021-09-17,,,
2021,71339698,0.0,PO,dar,25403460,ARMEX Oil s.r.o.,2021-09-08,,,
2021,71339698,25000.0,PO,dar,61385751,"Asociace podnikatelů v geomatice, z.s.",2021-07-12,,,
2021,71339698,2500.0,PO,dar,8505055,Atelier HORIZONT s.r.o.,2021-09-14,,,
2021,71339698,0.0,PO,dar,16962354,AUTOPLACHTY JONÁK,2021-09-08,,,
2021,71339698,14.0,PO,dar,4507517,BitCarvers s r. o.,2021-05-17,,,
2021,71339698,16.0,PO,dar,4507517,BitCarvers s r. o.,2021-05-17,,,
2021,71339698,16.0,PO,dar,4507517,BitCarvers s r. o.,2021-05-17,,,
2021,71339698,0.0,PO,dar,1986988,C Petrol s.r.o.,,,,
2021,71339698,5000.0,PO,dar,27538702,CEREBRA s.r.o.,2021-02-23,,,
2021,71339698,20000.0,PO,dar,6648355,ConTree Innovation s.r.o,2021-06-28,,,
2021,71339698,10000.0,PO,dar,47125616,"CORTEX, a.s.",2021-10-04,,,
2021,71339698,0.0,PO,dar,69279918,David Nulíček,2021-09-08,,,
2021,71339698,0.0,PO,dar,49240188,Dekra CZ a.s.,2021-08-30,,,
2021,71339698,8000.0,PO,dar,8371750,Denty s.r.o.,2021-08-27,,,
2021,71339698,0.0,PO,dar,25472925,DK-Beton s.r.o.,2021-09-05,,,
2021,71339698,0.0,PO,dar,25267442,DRUMEL s.r.o.,2021-09-01,,,
2021,71339698,0.0,PO,dar,25267442,DRUMEL s.r.o.,2021-09-01,,,
2021,71339698,500.0,PO,dar,6097961,DTpak.cz s.r.o.,2021-07-19,,,
2021,71339698,500.0,PO,dar,6097961,DTpak.cz s.r.o.,2021-09-19,,,
2021,71339698,500.0,PO,dar,6097961,DTpak.cz s.r.o.,2021-05-19,,,
2021,71339698,500.0,PO,dar,6097961,DTpak.cz s.r.o.,2021-08-19,,,
2021,71339698,500.0,PO,dar,6097961,DTpak.cz s.r.o.,2021-06-19,,,
2021,71339698,0.0,PO,dar,29451221,"Effetec, s.r.o.",,,,
2021,71339698,0.0,PO,dar,29451221,"Effetec, s.r.o.",2021-09-02,,,
2021,71339698,0.0,PO,dar,47782579,"ENERGOSERVIS, spol. s r.o.",2021-09-11,,,
2021,71339698,0.0,PO,dar,8882495,FARM UNION RE s.r.o.,,,,
2021,71339698,0.0,PO,dar,8882495,FARM UNION RE s.r.o.,2021-09-01,,,
2021,71339698,5000.0,PO,dar,4626133,fnx.io s.r.o.,2021-09-15,,,
2021,71339698,0.0,PO,dar,27520081,Forea s.r.o.,2021-09-01,,,
2021,71339698,0.0,PO,dar,27957845,FRAGI s.r.o.,,,,
2021,71339698,0.0,PO,dar,26316927,"GastroPa, s.r.o.",2021-09-08,,,
2021,71339698,500.0,PO,dar,6318134,GREYZERO s.r.o.,2021-09-13,,,
2021,71339698,200.0,PO,dar,6318134,GREYZERO s.r.o.,2021-06-22,,,
2021,71339698,100.0,PO,dar,26628295,HaF z.s.,2021-08-13,,,
2021,71339698,1000.0,PO,dar,26628295,HaF z.s.,2021-08-13,,,
2021,71339698,0.0,PO,dar,27185991,"Herst, s.r.o.",,,,
2021,71339698,0.0,PO,dar,27185991,"Herst, s.r.o.",,,,
2021,71339698,0.0,PO,dar,27185991,"Herst, s.r.o.",,,,
2021,71339698,0.0,PO,dar,27185991,"Herst, s.r.o.",,,,
2021,71339698,0.0,PO,dar,27185991,"Herst, s.r.o.",,,,
2021,71339698,0.0,PO,dar,27185991,"Herst, s.r.o.",,,,
2021,71339698,56250.0,PO,dar,27039145,Hnutí pro Prahu 11,2021-08-09,,,
2021,71339698,56250.0,PO,dar,27039145,Hnutí pro Prahu 11,2021-06-07,,,
2021,71339698,56250.0,PO,dar,27039145,Hnutí pro Prahu 11,2021-11-13,,,
2021,71339698,56250.0,PO,dar,27039145,Hnutí pro Prahu 11,2021-12-14,,,
2021,71339698,0.0,PO,dar,27263720,Hosana CZECH s.r.o.,2021-09-10,,,
2021,71339698,500.0,PO,dar,71573160,Jan Laibl,2021-08-12,,,
2021,71339698,500.0,PO,dar,71573160,Jan Laibl,2021-06-14,,,
2021,71339698,500.0,PO,dar,71143106,Jan Svoboda - SealParts,2021-09-23,,,
2021,71339698,500.0,PO,dar,71143106,Jan Svoboda - SealParts,2021-06-10,,,
2021,71339698,5000.0,PO,dar,46161007,Jana Stupárková,2021-09-08,,,
2021,71339698,0.0,PO,dar,10499458,Josef Dubec,2021-09-01,,,
2021,71339698,3000.0,PO,dar,48204625,Josef Nováček & spol. s r. o.,2021-04-26,,,
2021,71339698,5000.0,PO,dar,48204625,Josef Nováček & spol. s r. o.,2021-01-08,,,
2021,71339698,3000.0,PO,dar,48204625,Josef Nováček & spol. s r. o.,2021-08-30,,,
2021,71339698,4275.0,PO,dar,442704,KDU-ČSL,2021-04-23,,,
2021,71339698,4275.0,PO,dar,442704,KDU-ČSL,2021-10-15,,,
2021,71339698,4275.0,PO,dar,442704,KDU-ČSL,2021-11-30,,,
2021,71339698,4275.0,PO,dar,442704,KDU-ČSL,2021-06-21,,,
2021,71339698,10000.0,PO,dar,7788771,Livio consulting s.r.o.,2021-09-09,,,
2021,71339698,250.0,PO,dar,28436318,"MA projekt, spol. s r.o.",2021-12-22,,,
2021,71339698,250.0,PO,dar,28436318,"MA projekt, spol. s r.o.",2021-04-22,,,
2021,71339698,250.0,PO,dar,28436318,"MA projekt, spol. s r.o.",2021-07-22,,,
2021,71339698,250.0,PO,dar,28436318,"MA projekt, spol. s r.o.",2021-09-22,,,
2021,71339698,250.0,PO,dar,28436318,"MA projekt, spol. s r.o.",2021-02-15,,,
2021,71339698,250.0,PO,dar,28436318,"MA projekt, spol. s r.o.",2021-10-22,,,
2021,71339698,250.0,PO,dar,28436318,"MA projekt, spol. s r.o.",2021-11-22,,,
2021,71339698,250.0,PO,dar,28436318,"MA projekt, spol. s r.o.",2021-08-22,,,
2021,71339698,250.0,PO,dar,28436318,"MA projekt, spol. s r.o.",2021-03-22,,,
2021,71339698,250.0,PO,dar,28436318,"MA projekt, spol. s r.o.",2021-06-22,,,
2021,71339698,2000.0,PO,dar,76590151,Martin Svoboda,2021-06-25,,,
2021,71339698,500.0,PO,dar,76590151,Martin Svoboda,2021-04-27,,,
2021,71339698,1000.0,PO,dar,76590151,Martin Svoboda,2021-08-12,,,
2021,71339698,2000.0,PO,dar,76590151,Martin Svoboda,2021-03-30,,,
2021,71339698,500.0,PO,dar,76590151,Martin Svoboda,2021-03-30,,,
2021,71339698,0.0,PO,dar,72983736,MAX elektro - Libor Symerský,2021-09-04,,,
2021,71339698,0.0,PO,dar,14451115,Metropolitní kapitula u sv. Víta v Praze,2021-09-08,,,
2021,71339698,0.0,PO,dar,71862897,Michal Fišer,,,,
2021,71339698,0.0,PO,dar,46446222,Miroslav Seďa - restaurace Na horách,2021-09-01,,,
2021,71339698,0.0,PO,dar,25953087,Montáže Šolta s.r.o,2021-08-16,,,
2021,71339698,500.0,PO,dar,10887351,"MORAK, advokátní kancelář s.r.o.",2021-09-17,,,
2021,71339698,10000.0,PO,dar,64965694,MUDr.Monika Weimerova,2021-09-06,,,
2021,71339698,0.0,PO,dar,49815415,N+N spol. s.r.o.,2021-08-30,,,
2021,71339698,0.0,PO,dar,25383973,Nedform s.r.o.,,,,
2021,71339698,0.0,PO,dar,65681266,Nerosty.cz,2021-08-30,,,
2021,71339698,2500.0,PO,dar,25954768,Neuman Company s.r.o.,2021-03-31,,,
2021,71339698,1.0,PO,dar,25098501,"OMIO INTERNATIONAL, spol. s r.o.",2021-10-11,,,
2021,71339698,5000.0,PO,dar,4237099,Ondřej Cikánek,2021-07-06,,,
2021,71339698,10000.0,PO,dar,3063097,Ortodoncie a stomatologie s.r.o.,2021-06-26,,,
2021,71339698,0.0,PO,dar,63769841,Ovocná školka Kukla,2021-09-02,,,
2021,71339698,0.0,PO,dar,18230547,"P R A V E S, spol. s r.o.",2021-09-08,,,
2021,71339698,750000.0,PO,dar,27865410,PentaGen s.r.o.,2021-03-12,,,
2021,71339698,0.0,PO,dar,72900776,Pivnice U mrtvoly,2021-09-01,,,
2021,71339698,5000.0,PO,dar,5903386,PNEUMO-NB s.r.o.,2021-09-15,,,
2021,71339698,100000.0,PO,dar,6695205,Politické hnutí SENÁTOR 21,2021-01-25,,,
2021,71339698,0.0,PO,dar,27599451,POSPITRANS s.r.o.,,,,
2021,71339698,200.0,PO,dar,6432581,PRAKTIK SVITAVY s.r.o.,2021-06-24,,,
2021,71339698,200.0,PO,dar,6432581,PRAKTIK SVITAVY s.r.o.,2021-12-24,,,
2021,71339698,200.0,PO,dar,6432581,PRAKTIK SVITAVY s.r.o.,2021-04-24,,,
2021,71339698,200.0,PO,dar,6432581,PRAKTIK SVITAVY s.r.o.,2021-07-24,,,
2021,71339698,200.0,PO,dar,6432581,PRAKTIK SVITAVY s.r.o.,2021-09-24,,,
2021,71339698,200.0,PO,dar,6432581,PRAKTIK SVITAVY s.r.o.,2021-01-24,,,
2021,71339698,5000.0,PO,dar,6432581,PRAKTIK SVITAVY s.r.o.,2021-05-18,,,
2021,71339698,200.0,PO,dar,6432581,PRAKTIK SVITAVY s.r.o.,2021-05-24,,,
2021,71339698,200.0,PO,dar,6432581,PRAKTIK SVITAVY s.r.o.,2021-10-24,,,
2021,71339698,200.0,PO,dar,6432581,PRAKTIK SVITAVY s.r.o.,2021-11-24,,,
2021,71339698,200.0,PO,dar,6432581,PRAKTIK SVITAVY s.r.o.,2021-08-24,,,
2021,71339698,200.0,PO,dar,6432581,PRAKTIK SVITAVY s.r.o.,2021-03-24,,,
2021,71339698,10000.0,PO,dar,10799419,Reventa a.s.,2021-05-20,,,
2021,71339698,1000000.0,PO,dar,24708712,ROAD to INTEREST s.r.o.,2021-04-28,,,
2021,71339698,50000.0,PO,dar,24708712,ROAD to INTEREST s.r.o.,2021-02-02,,,
2021,71339698,2000.0,PO,dar,5794048,Roesel s.r.o.,2021-01-12,,,
2021,71339698,2500.0,PO,dar,5794048,Roesel s.r.o.,2021-08-13,,,
2021,71339698,1111.0,PO,dar,88600432,Roman Hájek,2021-03-01,,,
2021,71339698,0.0,PO,dar,62858513,Římskokatolická farnost Pavlovice u Kojetína,2021-09-03,,,
2021,71339698,0.0,PO,dar,43499082,"S.K. Rváčov, z.s.",2021-08-30,,,
2021,71339698,0.0,PO,dar,43225128,SATEL Liberec z.s.,2021-08-30,,,
2021,71339698,0.0,PO,dar,43225128,SATEL Liberec z.s.,2021-08-30,,,
2021,71339698,0.0,PO,dar,27236161,Sirůček a Patík s.r.o.,,,,
2021,71339698,2500000.0,PO,dar,9509071,Spolek pro podporu liberální demokracie ČR,2021-09-06,,,
2021,71339698,0.0,PO,dar,47546808,Sportovně rekreační služby s r.o.,,,,
2021,71339698,0.0,PO,dar,42228468,Stako,2021-08-15,,,
2021,71339698,0.0,PO,dar,42228468,Stako,2021-08-15,,,
2021,71339698,0.0,PO,dar,26673908,Starostové a Nezávislí,,,,
2021,71339698,78750.0,PO,dar,26673908,Starostové a Nezávislí,2021-12-16,,,
2021,71339698,0.0,PO,dar,26673908,Starostové a Nezávislí,,,,
2021,71339698,0.0,PO,dar,26673908,Starostové a Nezávislí,,,,
2021,71339698,78750.0,PO,dar,26673908,Starostové a Nezávislí,2021-12-16,,,
2021,71339698,0.0,PO,dar,26673908,Starostové a Nezávislí,,,,
2021,71339698,0.0,PO,dar,26673908,Starostové a Nezávislí,,,,
2021,71339698,0.0,PO,dar,26673908,Starostové a Nezávislí,,,,
2021,71339698,0.0,PO,dar,26673908,Starostové a Nezávislí,,,,
2021,71339698,0.0,PO,dar,26673908,Starostové a Nezávislí,,,,
2021,71339698,0.0,PO,dar,26673908,Starostové a Nezávislí,,,,
2021,71339698,0.0,PO,dar,26673908,Starostové a Nezávislí,,,,
2021,71339698,0.0,PO,dar,26673908,Starostové a Nezávislí,,,,
2021,71339698,0.0,PO,dar,26673908,Starostové a Nezávislí,,,,
2021,71339698,0.0,PO,dar,26673908,Starostové a Nezávislí,,,,
2021,71339698,0.0,PO,dar,26673908,Starostové a Nezávislí,,,,
2021,71339698,0.0,PO,dar,26673908,Starostové a Nezávislí,,,,
2021,71339698,0.0,PO,dar,26673908,Starostové a Nezávislí,,,,
2021,71339698,0.0,PO,dar,26673908,Starostové a Nezávislí,,,,
2021,71339698,0.0,PO,dar,26673908,Starostové a Nezávislí,,,,
2021,71339698,0.0,PO,dar,26673908,Starostové a Nezávislí,,,,
2021,71339698,0.0,PO,dar,26673908,Starostové a Nezávislí,,,,
2021,71339698,0.0,PO,dar,26673908,Starostové a Nezávislí,,,,
2021,71339698,0.0,PO,dar,26673908,Starostové a Nezávislí,,,,
2021,71339698,78750.0,PO,dar,26673908,Starostové a Nezávislí,2021-07-07,,,
2021,71339698,0.0,PO,dar,26673908,Starostové a Nezávislí,,,,
2021,71339698,0.0,PO,dar,26673908,Starostové a Nezávislí,,,,
2021,71339698,0.0,PO,dar,26673908,Starostové a Nezávislí,,,,
2021,71339698,0.0,PO,dar,26673908,Starostové a Nezávislí,,,,
2021,71339698,0.0,PO,dar,26673908,Starostové a Nezávislí,,,,
2021,71339698,0.0,PO,dar,26673908,Starostové a Nezávislí,,,,
2021,71339698,0.0,PO,dar,26673908,Starostové a Nezávislí,,,,
2021,71339698,0.0,PO,dar,26673908,Starostové a Nezávislí,,,,
2021,71339698,78750.0,PO,dar,26673908,Starostové a Nezávislí,2021-05-07,,,
2021,71339698,0.0,PO,dar,26673908,Starostové a Nezávislí,,,,
2021,71339698,0.0,PO,dar,26673908,Starostové a Nezávislí,,,,
2021,71339698,78750.0,PO,dar,26673908,Starostové a Nezávislí,2021-05-07,,,
2021,71339698,0.0,PO,dar,26673908,Starostové a Nezávislí,,,,
2021,71339698,0.0,PO,dar,26673908,Starostové a Nezávislí,,,,
2021,71339698,0.0,PO,dar,26673908,Starostové a Nezávislí,,,,
2021,71339698,0.0,PO,dar,26673908,Starostové a Nezávislí,,,,
2021,71339698,0.0,PO,dar,26673908,Starostové a Nezávislí,,,,
2021,71339698,0.0,PO,dar,26673908,Starostové a Nezávislí,,,,
2021,71339698,0.0,PO,dar,26673908,Starostové a Nezávislí,,,,
2021,71339698,0.0,PO,dar,26673908,Starostové a Nezávislí,,,,
2021,71339698,0.0,PO,dar,26673908,Starostové a Nezávislí,,,,
2021,71339698,0.0,PO,dar,26673908,Starostové a Nezávislí,,,,
2021,71339698,0.0,PO,dar,26673908,Starostové a Nezávislí,,,,
2021,71339698,0.0,PO,dar,26673908,Starostové a Nezávislí,,,,
2021,71339698,0.0,PO,dar,26673908,Starostové a Nezávislí,,,,
2021,71339698,0.0,PO,dar,26673908,Starostové a Nezávislí,,,,
2021,71339698,0.0,PO,dar,26673908,Starostové a Nezávislí,,,,
2021,71339698,0.0,PO,dar,26673908,Starostové a Nezávislí,,,,
2021,71339698,0.0,PO,dar,26673908,Starostové a Nezávislí,,,,
2021,71339698,0.0,PO,dar,26673908,Starostové a Nezávislí,,,,
2021,71339698,0.0,PO,dar,26673908,Starostové a Nezávislí,,,,
2021,71339698,0.0,PO,dar,26673908,Starostové a Nezávislí,,,,
2021,71339698,0.0,PO,dar,26673908,Starostové a Nezávislí,,,,
2021,71339698,0.0,PO,dar,26673908,Starostové a Nezávislí,,,,
2021,71339698,0.0,PO,dar,26673908,Starostové a Nezávislí,,,,
2021,71339698,0.0,PO,dar,26673908,Starostové a Nezávislí,,,,
2021,71339698,0.0,PO,dar,26673908,Starostové a Nezávislí,,,,
2021,71339698,0.0,PO,dar,26673908,Starostové a Nezávislí,,,,
2021,71339698,0.0,PO,dar,26673908,Starostové a Nezávislí,,,,
2021,71339698,0.0,PO,dar,26673908,Starostové a Nezávislí,,,,
2021,71339698,0.0,PO,dar,26673908,Starostové a Nezávislí,,,,
2021,71339698,0.0,PO,dar,26673908,Starostové a Nezávislí,,,,
2021,71339698,0.0,PO,dar,71339485,Starostové pro Liberecký kraj,2021-10-04,,,
2021,71339698,0.0,PO,dar,74759485,Stavebniny Dobříš - Iveta Cihelková,,,,
2021,71339698,1000.0,PO,dar,29030897,stereoIT s.r.o.,2021-06-24,,,
2021,71339698,5000.0,PO,dar,29288002,Stomatologie Fryšták s.r.o.,2021-09-03,,,
2021,71339698,31250.0,PO,dar,409740,Strana zelených,2021-04-07,,,
2021,71339698,0.0,PO,dar,25405756,Strojírna Litvínov s.r.o.,2021-09-01,,,
2021,71339698,5000.0,PO,dar,27545571,Studio Animato s. r. o.,2021-04-12,,,
2021,71339698,5000.0,PO,dar,27545571,Studio Animato s. r. o.,2021-09-10,,,
2021,71339698,5000.0,PO,dar,27545571,Studio Animato s. r. o.,2021-07-12,,,
2021,71339698,5000.0,PO,dar,27545571,Studio Animato s. r. o.,2021-05-10,,,
2021,71339698,5000.0,PO,dar,27545571,Studio Animato s. r. o.,2021-08-10,,,
2021,71339698,500.0,PO,dar,27545571,Studio Animato s. r. o.,2021-01-13,,,
2021,71339698,5000.0,PO,dar,27545571,Studio Animato s. r. o.,2021-06-10,,,
2021,71339698,5000.0,PO,dar,27545571,Studio Animato s. r. o.,2021-03-10,,,
2021,71339698,0.0,PO,dar,26180669,SYAST s.r.o.,,,,
2021,71339698,0.0,PO,dar,46504711,Synpo,2021-09-03,,,
2021,71339698,0.0,PO,dar,46504711,Synpo,2021-09-03,,,
2021,71339698,250.0,PO,dar,4499786,"Šance na návrat,z.s.",2021-04-07,,,
2021,71339698,250.0,PO,dar,4499786,"Šance na návrat,z.s.",2021-02-22,,,
2021,71339698,0.0,PO,dar,204382,"Šindler, důlní a stavební společnost s.r.o.",,,,
2021,71339698,0.0,PO,dar,18230628,Tělovýchovná jednota Sokol Všeruby z.s.,2021-09-08,,,
2021,71339698,0.0,PO,dar,46348034,Thermoservis spol. s r.o.,,,,
2021,71339698,0.0,PO,dar,2452138,TOP WORLD CARS s.r.o.,2021-09-08,,,
2021,71339698,0.0,PO,dar,6723012,Torofa s.r.o.,2021-08-30,,,
2021,71339698,10000.0,PO,dar,6583890,transla co s.r.o.,2021-09-16,,,
2021,71339698,0.0,PO,dar,8714851,Tyradosti s.r.o.,,,,
2021,71339698,0.0,PO,dar,88652416,U nás doma,2021-09-01,,,
2021,71339698,0.0,PO,dar,25380508,URGA s.r.o.,,,,
2021,71339698,0.0,PO,dar,25380508,URGA s.r.o.,2021-09-09,,,
2021,71339698,30000.0,PO,dar,25827073,V-stav group spol. s r.o.,2021-08-11,,,
2021,71339698,0.0,PO,dar,49845420,Vilém Hodouš,,,,
2021,71339698,5000.0,PO,dar,26252031,VILEN s.r.o.,2021-12-23,,,
2021,71339698,15000.0,PO,dar,26252031,VILEN s.r.o.,2021-06-01,,,
2021,71339698,100000.0,PO,dar,26384957,WEBTIP s.r.o.,2021-07-13,,,
2021,71339698,100000.0,PO,dar,26384957,WEBTIP s.r.o.,2021-08-16,,,
2021,71339698,0.0,PO,dar,169650,"Zbirovia, a. s.",2021-09-08,,,
2021,71339698,0.0,PO,dar,76646025,Zbyněk Dostál,2021-08-30,,,
2021,71339698,2000.0,PO,dar,10092617,Zdeněk Vaculík,2021-09-30,,,
2021,10742409,220000.0,PO,dar,2418304,2HMoto s.r.o.,2021-09-23,,,
2021,10742409,5000.0,PO,dar,27727033,"ADOME, s.r.o.",2021-10-07,,,
2021,10742409,0.0,PO,dar,26957612,"AK DENT, s.r.o.",2021-08-11,,,
2021,10742409,0.0,PO,dar,26957612,"AK DENT, s.r.o.",2021-08-11,,,
2021,10742409,0.0,PO,dar,26957612,"AK DENT, s.r.o.",2021-08-11,,,
2021,10742409,2000000.0,PO,dar,2839571,Blue Power - Energetické systémy s.r.o.,2021-07-22,,,
2021,10742409,10000.0,PO,dar,2839571,Blue Power - Energetické systémy s.r.o.,2021-04-29,,,
2021,10742409,0.0,PO,dar,4410459,Čerpací stanice Kamenice nad Lipou,2021-03-25,,,
2021,10742409,0.0,PO,dar,4410459,Čerpací stanice Kamenice nad Lipou,2021-04-29,,,
2021,10742409,0.0,PO,dar,69834881,ČSCH ZO Chotěboř,2021-07-04,,,
2021,10742409,5000.0,PO,dar,7611714,Domácí péče Hany Blažkové s.r.o.,2021-05-24,,,
2021,10742409,0.0,PO,dar,6806406,GDPR Trutnov,2021-06-01,,,
2021,10742409,0.0,PO,dar,6806406,GDPR Trutnov,2021-06-01,,,
2021,10742409,5100.0,PO,dar,1478117,GDPR Trutnov s.r.o. - copytech,2021-08-31,,,
2021,10742409,0.0,PO,dar,27537048,HARBECAR s.r.o.,2021-08-06,,,
2021,10742409,0.0,PO,dar,44751401,Hildegarda Bartovská,2021-05-27,,,
2021,10742409,0.0,PO,dar,25144049,ILV s.r.o.,2021-05-27,,,
2021,10742409,1500000.0,PO,dar,25144049,ILV s.r.o.,2021-04-22,,,
2021,10742409,1500000.0,PO,dar,25144049,ILV s.r.o.,2021-05-10,,,
2021,10742409,0.0,PO,dar,46507272,Isolit - Bravo,2021-05-27,,,
2021,10742409,0.0,PO,dar,74405951,Jan Cimr,2021-06-05,,,
2021,10742409,0.0,PO,dar,65680081,Jiří Látal - AUTO-PNEU-SERVIS,2021-06-18,,,
2021,10742409,0.0,PO,dar,65680081,Jiří Látal - AUTO-PNEU-SERVIS,2021-06-18,,,
2021,10742409,2000.0,PO,dar,24839396,Jiří Nedělka,2021-06-07,,,
2021,10742409,0.0,PO,dar,15460266,Jiří Parduba,2021-07-01,,,
2021,10742409,0.0,PO,dar,66584256,Josef Drda,2021-04-16,,,
2021,10742409,0.0,PO,dar,25903977,M.K. Invest Group s r.o.,2021-09-14,,,
2021,10742409,0.0,PO,dar,87123274,Martin Páleník - Řeznictví,2021-05-05,,,
2021,10742409,500000.0,PO,dar,64939634,"MIDAS PRAHA, s.r.o.",2021-08-26,,,
2021,10742409,2000.0,PO,dar,61096776,MUDr. Jitka Prochazkova,2021-04-27,,,
2021,10742409,0.0,PO,dar,7438915,Nábytek Mikulík,2021-06-17,,,
2021,10742409,5000.0,PO,dar,6049028,Nástavby Miroslav Černý s.r.o.,2021-09-14,,,
2021,10742409,0.0,PO,dar,61976709,P & M BURIAN v.o.s.,2021-06-13,,,
2021,10742409,0.0,PO,dar,29380324,Pasohlávská rekreační,2021-07-07,,,
2021,10742409,0.0,PO,dar,75681820,Pavel Černý,2021-06-15,,,
2021,10742409,20000.0,PO,dar,27852318,"PK-Intralogis, spol. s.r.o.",2021-09-07,,,
2021,10742409,3000.0,PO,dar,28149386,Pohřební služba Ondřej Melich s.r.o.,2021-09-20,,,
2021,10742409,55105.0,PO,dar,22798862,PROFINSECURE s.r.o.,2021-09-13,,,
2021,10742409,0.0,PO,dar,71797670,Richard Salajka Zahradnictví,2021-04-30,,,
2021,10742409,200000.0,PO,dar,25621998,S-TYPO Nenačovice s.r.o.,2021-05-21,,,
2021,10742409,10000.0,PO,dar,25621998,S-TYPO Nenačovice s.r.o.,2021-04-21,,,
2021,10742409,1000.0,PO,dar,5012881,"Sdružení nezávislých občanů Prahy 5, z. s.",2021-06-18,,,
2021,10742409,50000.0,PO,dar,60696834,SEBAK s.r.o.,2021-08-03,,,
2021,10742409,30000.0,PO,dar,60702001,Sigma OZ spol sro,2021-11-26,,,
2021,10742409,0.0,PO,dar,9781994,"Spolek NAPŘÍMO, z.s.",2021-04-20,,,
2021,10742409,0.0,PO,dar,25138537,STK Mělník,2021-06-01,,,
2021,10742409,0.0,PO,dar,40231437,"Svoboda-Velkoobchod-Maloobchod-Export-Import, spol. s r.o.",2021-08-27,,,
2021,10742409,0.0,PO,dar,8659371,Šimway s.r.o.,2021-03-30,,,
2021,10742409,20000.0,PO,dar,28830784,T.J. LSD Road s.r.o.,2021-08-25,,,
2021,10742409,100000.0,PO,dar,28830784,T.J. LSD Road s.r.o.,2021-05-20,,,
2021,10742409,10000.0,PO,dar,28787153,"TH&S, S.R.O.",2021-09-02,,,
2021,10742409,0.0,PO,dar,74681338,Tomáš Fraus,2021-08-20,,,
2021,10742409,0.0,PO,dar,18783503,Tomáš Kupský Trans,2021-06-10,,,
2021,10742409,0.0,PO,dar,73302872,Tomáš Stary,2021-09-09,,,
2021,10742409,0.0,PO,dar,28316045,Tritem s r.o.,2021-07-01,,,
2021,10742409,0.0,PO,dar,28316045,Tritem s r.o.,2021-07-19,,,
2021,10742409,240000.0,PO,dar,4259670,UNISEC s.r.o.,2021-09-30,,,
2021,10742409,2000.0,PO,dar,8722226,Votopstav,2021-06-14,,,
2021,10742409,25000.0,PO,dar,28305647,VYROUBAL TEXTILES s.r.o.,2021-08-25,,,
2021,10742409,20000.0,PO,dar,27812138,Waltr Stroje s r.o.,2021-08-11,,,
2021,10742409,200000.0,PO,dar,27812138,Waltr Stroje s r.o.,2021-08-24,,,
2021,10742409,0.0,PO,dar,27812138,Waltr Stroje s r.o.,2021-07-06,,,
2021,10742409,0.0,PO,dar,27729796,"ZOSO - TEX, CZ družstvo",2021-06-10,,,
2021,10742409,0.0,PO,dar,27729796,"ZOSO - TEX, CZ družstvo",2021-06-10,,,
2021,10742409,0.0,PO,dar,27729796,"ZOSO - TEX, CZ družstvo",2021-06-10,,,
2021,10742409,0.0,PO,dar,27729796,"ZOSO - TEX, CZ družstvo",2021-06-10,,,
2021,10742409,2000.0,PO,dar,27729796,"ZOSO - TEX, CZ družstvo",2021-06-07,,,
2021,10742409,5000.0,PO,dar,7652178,ZP-Tronic s.r.o.,2021-09-16,,,
2021,10742409,2000.0,PO,dar,6284981,Zuzana Lang s.r.o.,2021-05-31,,,
2021,00409171,10000.0,PO,dar,27504514,Ekologický rozvoj a výstavba s.r.o.,2021-09-10,,,
2021,00409171,0.0,PO,dar,46346040,ICOM transport a.s.,,,,
2021,00409171,0.0,PO,dar,28619633,Machovský s.r.o.,,,,
2021,00409171,25000.0,PO,dar,40154386,Milan Zahálka,2021-09-14,,,
2021,00409171,10000.0,PO,dar,70840288,MUDr. Pavel Havíř,2021-09-16,,,
2021,00409171,0.0,PO,dar,26165201,Plakát s.r.o.,,,,
2021,00409171,200000.0,PO,dar,7286074,START INSURANCE GROUP s.r.o.,2021-12-22,,,
2021,26673908,200000.0,PO,dar,26179776,"Accordion, a.s.",,,,
2021,26673908,-200000.0,PO,dar,26179776,"Accordion, a.s.",,,,
2021,26673908,15000.0,PO,dar,27333841,AQ SPOL s.r.o.,,,,
2021,26673908,70000.0,PO,dar,46900942,ARIMEX Zlín,,,,
2021,26673908,40000.0,PO,dar,49062557,Bluetech s.r.o.,,,,
2021,26673908,150000.0,PO,dar,27440150,Budějovická Alej s.r,,,,
2021,26673908,-150000.0,PO,dar,27440150,Budějovická Alej s.r,,,,
2021,26673908,-150000.0,PO,dar,26267390,"CENTRIX PROPERTY,a.s",,,,
2021,26673908,150000.0,PO,dar,26267390,"CENTRIX PROPERTY,a.s",,,,
2021,26673908,-100000.0,PO,dar,9783733,DBK management a.s.,,,,
2021,26673908,100000.0,PO,dar,9783733,DBK management a.s.,,,,
2021,26673908,-180000.0,PO,dar,9783733,DBK management a.s.,,,,
2021,26673908,180000.0,PO,dar,9783733,DBK management a.s.,,,,
2021,26673908,-200000.0,PO,dar,18631312,DELTASOFT CONSULTING,,,,
2021,26673908,200000.0,PO,dar,18631312,DELTASOFT CONSULTING,,,,
2021,26673908,-110000.0,PO,dar,27432912,"East Building, s.r.o",,,,
2021,26673908,110000.0,PO,dar,27432912,"East Building, s.r.o",,,,
2021,26673908,0.0,PO,dar,29451221,EFFETEC s.r.o.,,,,
2021,26673908,50000.0,PO,dar,27504514,Ekologický rozvoj a výstavba s.r.o.,,,,
2021,26673908,10000.0,PO,dar,29279631,EMKOR technology s.r.o.,,,,
2021,26673908,0.0,PO,dar,8882495,FARM UNION RE s.r.o.,,,,
2021,26673908,100000.0,PO,dar,61246174,Galerie Moritz a.s.,,,,
2021,26673908,-100000.0,PO,dar,61246174,Galerie Moritz a.s.,,,,
2021,26673908,-100000.0,PO,dar,29287138,"GALERIE Přerov, s.r.o.",,,,
2021,26673908,100000.0,PO,dar,29287138,"GALERIE Přerov, s.r.o.",,,,
2021,26673908,-100000.0,PO,dar,26471221,GLACIS FORTE A.S.,,,,
2021,26673908,100000.0,PO,dar,26471221,GLACIS FORTE A.S.,,,,
2021,26673908,40625.0,PO,dar,3116603,Hnutí SOL,,,,
2021,26673908,40625.0,PO,dar,3116603,Hnutí SOL,,,,
2021,26673908,40625.0,PO,dar,3116603,Hnutí SOL,,,,
2021,26673908,40625.0,PO,dar,3116603,Hnutí SOL,,,,
2021,26673908,40625.0,PO,dar,3116603,Hnutí SOL,,,,
2021,26673908,-100000.0,PO,dar,25746839,"HUMBLE, a.s.",,,,
2021,26673908,100000.0,PO,dar,25746839,"HUMBLE, a.s.",,,,
2021,26673908,150000.0,PO,dar,26182556,"Investiční a majetková, a.s.",,,,
2021,26673908,-100000.0,PO,dar,9322027,"Ještědská 535 Horizont, s.r.o.",,,,
2021,26673908,100000.0,PO,dar,9322027,"Ještědská 535 Horizont, s.r.o.",,,,
2021,26673908,200000.0,PO,dar,2681536,LUTESTI s.r.o.,,,,
2021,26673908,-200000.0,PO,dar,2681536,LUTESTI s.r.o.,,,,
2021,26673908,80000.0,PO,dar,26209284,"MAT CORPORATION, A.S",,,,
2021,26673908,-80000.0,PO,dar,26209284,"MAT CORPORATION, A.S",,,,
2021,26673908,100000.0,PO,dar,9565558,Mediaplan Concept s.r.o.,,,,
2021,26673908,-20000.0,PO,dar,26045036,Mrazírny Eurofrost s.r.o.,,,,
2021,26673908,20000.0,PO,dar,26045036,Mrazírny Eurofrost s.r.o.,,,,
2021,26673908,-100000.0,PO,dar,46965777,"NEMOHOLD, a.s.",,,,
2021,26673908,100000.0,PO,dar,46965777,"NEMOHOLD, a.s.",,,,
2021,26673908,146000.0,PO,dar,16192656,Občanská demokratická strana,,,,
2021,26673908,33750.0,PO,dar,16192656,Občanská demokratická strana,,,,
2021,26673908,33750.0,PO,dar,16192656,Občanská demokratická strana,,,,
2021,26673908,33750.0,PO,dar,16192656,Občanská demokratická strana,,,,
2021,26673908,15000.0,PO,dar,7479891,OVOS s.r.o.,,,,
2021,26673908,2000.0,PO,dar,27490033,Paur marketing,,,,
2021,26673908,2000.0,PO,dar,25772171,PRAGUE REALITY,,,,
2021,26673908,-180000.0,PO,dar,46962344,"PRIOR, obchodní domy, a.s.",,,,
2021,26673908,180000.0,PO,dar,46962344,"PRIOR, obchodní domy, a.s.",,,,
2021,26673908,86250.0,PO,dar,3204669,ProOlomouc,,,,
2021,26673908,-180000.0,PO,dar,26688301,REALITY MANAGEMENT,,,,
2021,26673908,180000.0,PO,dar,26688301,REALITY MANAGEMENT,,,,
2021,26673908,200000.0,PO,dar,64510263,"REMA Systém, a.s.",,,,
2021,26673908,-200000.0,PO,dar,64510263,"REMA Systém, a.s.",,,,
2021,26673908,1000000.0,PO,dar,24708712,ROAD to INTEREST s.r.o.,,,,
2021,26673908,100000.0,PO,dar,27594092,RV hifi s.r.o.,,,,
2021,26673908,-100000.0,PO,dar,27594092,RV hifi s.r.o.,,,,
2021,26673908,-150000.0,PO,dar,26688271,"SPECTRUM STORES, A.S",,,,
2021,26673908,150000.0,PO,dar,26688271,"SPECTRUM STORES, A.S",,,,
2021,26673908,2500000.0,PO,dar,9509071,Spolek pro podporu liberální demokracie ČR,,,,
2021,26673908,30000.0,PO,dar,25075543,Stavitelství Řehoř,,,,
2021,26673908,29687.5,PO,dar,409740,Strana zelených,,,,
2021,26673908,29687.5,PO,dar,409740,Strana zelených,,,,
2021,26673908,29687.5,PO,dar,409740,Strana zelených,,,,
2021,26673908,29687.5,PO,dar,409740,Strana zelených,,,,
2021,26673908,29687.5,PO,dar,409740,Strana zelených,,,,
2021,26673908,20000.0,PO,dar,25405756,Strojírna Litvínov spol. s r.o.,,,,
2021,26673908,0.0,PO,dar,25380508,"URGA, s.r.o.",,,,
2021,26673908,25000.0,PO,dar,3508684,"VHS projekt, s.r.o.",,,,
2021,26673908,200000.0,PO,dar,60112221,"WEEE, a.s.",,,,
2021,26673908,-200000.0,PO,dar,60112221,"WEEE, a.s.",,,,
2021,26673908,120000.0,PO,dar,29289076,"ZLATA BRANA, S.R.O.",,,,
2021,26673908,-120000.0,PO,dar,29289076,"ZLATA BRANA, S.R.O.",,,,
2021,71339612,5000.0,PO,dar,22722262,ACTIV Z.S.,2021-08-05,,,
2021,71339612,0.0,PO,dar,27825311,Capital group invest corp. a.s.,,,,
2021,71339612,1000.0,PO,dar,29311021,MistrSoft s.r.o.,2021-12-29,,,
2021,71339612,100000.0,PO,dar,12952206,MUDr. Miroslav Havrda,2021-06-28,,,
2021,71339728,10000.0,PO,dar,4671171,"Angels Solution & Services, s.r.o.",,,,
2021,71339728,6000.0,PO,dar,7344074,ART&AGRO s.r.o.,,,,
2021,71339728,50000.0,PO,dar,28792289,BITTNER architects s.r.o.,,,,
2021,71339728,30000.0,PO,dar,27697754,"Burda Auction, s.r.o.",,,,
2021,71339728,50000.0,PO,dar,25411721,"DC RELAX, s.r.o.",,,,
2021,71339728,22500.0,PO,dar,7921331,HLAS,,,,
2021,71339728,4556.0,PO,dar,3204723,Hradecký demokratický klub,,,,
2021,71339728,320000.0,PO,dar,3204723,Hradecký demokratický klub,,,,
2021,71339728,18224.0,PO,dar,3204723,Hradecký demokratický klub,,,,
2021,71339728,250000.0,PO,dar,1716581,INception s.r.o.,,,,
2021,71339728,31250.0,PO,dar,442704,KDU-ČSL,,,,
2021,71339728,31250.0,PO,dar,442704,KDU-ČSL,,,,
2021,71339728,31250.0,PO,dar,442704,KDU-ČSL,,,,
2021,71339728,31250.0,PO,dar,442704,KDU-ČSL,,,,
2021,71339728,20000.0,PO,dar,27512380,LabMediaServis s.r.o.,,,,
2021,71339728,50000.0,PO,dar,27471110,"LM Asistent, s.r.o.",,,,
2021,71339728,50000.0,PO,dar,28897340,MAUDI s.r.o.,,,,
2021,71339728,257292.0,PO,dar,16192656,Občanská demokratická strana,,,,
2021,71339728,257292.0,PO,dar,16192656,Občanská demokratická strana,,,,
2021,71339728,257292.0,PO,dar,16192656,Občanská demokratická strana,,,,
2021,71339728,257292.0,PO,dar,16192656,Občanská demokratická strana,,,,
2021,71339728,125000.0,PO,dar,48168921,OR-CZ spol. s r.o.,,,,
2021,71339728,150000.0,PO,dar,26118963,"PASSERINVEST GROUP, a.s.",,,,
2021,71339728,10000.0,PO,dar,25639064,"Patrimonium, s.r.o.",,,,
2021,71339728,200000.0,PO,dar,17048869,PSN s.r.o.,,,,
2021,71339728,40000.0,PO,dar,29448336,Sběrna druhotných surovin Lindovský s.r.o.,,,,
2021,71339728,2500000.0,PO,dar,9509071,Spolek pro podporu liberální demokracie ČR,,,,
2021,71339728,133750.0,PO,dar,26673908,Starostové a nezávislí,,,,
2021,71339728,133750.0,PO,dar,26673908,Starostové a nezávislí,,,,
2021,71339728,133750.0,PO,dar,26673908,Starostové a nezávislí,,,,
2021,71339728,133750.0,PO,dar,26673908,Starostové a nezávislí,,,,
2021,71339728,112500.0,PO,dar,409740,Strana zelených,,,,
2021,71339728,100000.0,PO,dar,6090290,UHLÍ PÍSKY ČERT s.r.o.,,,,
2021,71339728,300000.0,PO,dar,27207200,Ungelt Services a.s.,,,,
2021,71339728,2000.0,PO,dar,3916537,VS Point s.r.o.,,,,
2021,71339728,41600.0,PO,dar,3136922,Žít Brno,,,,
2021,00409740,500.0,PO,dar,26920522,Adam Rujbr Architects s.r.o.,2021-09-17,,,
2021,00409740,12000.0,PO,dar,25948440,"Asian Bridges, s.r.o.",2021-09-21,,,
2021,00409740,7000.0,PO,dar,28217080,"Auxilien, a.s.",2021-08-02,,,
2021,00409740,500.0,PO,dar,28901061,"BlueGhost.cz, s.r.o.",2021-08-13,,,
2021,00409740,51530.37,PO,dar,20314116187,Bündnis 90/Die Grünen,2021-03-12,,,
2021,00409740,123318.0,PO,dar,20314116187,Bündnis 90/Die Grünen,2021-09-15,,,
2021,00409740,321303.45,PO,dar,20314116187,Bündnis 90/Die Grünen,2021-09-27,,,
2021,00409740,125000.0,PO,dar,409171,ČSSD,2021-11-22,,,
2021,00409740,330981.33,PO,dar,409171,ČSSD,2021-09-14,,,
2021,00409740,100000.0,PO,dar,409171,ČSSD,2021-10-14,,,
2021,00409740,10000.0,PO,dar,46961968,"D E A S , SPOL. S.R.",2021-08-17,,,
2021,00409740,10000.0,PO,dar,28383729,DITOM Construction s.r.o.,2021-08-05,,,
2021,00409740,4561.17,PO,dar,441243892,Ecolo Federa,2021-01-27,,,
2021,00409740,112500.0,PO,dar,27039145,Hnutí pro Prahu 11,2021-12-04,,,
2021,00409740,56250.0,PO,dar,27039145,Hnutí pro Prahu 11,2021-08-23,,,
2021,00409740,56250.0,PO,dar,27039145,Hnutí pro Prahu 11,2021-06-12,,,
2021,00409740,9113.0,PO,dar,3204723,Hradecký demokratický klub,2021-12-21,,,
2021,00409740,9113.0,PO,dar,3204723,Hradecký demokratický klub,2021-04-13,,,
2021,00409740,9113.0,PO,dar,3204723,Hradecký demokratický klub,2021-05-19,,,
2021,00409740,9113.0,PO,dar,3204723,Hradecký demokratický klub,2021-10-18,,,
2021,00409740,9113.0,PO,dar,3204723,Hradecký demokratický klub,2021-07-06,,,
2021,00409740,2000.0,PO,dar,24185566,Kardiologie Řevnice s.r.o.,2021-09-24,,,
2021,00409740,2000.0,PO,dar,28390784,"KAZNET CZ, s.r.o.",2021-08-16,,,
2021,00409740,38925.0,PO,dar,442704,KDU-ČSL,2021-11-30,,,
2021,00409740,38925.0,PO,dar,442704,KDU-ČSL,2021-04-23,,,
2021,00409740,38925.0,PO,dar,442704,KDU-ČSL,2021-10-15,,,
2021,00409740,38925.0,PO,dar,442704,KDU-ČSL,2021-06-21,,,
2021,00409740,500.0,PO,dar,16912161,Pavel Křížek,2021-12-06,,,
2021,00409740,500.0,PO,dar,16912161,Pavel Křížek,2021-08-05,,,
2021,00409740,500.0,PO,dar,16912161,Pavel Křížek,2021-01-05,,,
2021,00409740,5000.0,PO,dar,16912161,Pavel Křížek,2021-08-25,,,
2021,00409740,500.0,PO,dar,16912161,Pavel Křížek,2021-02-05,,,
2021,00409740,500.0,PO,dar,16912161,Pavel Křížek,2021-03-05,,,
2021,00409740,500.0,PO,dar,16912161,Pavel Křížek,2021-09-06,,,
2021,00409740,500.0,PO,dar,16912161,Pavel Křížek,2021-04-06,,,
2021,00409740,500.0,PO,dar,16912161,Pavel Křížek,2021-10-05,,,
2021,00409740,500.0,PO,dar,16912161,Pavel Křížek,2021-05-05,,,
2021,00409740,500.0,PO,dar,16912161,Pavel Křížek,2021-06-07,,,
2021,00409740,500.0,PO,dar,16912161,Pavel Křížek,2021-07-07,,,
2021,00409740,500.0,PO,dar,16912161,Pavel Křížek,2021-11-05,,,
2021,00409740,69375.0,PO,dar,3204669,ProOlomouc,2021-09-14,,,
2021,00409740,100.0,PO,dar,3005747,ROH družstevní kavárna,2021-12-13,,,
2021,00409740,2000.0,PO,dar,3005747,ROH družstevní kavárna,2021-10-05,,,
2021,00409740,100.0,PO,dar,3005747,ROH družstevní kavárna,2021-10-11,,,
2021,00409740,100.0,PO,dar,3005747,ROH družstevní kavárna,2021-11-15,,,
2021,00409740,2000.0,PO,dar,29112435,Salanga s.r.o.,2021-08-16,,,
2021,00409740,46666.0,PO,dar,6695205,SENÁTOR 21,2021-01-25,,,
2021,00409740,112500.0,PO,dar,26673908,STAROSTOVÉ A NEZÁVISLÍ,2021-07-07,,,
2021,00409740,112500.0,PO,dar,26673908,STAROSTOVÉ A NEZÁVISLÍ,2021-12-16,,,
2021,00409740,112500.0,PO,dar,26673908,STAROSTOVÉ A NEZÁVISLÍ,2021-12-16,,,
2021,00409740,112500.0,PO,dar,26673908,STAROSTOVÉ A NEZÁVISLÍ,2021-04-13,,,
2021,00409740,112500.0,PO,dar,26673908,STAROSTOVÉ A NEZÁVISLÍ,2021-05-07,,,
2021,00409740,0.0,PO,dar,1785575,Studio STKI,,,,
2021,00409740,2000.0,PO,dar,1785575,Studio STKI s.r.o.,2021-08-31,,,
2021,00409740,15625.0,PO,dar,71339728,TOP 09,2021-07-07,,,
2021,00409740,15625.0,PO,dar,71339728,TOP 09,2021-12-14,,,
2021,00409740,3040.0,PO,dar,71339728,TOP 09,2021-04-09,,,
2021,00409740,6549.0,PO,dar,71339728,TOP 09,2021-04-09,,,
2021,00409740,15625.0,PO,dar,71339728,TOP 09,2021-05-03,,,
2021,00409740,25000.0,PO,dar,71339728,TOP 09,2021-10-13,,,
2021,00409740,138750.0,PO,dar,71339728,TOP 09,2021-06-30,,,
2021,00409740,15625.0,PO,dar,71339728,TOP 09,2021-11-09,,,
2022,05402450,300000.0,PO,dar,8369836,Climate Real s.r.o.,2022-12-29,,,
2022,05402450,180000.0,PO,dar,8369836,Climate Real s.r.o.,2022-12-29,,,
2022,71443339,30000.0,PO,dar,3195911,2 MZ s.r.o.,,,,
2022,71443339,125000.0,PO,dar,7386923,a53 architekti s.r.o.,,,,
2022,71443339,50000.0,PO,dar,13642391,"ADIV, spol. s r.o.",,,,
2022,71443339,200000.0,PO,dar,10904662,Advision PRO s.r.o.,,,,
2022,71443339,600.0,PO,dar,3619702,BETESTOMED s.r.o.,,,,
2022,71443339,80000.0,PO,dar,25867334,Bidfood Opava s.r.o.,,,,
2022,71443339,100000.0,PO,dar,28479912,COMMIA s.r.o.,,,,
2022,71443339,100000.0,PO,dar,3791319,ČERNÁ CESTA 35 A s.r.o.,,,,
2022,71443339,23000.0,PO,dar,409171,Česká strana sociálně demokratická,,,,
2022,71443339,50000.0,PO,dar,409171,Česká strana sociálně demokratická,,,,
2022,71443339,10000.0,PO,dar,6972292,ČisTomáš s.r.o.,,,,
2022,71443339,100000.0,PO,dar,7290349,"Doctor´s Wines, s.r.o.",,,,
2022,71443339,100000.0,PO,dar,26938201,EUROSTYL velkoobchod s.r.o.,,,,
2022,71443339,100000.0,PO,dar,25829289,"FBT logistics, s.r.o.",,,,
2022,71443339,51700.0,PO,dar,61681679,GEMA MB s.r.o.,,,,
2022,71443339,150000.0,PO,dar,60322284,HAVLÍK OPAL spol. s r.o.,,,,
2022,71443339,49000.0,PO,dar,2773813,HFO Consulting &  Trading s.r.o.,,,,
2022,71443339,57521.0,PO,dar,24142506,Chemopack s.r.o.,,,,
2022,71443339,10000.0,PO,dar,25411446,IM STRAKA s.r.o.,,,,
2022,71443339,10000.0,PO,dar,25499319,Jan Lazarčík Stav s.r.o.,,,,
2022,71443339,100000.0,PO,dar,25395912,"KORIA, a.s.",,,,
2022,71443339,150000.0,PO,dar,8567425,LEMAKOR průmyslové čištění s.r.o.,,,,
2022,71443339,50000.0,PO,dar,40232751,"LIF, a.s.",,,,
2022,71443339,150000.0,PO,dar,40232751,"LIF, a.s.",,,,
2022,71443339,30000.0,PO,dar,4257561,Lion Facility & Services s.r.o.,,,,
2022,71443339,100000.0,PO,dar,4257561,Lion Facility & Services s.r.o.,,,,
2022,71443339,5000.0,PO,dar,6060595,Minori s.r.o.,,,,
2022,71443339,50000.0,PO,dar,2012405,MIRTESS a.s.,,,,
2022,71443339,30000.0,PO,dar,1396218,MONTRAVEL s.r.o.,,,,
2022,71443339,50000.0,PO,dar,8811067,myTREEDK a.s.,,,,
2022,71443339,50000.0,PO,dar,22709134,"NO FOOT NO STRESS, z.s.",,,,
2022,71443339,30000.0,PO,dar,41636546,"Nová Karna, spol. s r.o.",,,,
2022,71443339,60000.0,PO,dar,41636546,"Nová Karna, spol. s r.o.",,,,
2022,71443339,50000.0,PO,dar,560073,"ProMedica, spol. s r.o.",,,,
2022,71443339,50000.0,PO,dar,25382730,RABIO s. r. o.,,,,
2022,71443339,80000.0,PO,dar,25482149,REGIOPLAN s.r.o.,,,,
2022,71443339,30000.0,PO,dar,14408155,Seventa s.r.o.,,,,
2022,71443339,50000.0,PO,dar,4390181,TreeDK s.r.o.,,,,
2022,71443339,40000.0,PO,dar,25398849,ÚSOVSKO AGRO s.r.o.,,,,
2022,71443339,100000.0,PO,dar,1945718,V&M Agency s.r.o.,,,,
2022,71443339,50000.0,PO,dar,29155703,VA stavební s.r.o.,,,,
2022,71443339,30000.0,PO,dar,27963454,Všetečka & syn s.r.o.,,,,
2022,71443339,30000.0,PO,dar,29381967,Z + M PROPERTY a.s.,,,,
2022,71443339,100000.0,PO,dar,48530484,"ZDRAVÍ PŘEDEVŠÍM, spol. s r.o.",,,,
2022,71443339,40000.0,PO,dar,65276787,"ZNOJMOPROJEKT Ing. arch. Radomír KAMAN, s.r.o.",,,,
2022,05989175,0.0,PO,dar,24689211,Sycorax a.s.,2022-01-20,,,
2022,00442704,0.0,PO,dar,29445671,Agist s.r.o.,2022-08-15,,,
2022,00442704,1000.0,PO,dar,8880492,Andris s.r.o.,2022-08-19,,,
2022,00442704,5000.0,PO,dar,4674952,Auto Horák Hustopeče s.r.o.,2022-03-17,,,
2022,00442704,0.0,PO,dar,26890186,AUTO HRAZDIRA s.r.o.,2022-08-15,,,
2022,00442704,50000.0,PO,dar,26074001,AUTODOPRAVA GAIER s.r.o.,2022-08-31,,,
2022,00442704,5000.0,PO,dar,29451370,AVEO BENEFIT s.r.o.,2022-08-03,,,
2022,00442704,20000.0,PO,dar,1494872,Baldovská s.r.o.,2022-12-30,,,
2022,00442704,15000.0,PO,dar,27578348,Conceptica s.r.o.,2022-08-02,,,
2022,00442704,0.0,PO,dar,27755177,cresco&finance a.s.,2022-08-15,,,
2022,00442704,0.0,PO,dar,27495981,CVS Žamberk s.r.o.,2022-09-14,,,
2022,00442704,20000.0,PO,dar,25973738,"Čásenský & Hlavatý, s.r.o.",2022-05-26,,,
2022,00442704,500.0,PO,dar,406481,Česká provincie Kongregace Milosrdných sester sv. Vincence de Paul,2022-06-30,,,
2022,00442704,500.0,PO,dar,70894558,"Český svaz chovatelů, z.s., Základní organizace Zdounky",2022-08-24,,,
2022,00442704,84000.0,PO,dar,15063879,David Smetana,2022-12-20,,,
2022,00442704,10000.0,PO,dar,25485822,Domácí lékárna s.r.o.,2022-03-09,,,
2022,00442704,10000.0,PO,dar,25485822,Domácí lékárna s.r.o.,2022-04-21,,,
2022,00442704,5000.0,PO,dar,63489996,ELSPET s.r.o.,2022-12-06,,,
2022,00442704,0.0,PO,dar,63489996,ELSPET s.r.o.,2022-07-27,,,
2022,00442704,5000.0,PO,dar,3183734,FEMINOS s.r.o.,2022-07-27,,,
2022,00442704,0.0,PO,dar,64788342,FOREZ s.r.o.,2022-07-19,,,
2022,00442704,5000.0,PO,dar,26021943,FSC Plus s.r.o.,2022-12-05,,,
2022,00442704,0.0,PO,dar,6931740,GAIA com s.r.o.,2022-07-27,,,
2022,00442704,30000.0,PO,dar,8745854,Gatema Holding s. r. o.,2022-07-04,,,
2022,00442704,16000.0,PO,dar,29452597,HANKE STROJÍRNA s.r.o.,2022-08-25,,,
2022,00442704,0.0,PO,dar,25297783,HARTMAN CZ s.r.o.,2022-05-23,,,
2022,00442704,0.0,PO,dar,60322284,HAVLÍK OPAL spol. s r.o.,2022-08-15,,,
2022,00442704,40000.0,PO,dar,28595297,HELIODENT s.r.o.,2022-08-23,,,
2022,00442704,0.0,PO,dar,25394967,"Hotel Hluboký dvůr, a.s.",2022-08-24,,,
2022,00442704,1000.0,PO,dar,28860004,chirpet s.r.o.,2022-08-10,,,
2022,00442704,15000.0,PO,dar,7408790,IGEM protection s.r.o.,2022-08-01,,,
2022,00442704,60000.0,PO,dar,9070699,Ing. Petr Pražák,2022-05-17,,,
2022,00442704,3400.0,PO,dar,73109878,Ing.arch. KOCYCH MICHAEL,2022-08-04,,,
2022,00442704,0.0,PO,dar,28627288,INNEASTAV s.r.o.,2022-08-15,,,
2022,00442704,0.0,PO,dar,46507272,"Isolit-Bravo, spol. s r.o.",2022-07-22,,,
2022,00442704,0.0,PO,dar,17183821,JANARION s.r.o.,2022-07-27,,,
2022,00442704,0.0,PO,dar,17183821,JANARION s.r.o.,2022-07-27,,,
2022,00442704,20000.0,PO,dar,60743638,"JASS-UNI, s.r.o.",2022-08-09,,,
2022,00442704,3000.0,PO,dar,60743638,"JASS-UNI, s.r.o.",2022-11-01,,,
2022,00442704,0.0,PO,dar,26991268,Jesenický horský spolek,2022-08-15,,,
2022,00442704,10000.0,PO,dar,42188326,Jiří Machek - HYDROMA,2022-08-05,,,
2022,00442704,0.0,PO,dar,65353714,Karolína Kovaříková,2022-07-27,,,
2022,00442704,0.0,PO,dar,65353714,Karolína Kovaříková,2022-07-27,,,
2022,00442704,0.0,PO,dar,49786342,"KASTOS, spol. s r.o.",2022-05-30,,,
2022,00442704,0.0,PO,dar,87292173,Knődl Michal,2022-08-15,,,
2022,00442704,400000.0,PO,dar,6613594,"Lidový spolek Olomouc, z.s.",2022-05-26,,,
2022,00442704,100000.0,PO,dar,28130421,LKW Pneu s.r.o.,2022-07-22,,,
2022,00442704,1500.0,PO,dar,7416881,LOKO ŠMÍD s.r.o.,2022-09-27,,,
2022,00442704,23000.0,PO,dar,66256615,"Maláska Karel, JUDr., LL.M., advokát",2022-12-13,,,
2022,00442704,20000.0,PO,dar,8262012,"MÁLEK & PARTNERS, s.r.o.",2022-08-24,,,
2022,00442704,39325.0,PO,dar,75930781,Marcel Sikora,2022-10-17,,,
2022,00442704,20000.0,PO,dar,75930781,Marcel Sikora,2022-10-17,,,
2022,00442704,60765.0,PO,dar,75930781,Marcel Sikora,2022-12-27,,,
2022,00442704,10000.0,PO,dar,43499708,Marie Hejzlarová MUDr.- prakt. lékař pro dospělé,2022-08-25,,,
2022,00442704,10000.0,PO,dar,3742806,"Meridus, s.r.o.",2022-09-01,,,
2022,00442704,0.0,PO,dar,3671640,Michal Řezáč,2022-07-27,,,
2022,00442704,0.0,PO,dar,3671640,Michal Řezáč,2022-07-27,,,
2022,00442704,0.0,PO,dar,3671640,Michal Řezáč,2022-07-27,,,
2022,00442704,0.0,PO,dar,3671640,Michal Řezáč,2022-07-27,,,
2022,00442704,0.0,PO,dar,3671640,Michal Řezáč,2022-07-27,,,
2022,00442704,0.0,PO,dar,3671640,Michal Řezáč,2022-07-27,,,
2022,00442704,0.0,PO,dar,3671640,Michal Řezáč,2022-07-27,,,
2022,00442704,0.0,PO,dar,3671640,Michal Řezáč,2022-07-27,,,
2022,00442704,0.0,PO,dar,3671640,Michal Řezáč,2022-07-27,,,
2022,00442704,0.0,PO,dar,3671640,Michal Řezáč,2022-07-27,,,
2022,00442704,0.0,PO,dar,3671640,Michal Řezáč,2022-07-27,,,
2022,00442704,0.0,PO,dar,3671640,Michal Řezáč,2022-07-27,,,
2022,00442704,0.0,PO,dar,3671640,Michal Řezáč,2022-07-27,,,
2022,00442704,0.0,PO,dar,3671640,Michal Řezáč,2022-07-27,,,
2022,00442704,0.0,PO,dar,3671640,Michal Řezáč,2022-07-27,,,
2022,00442704,0.0,PO,dar,3671640,Michal Řezáč,2022-07-27,,,
2022,00442704,0.0,PO,dar,3671640,Michal Řezáč,2022-07-27,,,
2022,00442704,0.0,PO,dar,3671640,Michal Řezáč,2022-07-27,,,
2022,00442704,50000.0,PO,dar,28144317,MONTO Assembly s.r.o.,2022-02-16,,,
2022,00442704,50000.0,PO,dar,25185799,"MONTO, s.r.o.",2022-02-16,,,
2022,00442704,50000.0,PO,dar,26223139,MORAVIA ŘETĚZY  a.s.,2022-08-05,,,
2022,00442704,10000.0,PO,dar,29358841,MP Solution s.r.o.,2022-09-07,,,
2022,00442704,50000.0,PO,dar,29302005,"MUDr. Jajtnerová, ORL foniatrie s.r.o.",2022-08-12,,,
2022,00442704,10000.0,PO,dar,48148881,MUDr. Jaroslav Pavlata,2022-08-29,,,
2022,00442704,10000.0,PO,dar,4433564,MUDr. Karel Bajer - rehabilitace s.r.o.,2022-03-09,,,
2022,00442704,0.0,PO,dar,16192656,Občanská demokratická strana,2022-09-30,,,
2022,00442704,0.0,PO,dar,16192656,Občanská demokratická strana,2022-09-30,,,
2022,00442704,0.0,PO,dar,16192656,Občanská demokratická strana,2022-09-30,,,
2022,00442704,0.0,PO,dar,16192656,Občanská demokratická strana,2022-09-30,,,
2022,00442704,0.0,PO,dar,16192656,Občanská demokratická strana,2022-09-30,,,
2022,00442704,0.0,PO,dar,16192656,Občanská demokratická strana,2022-09-30,,,
2022,00442704,8000.0,PO,dar,87461951,Ondřej Rázl,2022-08-01,,,
2022,00442704,10000.0,PO,dar,71219285,Orel jednota Boskovice,2022-06-10,,,
2022,00442704,0.0,PO,dar,71219285,Orel jednota Boskovice,2022-08-15,,,
2022,00442704,1000.0,PO,dar,65336445,Orel jednota Olešnice,2022-05-25,,,
2022,00442704,0.0,PO,dar,65336445,Orel jednota Olešnice,2022-08-10,,,
2022,00442704,0.0,PO,dar,65666593,Orel jednota Přelouč,2022-07-22,,,
2022,00442704,0.0,PO,dar,29455588,Oxford jazyková škola s.r.o.,2022-09-06,,,
2022,00442704,0.0,PO,dar,43420052,"PENTACO, spol. s r. o.",2022-08-15,,,
2022,00442704,5000.0,PO,dar,63585740,Petr Krajcigr,2022-03-31,,,
2022,00442704,0.0,PO,dar,27762491,"Petr Löwenthal, s.r.o.",2022-08-15,,,
2022,00442704,0.0,PO,dar,26960401,Pila Lipůvka s.r.o.,2022-08-10,,,
2022,00442704,200000.0,PO,dar,4817567,"Podlahy Blažek, s.r.o.",2022-08-16,,,
2022,00442704,0.0,PO,dar,25694685,"Pohřební služba Jeřábek, spol. s r.o.",2022-06-20,,,
2022,00442704,30000.0,PO,dar,27079431,"Procházka Bohuslav, MUDr.",2022-12-08,,,
2022,00442704,110000.0,PO,dar,27079431,"Procházka Bohuslav, MUDr.",2022-05-03,,,
2022,00442704,10000.0,PO,dar,6917160,PROJEKT 12 s.r.o.,2022-06-28,,,
2022,00442704,50000.0,PO,dar,6850634,R.A.T.C. spol. s r.o.,2022-02-16,,,
2022,00442704,20000.0,PO,dar,28826736,"R36.cz, s.r.o.",2022-08-24,,,
2022,00442704,0.0,PO,dar,65336852,Římskokatolická farnost Bedřichov u Lysic,2022-07-29,,,
2022,00442704,0.0,PO,dar,49750151,Římskokatolická farnost Karlovy Vary-Rybáře,2022-05-30,,,
2022,00442704,0.0,PO,dar,46998098,Římskokatolická farnost Koryčany,2022-07-27,,,
2022,00442704,0.0,PO,dar,49461362,Římskokatolická farnost Kuřim,2022-08-12,,,
2022,00442704,0.0,PO,dar,26520231,Sbor Církve bratrské v Pardubicích,2022-07-25,,,
2022,00442704,100000.0,PO,dar,73110582,Sikorová Renata,2022-06-27,,,
2022,00442704,20000.0,PO,dar,25283979,SK - EKO Pardubice s. r. o.,2022-08-31,,,
2022,00442704,0.0,PO,dar,69980870,SPORTOVNÍ SPOLEK BK KARLOVY VARY,2022-05-30,,,
2022,00442704,30570.67,PO,dar,409740,Strana zelených,2022-09-23,,,
2022,00442704,20000.0,PO,dar,409740,Strana zelených,2022-07-11,,,
2022,00442704,5000.0,PO,dar,13641,"TANEX, akciová společnost",2022-08-17,,,
2022,00442704,15000.0,PO,dar,1603043,Tanvaldent s.r.o.,2022-07-12,,,
2022,00442704,0.0,PO,dar,71339728,TOP 09,2022-09-30,,,
2022,00442704,0.0,PO,dar,71339728,TOP 09,2022-09-30,,,
2022,00442704,0.0,PO,dar,71339728,TOP 09,2022-09-30,,,
2022,00442704,0.0,PO,dar,71339728,TOP 09,2022-09-30,,,
2022,00442704,0.0,PO,dar,71339728,TOP 09,2022-09-30,,,
2022,00442704,100000.0,PO,dar,71339728,TOP 09,2022-08-18,,,
2022,00442704,65000.0,PO,dar,71339728,TOP 09,2022-12-14,,,
2022,00442704,0.0,PO,dar,71339728,TOP 09,2022-09-30,,,
2022,00442704,5000.0,PO,dar,14590913,"Trlica Karel, Ing.",2022-03-30,,,
2022,00442704,35000.0,PO,dar,13643819,VÁHALA a spol. s r.o.,2022-08-17,,,
2022,00442704,5000.0,PO,dar,25559672,"VALVE CONTROL, s.r.o.",2022-12-20,,,
2022,00442704,40000.0,PO,dar,26845148,VINAMET CZ s.r.o.,2022-09-08,,,
2022,00442704,0.0,PO,dar,28800729,Zdeněk Maixner - ANTIKOR s.r.o.,2022-07-22,,,
2022,00442704,0.0,PO,dar,25333879,"ZEAS Lysice, a.s.",2022-08-13,,,
2022,16192656,5000.0,PO,dar,28826124,"""5P Brand Production spol. s r.o.""",2022-03-01,,,
2022,16192656,20000.0,PO,dar,6834744,"""5PGEO s.r.o.""",2022-08-16,,,
2022,16192656,100000.0,PO,dar,9602674,"""A.M.O. bydlenípodhradem s.r.o.""",2022-07-19,,,
2022,16192656,150000.0,PO,dar,2309467,"""aeqoom a.s.""",2022-07-22,,,
2022,16192656,50000.0,PO,dar,25925881,"""AG Komplet s. r. o.""",2022-06-21,,,
2022,16192656,50000.0,PO,dar,26825716,"""AG Synerko s.r.o.""",2022-09-19,,,
2022,16192656,200000.0,PO,dar,26032163,"""Agrico s.r.o.""",2022-06-01,,,
2022,16192656,20000.0,PO,dar,25517457,"""AGROING BRNO s.r.o.""",2022-05-29,,,
2022,16192656,20000.0,PO,dar,49101820,"""ALFEX-ČECHY, společnost s ručením omezeným""",2022-08-18,,,
2022,16192656,20000.0,PO,dar,25643100,"""Aluminium centrum s.r.o.""",2022-10-10,,,
2022,16192656,25000.0,PO,dar,44936672,"""AMBG, LTD s.r.o.""",2022-07-27,,,
2022,16192656,117270.0,PO,dar,26797810,"""ANAJ Czech, a.s.""",2022-07-29,,,
2022,16192656,100000.0,PO,dar,26797810,"""ANAJ Czech, a.s.""",2022-08-17,,,
2022,16192656,50000.0,PO,dar,29218381,"""Andone s.r.o.""",2022-06-03,,,
2022,16192656,30000.0,PO,dar,26129205,"""AR auto s.r.o.""",2022-09-19,,,
2022,16192656,100000.0,PO,dar,25151355,"""AR Partner, s.r.o.""",2022-09-19,,,
2022,16192656,50000.0,PO,dar,25151355,"""AR Partner, s.r.o.""",2022-08-11,,,
2022,16192656,200000.0,PO,dar,4996283,"""ARATEC GROUP s.r.o.""",2022-06-14,,,
2022,16192656,20000.0,PO,dar,25858343,"""ATELIER 38 s.r.o.""",2022-06-28,,,
2022,16192656,16000.0,PO,dar,7660847,"""Atelier MM projekt s.r.o.""",2022-10-17,,,
2022,16192656,1000.0,PO,dar,49811711,"""ATS - servis, v.o.s.""",2022-03-29,,,
2022,16192656,10000.0,PO,dar,28219716,"""AUDISA SERVICE, s.r.o.""",2022-06-03,,,
2022,16192656,10000.0,PO,dar,671096,"""AUTO DONTH, s.r.o.""",2022-07-20,,,
2022,16192656,30000.0,PO,dar,26824108,"""Autocentrum Lukáš s.r.o.""",2022-05-13,,,
2022,16192656,30000.0,PO,dar,28741498,"""Autodoprava Dvořák s.r.o.""",2022-07-28,,,
2022,16192656,10000.0,PO,dar,29117852,"""AUTOSERVICE GARAGE s.r.o.""",2022-07-20,,,
2022,16192656,30000.0,PO,dar,60108665,"""AVE-KONTAKT, s.r.o.""",2022-06-13,,,
2022,16192656,10000.0,PO,dar,28595581,"""B of B cars s.r.o.""",2022-06-21,,,
2022,16192656,250000.0,PO,dar,28307097,"""B&B commercial activity s.r.o.""",2022-08-29,,,
2022,16192656,20000.0,PO,dar,26902931,"""Bartech, s.r.o.""",2022-07-25,,,
2022,16192656,0.0,PO,dar,26810093,"""Bartoň a Partner s.r.o.""",2022-09-15,,,
2022,16192656,250000.0,PO,dar,25139096,"""Bateria Slaný CZ, s.r.o.""",2022-06-14,,,
2022,16192656,200000.0,PO,dar,27965899,"""BC Real, a.s.""",2022-08-11,,,
2022,16192656,5000.0,PO,dar,24847755,"""BE-Vaňov s.r.o.""",2022-08-25,,,
2022,16192656,25000.0,PO,dar,26512866,"""BENTEX-elektro s.r.o.""",2022-11-09,,,
2022,16192656,10000.0,PO,dar,3625834,"""BGA Trade CZ s.r.o.""",2022-03-30,,,
2022,16192656,50000.0,PO,dar,49976371,"""BIONA JERSÍN, s.r.o.""",2022-09-01,,,
2022,16192656,10000.0,PO,dar,6457363,"""BITTI CARS s. r. o.""",2022-07-07,,,
2022,16192656,70000.0,PO,dar,5818311,"""BK serv s.r.o.""",2022-09-15,,,
2022,16192656,200000.0,PO,dar,27528065,"""BlackBird Services a.s.""",2022-05-18,,,
2022,16192656,5000.0,PO,dar,9117091,"""Blažek a Bureš, advokátní kancelář s.r.o.""",2022-04-04,,,
2022,16192656,50000.0,PO,dar,49062557,"""Bluetech s.r.o.""",2022-08-18,,,
2022,16192656,0.0,PO,dar,28884396,"""Bohemia-Euro Agentur a.s.""",2022-03-24,,,
2022,16192656,100000.0,PO,dar,27566765,"""BOYLARE s.r.o.""",2022-06-06,,,
2022,16192656,0.0,PO,dar,5657628,"""Brownfield Beroun a.s.""",2022-08-24,,,
2022,16192656,0.0,PO,dar,5657628,"""Brownfield Beroun a.s.""",2022-08-24,,,
2022,16192656,30000.0,PO,dar,25021141,"""BYSS, společnost s ručením omezeným""",2022-04-25,,,
2022,16192656,10000.0,PO,dar,1873385,"""Car live s.r.o.""",2022-05-31,,,
2022,16192656,0.0,PO,dar,4681487,"""carolinacar s.r.o.""",2022-08-04,,,
2022,16192656,35000.0,PO,dar,28564804,"""Carroll & Dohnal, s.r.o.""",2022-10-04,,,
2022,16192656,65000.0,PO,dar,28564804,"""Carroll & Dohnal, s.r.o.""",2022-10-04,,,
2022,16192656,50000.0,PO,dar,28564804,"""Carroll & Dohnal, s.r.o.""",2022-12-20,,,
2022,16192656,30000.0,PO,dar,28564804,"""Carroll & Dohnal, s.r.o.""",2022-06-20,,,
2022,16192656,30000.0,PO,dar,28564804,"""Carroll & Dohnal, s.r.o.""",2022-07-22,,,
2022,16192656,0.0,PO,dar,28894618,"""Centrum Černý kůň s.r.o.""",2022-07-21,,,
2022,16192656,100000.0,PO,dar,2195046,"""Certa afero, s.r.o.""",2022-03-17,,,
2022,16192656,100000.0,PO,dar,8793611,"""Consumer Brands International s.r.o.""",2022-05-09,,,
2022,16192656,20000.0,PO,dar,18382835,"""Corso, s.r.o.""",2022-08-31,,,
2022,16192656,100000.0,PO,dar,27790380,"""Cream Real Estate s.r.o.""",2022-09-14,,,
2022,16192656,100000.0,PO,dar,27790380,"""Cream Real Estate s.r.o.""",2022-06-02,,,
2022,16192656,40000.0,PO,dar,6371621,"""Crystal Capital s.r.o.""",2022-06-06,,,
2022,16192656,0.0,PO,dar,409171,"""Česká strana sociálně demokratická""",2022-09-18,,,
2022,16192656,10000.0,PO,dar,8285233,"""Dakami ZL s.r.o.""",2022-07-25,,,
2022,16192656,50000.0,PO,dar,5147212,"""DEF Group s.r.o.""",2022-06-29,,,
2022,16192656,30000.0,PO,dar,49815024,"""Dentimed s.r.o.""",2022-06-30,,,
2022,16192656,50000.0,PO,dar,46964118,"""DETAIL, spol. s r.o.""",2022-06-27,,,
2022,16192656,7500.0,PO,dar,26481014,"""Dětská agentura Kroužky s. r. o.""",2022-01-17,,,
2022,16192656,25000.0,PO,dar,28625994,"""Distribuce detergentů, s.r.o.""",2022-07-18,,,
2022,16192656,0.0,PO,dar,26077671,"""Doležal Pelhřimov s. r. o.""",2022-08-11,,,
2022,16192656,0.0,PO,dar,28571002,"""DOMINO Hrdá s.r.o.""",2022-08-01,,,
2022,16192656,0.0,PO,dar,28571002,"""DOMINO Hrdá s.r.o.""",2022-09-12,,,
2022,16192656,0.0,PO,dar,27695794,"""Dorcadion, a.s.""",2022-08-08,,,
2022,16192656,100000.0,PO,dar,45359989,"""Drůbežářský závod Klatovy a.s.""",2022-06-29,,,
2022,16192656,20000.0,PO,dar,61680231,"""Dynal, s.r.o.""",2022-06-01,,,
2022,16192656,50000.0,PO,dar,27828361,"""DYNAMIC STEEL a.s.""",2022-06-06,,,
2022,16192656,50000.0,PO,dar,27504514,"""Ekologický rozvoj a výstavba s.r.o.""",2022-06-28,,,
2022,16192656,10000.0,PO,dar,25732633,"""ELEKTROMONT Matějka, a.s.""",2022-05-31,,,
2022,16192656,40000.0,PO,dar,4797426,"""ElektroSever spol. s.r.o.""",2022-04-11,,,
2022,16192656,20000.0,PO,dar,49096974,"""ELNA Servis Počerady, s.r.o.""",2022-07-16,,,
2022,16192656,2000.0,PO,dar,27275353,"""EMKAS s.r.o.""",2022-09-21,,,
2022,16192656,100000.0,PO,dar,28639782,"""EMONTA s.r.o.""",2022-06-20,,,
2022,16192656,12000.0,PO,dar,26021897,"""ENVISAN-GEM, a.s.""",2022-09-28,,,
2022,16192656,70000.0,PO,dar,27813207,"""ENWICO DATA s.r.o.""",2022-06-24,,,
2022,16192656,50000.0,PO,dar,27263207,"""EP Consult, s.r.o.""",2022-07-29,,,
2022,16192656,250000.0,PO,dar,1918028,"""EUC Klinika Praha a.s.""",2022-09-19,,,
2022,16192656,250000.0,PO,dar,1918028,"""EUC Klinika Praha a.s.""",2022-09-19,,,
2022,16192656,0.0,PO,dar,10954899,"""Fakt Brno""",2022-09-18,,,
2022,16192656,10000.0,PO,dar,27473295,"""FATO a.s., člen holdingu FATO""",2022-07-27,,,
2022,16192656,10000.0,PO,dar,27473295,"""FATO a.s., člen holdingu FATO""",2022-07-27,,,
2022,16192656,2500.0,PO,dar,25611054,"""FELIX PRAHA, s.r.o.""",2022-09-14,,,
2022,16192656,50000.0,PO,dar,8011435,"""Flintstore s.r.o""",2022-07-21,,,
2022,16192656,30000.0,PO,dar,61942618,"""FREKOMOS, s.r.o.""",2022-04-14,,,
2022,16192656,10000.0,PO,dar,28587618,"""FRIPOS Valašské Meziříčí, s.r.o.""",2022-05-13,,,
2022,16192656,60000.0,PO,dar,25815512,"""FROL a.s.""",2022-06-20,,,
2022,16192656,140000.0,PO,dar,28751655,"""Frýdlantské strojírny - TR, s.r.o.""",2022-04-05,,,
2022,16192656,50000.0,PO,dar,27146308,"""Fulcrum Sailing s.r.o.""",2022-08-22,,,
2022,16192656,5000.0,PO,dar,5477387,"""Fyzioterapie dětí a dospělých s.r.o.""",2022-08-01,,,
2022,16192656,50000.0,PO,dar,25779893,"""Galvamet spol. s r.o.""",2022-06-29,,,
2022,16192656,50000.0,PO,dar,42340187,"""GASTON, s.r.o.""",2022-07-21,,,
2022,16192656,2000.0,PO,dar,11924136,"""GASTRO Hlucháň, s.r.o.""",2022-08-03,,,
2022,16192656,50000.0,PO,dar,26878992,"""Gastro-Med, spol. s r.o.""",2022-05-07,,,
2022,16192656,10000.0,PO,dar,4071255,"""GENNOON - gynecologia et obstetritio s.r.o.""",2022-09-15,,,
2022,16192656,30000.0,PO,dar,60916851,"""GIST s. r. o.""",2022-07-28,,,
2022,16192656,5000.0,PO,dar,45357030,"""GLOBÁl spol. s r.o.""",2022-06-21,,,
2022,16192656,20000.0,PO,dar,47909668,"""Global, spol. s r.o.""",2022-09-16,,,
2022,16192656,10000.0,PO,dar,25238051,"""GraphTech spol. s r.o.""",2022-08-16,,,
2022,16192656,15000.0,PO,dar,10709452,"""Greenpack s.r.o.""",2022-07-29,,,
2022,16192656,15000.0,PO,dar,7281200,"""H-mont Pro s. r. o.""",2022-09-05,,,
2022,16192656,30000.0,PO,dar,9195726,"""Hampejs projekty s.r.o.""",2022-05-31,,,
2022,16192656,50000.0,PO,dar,2046067,"""HELMARDENT, s.r.o.""",2022-08-06,,,
2022,16192656,0.0,PO,dar,29223172,"""HORIZONT PROPERTY, s.r.o.""",2022-08-04,,,
2022,16192656,0.0,PO,dar,25793179,"""Hořák s.r.o.""",2022-04-20,,,
2022,16192656,0.0,PO,dar,4637127,"""Hospodářský dvůr Bohuslavice s.r.o.""",2022-09-18,,,
2022,16192656,20000.0,PO,dar,25472461,"""Hotel Zlatý lev s.r.o.""",2022-09-01,,,
2022,16192656,30000.0,PO,dar,25387880,"""HSH Stav s. r. o.""",2022-05-31,,,
2022,16192656,55000.0,PO,dar,6582826,"""HYGMONT čisticí systémy s.r.o.""",2022-08-28,,,
2022,16192656,0.0,PO,dar,46346040,"""ICOM transport a.s.""",2022-06-30,,,
2022,16192656,200000.0,PO,dar,46346040,"""ICOM transport a.s.""",2022-03-31,,,
2022,16192656,10000.0,PO,dar,1492039,"""igloe SYSTEM s.r.o.""",2022-09-20,,,
2022,16192656,0.0,PO,dar,671533,"""INSKY spol. s r.o.""",2022-09-19,,,
2022,16192656,100000.0,PO,dar,47714018,"""InterCora, spol. s r.o.""",2022-08-11,,,
2022,16192656,70000.0,PO,dar,26318644,"""INTERIERY KOUPELEN s.r.o.""",2022-06-22,,,
2022,16192656,5000.0,PO,dar,28722141,"""IPS Kadaň s.r.o.""",2022-06-19,,,
2022,16192656,15000.0,PO,dar,29462584,"""IRP Dostálek, s.r.o.""",2022-05-06,,,
2022,16192656,50000.0,PO,dar,25374770,"""ISMM Production & Business Cooperation s.r.o.""",2022-01-03,,,
2022,16192656,100000.0,PO,dar,28241487,"""IT HOLDING, a.s.""",2022-08-26,,,
2022,16192656,50000.0,PO,dar,25594575,"""IVF Czech Republic s.r.o.""",2022-06-24,,,
2022,16192656,45000.0,PO,dar,3017745,"""IZOFO MAXX s.r.o.""",2022-09-22,,,
2022,16192656,24000.0,PO,dar,28557280,"""Jablonec 2010, z.s.""",2022-10-25,,,
2022,16192656,20000.0,PO,dar,28557280,"""Jablonec 2010, z.s.""",2022-11-10,,,
2022,16192656,100000.0,PO,dar,48953261,"""JARMES spol. s r.o.""",2022-09-13,,,
2022,16192656,50000.0,PO,dar,3114341,"""JCI a.s.""",2022-07-21,,,
2022,16192656,11000.0,PO,dar,8757721,"""Jede práce! s.r.o.""",2022-06-14,,,
2022,16192656,0.0,PO,dar,28228316,"""JEŽ – kamenické práce spol. s r.o.""",2022-08-16,,,
2022,16192656,10000.0,PO,dar,26916584,"""JK Drinks s.r.o.""",2022-09-14,,,
2022,16192656,20000.0,PO,dar,25405888,"""JM Mikulášek s.r.o.""",2022-03-31,,,
2022,16192656,20000.0,PO,dar,25405888,"""JM Mikulášek s.r.o.""",2022-08-20,,,
2022,16192656,150000.0,PO,dar,27434036,"""K 70 s.r.o.""",2022-06-07,,,
2022,16192656,50000.0,PO,dar,25905031,"""K.B.K. fire, s.r.o.""",2022-08-03,,,
2022,16192656,20000.0,PO,dar,47237686,"""K.O.K., spol. s r.o""",2022-07-11,,,
2022,16192656,50000.0,PO,dar,6669948,"""KA3AK s.r.o.""",2022-06-01,,,
2022,16192656,10000.0,PO,dar,18572421,"""KABAK spol. s r.o.""",2022-08-03,,,
2022,16192656,8000.0,PO,dar,29277965,"""KALA TRANS, s.r.o.""",2022-04-25,,,
2022,16192656,20000.0,PO,dar,25084267,"""Karta Group, a.s.""",2022-05-16,,,
2022,16192656,50000.0,PO,dar,46508465,"""KASPER KOVO, s. r. o.""",2022-09-24,,,
2022,16192656,1500.0,PO,dar,8259780,"""KBIG s.r.o.""",2022-05-24,,,
2022,16192656,40000.0,PO,dar,8259780,"""KBIG s.r.o.""",2022-06-02,,,
2022,16192656,5500.0,PO,dar,46509020,"""KBT elektronik, spol. s.r.o.""",2022-09-30,,,
2022,16192656,0.0,PO,dar,442704,"""KDU-ČSL""",2022-09-19,,,
2022,16192656,0.0,PO,dar,442704,"""KDU-ČSL""",2022-12-14,,,
2022,16192656,0.0,PO,dar,442704,"""KDU-ČSL""",2022-12-14,,,
2022,16192656,0.0,PO,dar,442704,"""KDU-ČSL""",2022-12-14,,,
2022,16192656,0.0,PO,dar,442704,"""KDU-ČSL""",2022-12-14,,,
2022,16192656,0.0,PO,dar,442704,"""KDU-ČSL""",2022-12-14,,,
2022,16192656,0.0,PO,dar,442704,"""KDU-ČSL""",2022-12-14,,,
2022,16192656,5901.0,PO,dar,442704,"""KDU-ČSL""",2022-10-20,,,
2022,16192656,9761.0,PO,dar,442704,"""KDU-ČSL""",2022-09-17,,,
2022,16192656,20000.0,PO,dar,60748044,"""KKS-SERVIS, spol. s r.o.""",2022-09-15,,,
2022,16192656,50000.0,PO,dar,42340802,"""KKS, spol.  s r. o.""",2022-08-23,,,
2022,16192656,100000.0,PO,dar,42340802,"""KKS, spol.  s r. o.""",2022-05-09,,,
2022,16192656,100000.0,PO,dar,4807791,"""KN WOOD s.r.o.""",2022-05-30,,,
2022,16192656,30000.0,PO,dar,45193975,"""KOMERC 92 spol. s r.o.""",2022-01-31,,,
2022,16192656,25000.0,PO,dar,4882563,"""Konemo, spol. s r.o.""",2022-06-29,,,
2022,16192656,100000.0,PO,dar,15271960,"""Konzervativní strana""",2022-09-10,,,
2022,16192656,0.0,PO,dar,3892026,"""KORBEL facility s.r.o.""",2022-09-27,,,
2022,16192656,300000.0,PO,dar,25395912,"""KORIA a.s.""",2022-05-30,,,
2022,16192656,25000.0,PO,dar,26082934,"""Koritensky a.s.""",2022-08-26,,,
2022,16192656,150000.0,PO,dar,44266740,"""Koruna Česká (monarchistická strana Čech, Moravy a Slezska)""",2022-09-15,,,
2022,16192656,10000.0,PO,dar,25425641,"""Kovoobrábění Neschner s.r.o.""",2022-09-01,,,
2022,16192656,25000.0,PO,dar,25289152,"""Kudláček Waldek Körber Consulting s.r.o.""",2022-08-23,,,
2022,16192656,25000.0,PO,dar,25289152,"""Kudláček Waldek Körber Consulting s.r.o.""",2022-08-23,,,
2022,16192656,50000.0,PO,dar,25289152,"""Kudláček Waldek Körber Consulting s.r.o.""",2022-07-29,,,
2022,16192656,50000.0,PO,dar,25289152,"""Kudláček Waldek Körber Consulting s.r.o.""",2022-07-27,,,
2022,16192656,100000.0,PO,dar,25962531,"""LANA VAMBERK s.r.o.""",2022-06-14,,,
2022,16192656,50000.0,PO,dar,5530644,"""LBCREPES s.r.o.""",2022-06-07,,,
2022,16192656,150000.0,PO,dar,45193118,"""Lesostavby Frýdek-Místek a. s.""",2022-08-17,,,
2022,16192656,100000.0,PO,dar,40232751,"""LIF, a.s.""",2022-04-19,,,
2022,16192656,100000.0,PO,dar,9926895,"""LIFreal byty s.r.o.""",2022-05-31,,,
2022,16192656,0.0,PO,dar,5639158,"""Link City Centrum NS s.r.o.""",2022-08-25,,,
2022,16192656,20000.0,PO,dar,28081145,"""LIV CZ s. r. o.""",2022-04-29,,,
2022,16192656,10000.0,PO,dar,8482691,"""LLP Develop s.r.o.""",2022-09-11,,,
2022,16192656,20000.0,PO,dar,9257781,"""Loduos s.r.o.""",2022-05-30,,,
2022,16192656,30000.0,PO,dar,25103245,"""LOSL s.r.o.""",2022-09-19,,,
2022,16192656,10000.0,PO,dar,29060338,"""LoStav Building s. r. o.""",2022-09-05,,,
2022,16192656,20000.0,PO,dar,48288128,"""Lounská stavební, spol. s r.o.""",2022-07-08,,,
2022,16192656,9999.0,PO,dar,24151106,"""LS Group CZ s.r.o.""",2022-07-11,,,
2022,16192656,25000.0,PO,dar,29029945,"""LUSPOL SE""",2022-08-31,,,
2022,16192656,50000.0,PO,dar,27521176,"""M-Bet s.r.o.""",2022-07-22,,,
2022,16192656,200000.0,PO,dar,28520734,"""M.K.trade systems, s.r.o.""",2022-09-22,,,
2022,16192656,75000.0,PO,dar,28520734,"""M.K.trade systems, s.r.o.""",2022-09-02,,,
2022,16192656,150000.0,PO,dar,28520734,"""M.K.trade systems, s.r.o.""",2022-10-31,,,
2022,16192656,50000.0,PO,dar,27156745,"""MADAPA s.r.o.""",2022-06-22,,,
2022,16192656,70000.0,PO,dar,1745841,"""Malcom cz s.r.o.""",2022-04-21,,,
2022,16192656,50000.0,PO,dar,29200393,"""Mandát & partneři s.r.o.""",2022-09-16,,,
2022,16192656,80000.0,PO,dar,26030616,"""MANE HOLDING, a.s.""",2022-05-26,,,
2022,16192656,100000.0,PO,dar,28774230,"""MAPO projekt, s.r.o.""",2022-06-13,,,
2022,16192656,20000.0,PO,dar,28774230,"""MAPO projekt, s.r.o.""",2022-07-13,,,
2022,16192656,50000.0,PO,dar,28774230,"""MAPO projekt, s.r.o.""",2022-10-10,,,
2022,16192656,100000.0,PO,dar,28774230,"""MAPO projekt, s.r.o.""",2022-09-15,,,
2022,16192656,8500.0,PO,dar,29227674,"""Marba s.r.o.""",2022-10-07,,,
2022,16192656,35000.0,PO,dar,27824578,"""MERANO a.s.""",2022-02-16,,,
2022,16192656,20000.0,PO,dar,67488943,"""METALDENT CZ - Ilona Juřičková""",2022-05-31,,,
2022,16192656,150000.0,PO,dar,6195946,"""Mezi plůtky s.r.o.""",2022-07-04,,,
2022,16192656,60000.0,PO,dar,4373456,"""MFP Real Estate s.r.o.""",2022-07-26,,,
2022,16192656,50000.0,PO,dar,60705795,"""MG Credit""",2022-07-20,,,
2022,16192656,25000.0,PO,dar,25432842,"""MILŠTEJN, s.r.o.""",2022-07-07,,,
2022,16192656,0.0,PO,dar,5848342,"""Minuano Holding s.r.o.""",2022-08-26,,,
2022,16192656,0.0,PO,dar,10397558,"""Miroslava Lazarová ELBIS cestovní kancelář""",2022-09-19,,,
2022,16192656,10000.0,PO,dar,10397558,"""Miroslava Lazarová ELBIS cestovní kancelář""",2022-03-29,,,
2022,16192656,30000.0,PO,dar,29354234,"""MIXCZ-POL s.r.o.""",2022-06-06,,,
2022,16192656,30000.0,PO,dar,6954758,"""Monteks Plus s.r.o.""",2022-04-06,,,
2022,16192656,50000.0,PO,dar,25534998,"""MONTYS CZ s.r.o.""",2022-07-25,,,
2022,16192656,300000.0,PO,dar,62525182,"""MOTOR JIKOV Group a.s.""",2022-08-26,,,
2022,16192656,60000.0,PO,dar,7055285,"""MP Developers s.r.o.""",2022-06-29,,,
2022,16192656,5000.0,PO,dar,26819112,"""MSV Studénka s.r.o.""",2022-03-30,,,
2022,16192656,17000.0,PO,dar,1888234,"""MUDr. Miroslav Klíma s.r.o.""",2022-05-26,,,
2022,16192656,120000.0,PO,dar,3593380,"""MUDr. Zdeněk Grünwald s.r.o.""",2022-08-16,,,
2022,16192656,91000.0,PO,dar,3593380,"""MUDr. Zdeněk Grünwald s.r.o.""",2022-10-25,,,
2022,16192656,70000.0,PO,dar,9209859,"""MVK Portfolio s.r.o.""",2022-09-20,,,
2022,16192656,35000.0,PO,dar,27690008,"""Navip s.r.o.""",2022-09-20,,,
2022,16192656,0.0,PO,dar,27311791,"""NRG Group a.s.""",2022-09-19,,,
2022,16192656,100000.0,PO,dar,27311791,"""NRG Group a.s.""",2022-04-22,,,
2022,16192656,100000.0,PO,dar,27311791,"""NRG Group a.s.""",2022-08-16,,,
2022,16192656,8000.0,PO,dar,46710922,"""O S E X   Ž A T E C , společnost s ručením omezeným""",2022-08-30,,,
2022,16192656,30000.0,PO,dar,3660478,"""OC Pila s.r.o.""",2022-09-13,,,
2022,16192656,30000.0,PO,dar,2124611,"""Oční optika Věra Mišurcová s.r.o.""",2022-02-17,,,
2022,16192656,5000.0,PO,dar,26402637,"""Odeř Agrar k.s.""",2022-08-17,,,
2022,16192656,200000.0,PO,dar,6062008,"""OIG Power s.r.o.""",2022-10-25,,,
2022,16192656,200000.0,PO,dar,3349489,"""Omnia Invest Group, spol. s r.o.""",2022-01-18,,,
2022,16192656,0.0,PO,dar,27744515,"""OP Security s.r.o.""",2022-09-23,,,
2022,16192656,250000.0,PO,dar,9517979,"""Optimal Solution Agency s.r.o.""",2022-06-23,,,
2022,16192656,15000.0,PO,dar,7410280,"""Ostravské rekultivace s.r.o.""",2022-03-09,,,
2022,16192656,250000.0,PO,dar,27689778,"""P.P. Architects s.r.o.""",2022-06-16,,,
2022,16192656,100000.0,PO,dar,60728515,"""PARTR spol. s r.o.""",2022-09-13,,,
2022,16192656,250000.0,PO,dar,26118963,"""PASSERINVEST GROUP, a.s.""",2022-09-05,,,
2022,16192656,200000.0,PO,dar,26118963,"""PASSERINVEST GROUP, a.s.""",2022-07-26,,,
2022,16192656,250000.0,PO,dar,26118963,"""PASSERINVEST GROUP, a.s.""",2022-07-26,,,
2022,16192656,30000.0,PO,dar,43960651,"""Pekařství ILLÍK s.r.o.""",2022-05-27,,,
2022,16192656,30000.0,PO,dar,46577483,"""PeMaP s.r.o.""",2022-08-30,,,
2022,16192656,10000.0,PO,dar,28167228,"""PETR CAR a.s.""",2022-05-25,,,
2022,16192656,22000.0,PO,dar,6601791,"""Petr Sameš s.r.o.""",2022-12-13,,,
2022,16192656,50000.0,PO,dar,7521804,"""Plastická chirurgie MUDr. David Štěpán s.r.o.""",2022-06-27,,,
2022,16192656,30000.0,PO,dar,28790545,"""POL-SKONE CZ s.r.o.""",2022-07-17,,,
2022,16192656,25000.0,PO,dar,1971166,"""Prádelna na Starém městě, s.r.o.""",2022-07-18,,,
2022,16192656,7000.0,PO,dar,1808290,"""Praktický lékař Louny s.r.o.""",2022-07-03,,,
2022,16192656,100000.0,PO,dar,29124051,"""Premier Energy service s.r.o.""",2022-06-29,,,
2022,16192656,0.0,PO,dar,27559572,"""Print Promotion s.r.o.""",2022-07-27,,,
2022,16192656,10000.0,PO,dar,4303342,"""Pro CleanLife s.r.o.""",2022-09-25,,,
2022,16192656,20000.0,PO,dar,4303342,"""Pro CleanLife s.r.o.""",2022-08-08,,,
2022,16192656,20000.0,PO,dar,4392175,"""PROBUS INVEST s.r.o.""",2022-08-03,,,
2022,16192656,45000.0,PO,dar,63494213,"""ProEx 2000, spol. s r.o.""",2022-09-30,,,
2022,16192656,20000.0,PO,dar,63494213,"""ProEx 2000, spol. s r.o.""",2022-05-29,,,
2022,16192656,7000.0,PO,dar,22773100,"""Progres Group s.r.o.""",2022-07-27,,,
2022,16192656,10000.0,PO,dar,28714792,"""Projekce dopravní Filip s.r.o.""",2022-08-03,,,
2022,16192656,100000.0,PO,dar,61173991,"""Projekční společnost obchodních center, v. o. s.""",2022-08-11,,,
2022,16192656,150000.0,PO,dar,49550748,"""PRONA - SLUŽBY Kladno, s.r.o.""",2022-05-25,,,
2022,16192656,100000.0,PO,dar,24195553,"""PROSPEA a.s.""",2022-08-04,,,
2022,16192656,50000.0,PO,dar,8378118,"""První vzájemná společnost s.r.o.""",2022-09-05,,,
2022,16192656,5300.0,PO,dar,8378118,"""První vzájemná společnost s.r.o.""",2022-09-26,,,
2022,16192656,50000.0,PO,dar,28302371,"""PSG a.s""",2022-05-31,,,
2022,16192656,15000.0,PO,dar,5042020,"""PSG Construction a.s.""",2022-04-05,,,
2022,16192656,200000.0,PO,dar,17048869,"""PSN s.r.o.""",2022-06-20,,,
2022,16192656,150000.0,PO,dar,17048869,"""PSN s.r.o.""",2022-05-09,,,
2022,16192656,0.0,PO,dar,1637096,"""qb coffee s.r.o.""",2022-07-20,,,
2022,16192656,15000.0,PO,dar,26769166,"""Quick Office s.r.o.""",2022-12-20,,,
2022,16192656,15000.0,PO,dar,49611399,"""R - KONZULT spol. s r.o.""",2022-05-27,,,
2022,16192656,4000.0,PO,dar,4336402,"""Ratole s.r.o.""",2022-09-05,,,
2022,16192656,38000.0,PO,dar,26276143,"""RAVAL INTERIER s.r.o.""",2022-11-04,,,
2022,16192656,20000.0,PO,dar,26843820,"""RAYNET s.r.o.""",2022-07-18,,,
2022,16192656,0.0,PO,dar,27331954,"""RB engineering s.r.o.""",2022-09-21,,,
2022,16192656,50000.0,PO,dar,27331954,"""RB engineering s.r.o.""",2022-08-03,,,
2022,16192656,20000.0,PO,dar,10743812,"""Realitní aukce, s.r.o.""",2022-05-24,,,
2022,16192656,30000.0,PO,dar,26868130,"""REDENGE solutions s.r.o.""",2022-08-11,,,
2022,16192656,10000.0,PO,dar,61975192,"""REKUMAT Wärmeprozesstechnik ČR spol. s.r.o.""",2022-03-30,,,
2022,16192656,25000.0,PO,dar,25418815,"""REXWOOD s.r.o.""",2022-08-26,,,
2022,16192656,20000.0,PO,dar,7350392,"""RH imobilie s.r.o.""",2022-07-19,,,
2022,16192656,70000.0,PO,dar,28149611,"""RIFIONELA a.s.""",2022-09-15,,,
2022,16192656,100000.0,PO,dar,26238616,"""RIS-MONT s.r.o.""",2022-07-19,,,
2022,16192656,250000.0,PO,dar,26031809,"""Rodinný pivovar BERNARD a.s.""",2022-07-19,,,
2022,16192656,665000.0,PO,dar,26031809,"""Rodinný pivovar BERNARD a.s.""",2022-10-19,,,
2022,16192656,950000.0,PO,dar,26031809,"""Rodinný pivovar BERNARD a.s.""",2022-09-14,,,
2022,16192656,350000.0,PO,dar,26031809,"""Rodinný pivovar BERNARD a.s.""",2022-08-22,,,
2022,16192656,20000.0,PO,dar,5662851,"""ROKA Transport s.r.o.""",2022-09-08,,,
2022,16192656,10000.0,PO,dar,3081222,"""RWT projekt s.r.o.""",2022-08-08,,,
2022,16192656,50000.0,PO,dar,25410199,"""SAB SERVICE s.r.o.""",2022-04-05,,,
2022,16192656,30000.0,PO,dar,29316430,"""SaBHolz s.r.o.""",2022-06-06,,,
2022,16192656,20000.0,PO,dar,29132983,"""Salit spol. s r.o.""",2022-07-22,,,
2022,16192656,0.0,PO,dar,24119865,"""SC Eden Beroun, s.r.o.""",2022-08-15,,,
2022,16192656,25000.0,PO,dar,27662713,"""SELCOM, s.r.o.""",2022-06-27,,,
2022,16192656,60000.0,PO,dar,28207211,"""Selfon s.r.o.""",2022-04-14,,,
2022,16192656,0.0,PO,dar,26784602,"""SERGE FASHION E.K.J. s.r.o.""",2022-08-25,,,
2022,16192656,40000.0,PO,dar,25458426,"""Severočeská stavební, a.s.""",2022-08-09,,,
2022,16192656,60000.0,PO,dar,25458426,"""Severočeská stavební, a.s.""",2022-07-27,,,
2022,16192656,15000.0,PO,dar,27745449,"""Schmidt Reality s.r.o.""",2022-03-25,,,
2022,16192656,10000.0,PO,dar,28616677,"""SLEZSKÉ VZDĚLÁVACÍ CENTRUM s.r.o.""",2022-06-15,,,
2022,16192656,5000.0,PO,dar,49902903,"""SLUEN, společnost s ručením omezeným""",2022-07-03,,,
2022,16192656,20000.0,PO,dar,42339839,"""SMO a.s.""",2022-08-04,,,
2022,16192656,50000.0,PO,dar,42339839,"""SMO a.s.""",2022-06-20,,,
2022,16192656,10000.0,PO,dar,28640454,"""Solar Consulting Agency s.r.o.""",2022-08-06,,,
2022,16192656,30000.0,PO,dar,48393835,"""SSKA - Stavení společnost Karviná, a.s.""",2022-01-24,,,
2022,16192656,150000.0,PO,dar,42228468,"""Stako společnost s ručením omezeným, Hradec Králové, Slezské Předměstí, Bieblova 782/7""",2022-06-21,,,
2022,16192656,40000.0,PO,dar,5552656,"""Stará Podolská s.r.o.""",2022-07-26,,,
2022,16192656,0.0,PO,dar,26673908,"""Starostové a nezávislí""",2022-09-27,,,
2022,16192656,56250.0,PO,dar,26673908,"""Starostové a nezávislí""",2022-06-20,,,
2022,16192656,56250.0,PO,dar,26673908,"""Starostové a nezávislí""",2022-06-20,,,
2022,16192656,56250.0,PO,dar,26673908,"""Starostové a nezávislí""",2022-11-10,,,
2022,16192656,56250.0,PO,dar,26673908,"""Starostové a nezávislí""",2022-11-10,,,
2022,16192656,100000.0,PO,dar,71443444,"""Starostové pro občany""",2022-07-21,,,
2022,16192656,100000.0,PO,dar,25261355,"""STK Turnov, s.r.o.""",2022-06-16,,,
2022,16192656,20000.0,PO,dar,26953897,"""STOMATOLOGICKÉ CENTRUM MUDr. IVO MAREK s.r.o.""",2022-06-20,,,
2022,16192656,70000.0,PO,dar,25410482,"""STORING spol. s r.o.""",2022-06-22,,,
2022,16192656,15000.0,PO,dar,7794002,"""Streitová s.r.o.""",2022-05-22,,,
2022,16192656,15000.0,PO,dar,71339612,"""Svobodní - politická strana, politické hnutí""",2022-09-01,,,
2022,16192656,10000.0,PO,dar,27430421,"""Školní kroužky s.r.o.""",2022-09-07,,,
2022,16192656,20000.0,PO,dar,14093049,"""ŠŤOVÍČEK, advokátní kancelář s.r.o.""",2022-08-30,,,
2022,16192656,50000.0,PO,dar,26863511,"""TELEASIST a.s.""",2022-09-09,,,
2022,16192656,3000.0,PO,dar,6991793,"""Těšínské reality s. r. o.""",2022-05-10,,,
2022,16192656,70000.0,PO,dar,10732446,"""TK-OrthoPod s.r.o.""",2022-04-26,,,
2022,16192656,50000.0,PO,dar,48399477,"""TM Stav,spol.s.r.o.""",2022-07-28,,,
2022,16192656,40000.0,PO,dar,44567677,"""To & Mi Vdf. spol. s r.o.""",2022-10-06,,,
2022,16192656,9761.0,PO,dar,71339728,"""TOP 09""",2022-09-17,,,
2022,16192656,0.0,PO,dar,71339728,"""TOP 09""",2022-09-19,,,
2022,16192656,0.0,PO,dar,71339728,"""TOP 09""",2022-12-13,,,
2022,16192656,0.0,PO,dar,71339728,"""TOP 09""",2022-12-14,,,
2022,16192656,0.0,PO,dar,71339728,"""TOP 09""",2022-12-14,,,
2022,16192656,0.0,PO,dar,71339728,"""TOP 09""",2022-12-14,,,
2022,16192656,0.0,PO,dar,71339728,"""TOP 09""",2022-12-14,,,
2022,16192656,0.0,PO,dar,71339728,"""TOP 09""",2022-12-14,,,
2022,16192656,56250.0,PO,dar,71339728,"""TOP 09""",2022-06-16,,,
2022,16192656,56250.0,PO,dar,71339728,"""TOP 09""",2022-06-16,,,
2022,16192656,56250.0,PO,dar,71339728,"""TOP 09""",2022-11-10,,,
2022,16192656,56250.0,PO,dar,71339728,"""TOP 09""",2022-11-10,,,
2022,16192656,30000.0,PO,dar,25558617,"""TORACO s.r.o.""",2022-09-06,,,
2022,16192656,20000.0,PO,dar,25549464,"""TRASKO, a.s.""",2022-09-08,,,
2022,16192656,50000.0,PO,dar,49606778,"""TROJEK, a.s.""",2022-06-06,,,
2022,16192656,50000.0,PO,dar,49606778,"""TROJEK, a.s.""",2022-06-21,,,
2022,16192656,3000.0,PO,dar,27524141,"""TURKE CZ s.r.o.""",2022-08-23,,,
2022,16192656,10000.0,PO,dar,24265632,"""Účetní Anděl s.r.o.""",2022-06-10,,,
2022,16192656,90000.0,PO,dar,26961873,"""UniCab, s.r.o.""",2022-06-13,,,
2022,16192656,5500.0,PO,dar,49810561,"""UNIVERZÁL BOHEMIA s.r.o.""",2022-08-15,,,
2022,16192656,20000.0,PO,dar,2506670,"""UROAMB s.r.o.""",2022-07-25,,,
2022,16192656,50000.0,PO,dar,7571232,"""Vadovský Group s.r.o.""",2022-06-30,,,
2022,16192656,50000.0,PO,dar,60754524,"""Vaše laboratoře s.r.o.""",2022-07-07,,,
2022,16192656,20000.0,PO,dar,49455117,"""VBF s.r.o""",2022-08-12,,,
2022,16192656,40000.0,PO,dar,25258907,"""VIA-NM s.r.o.""",2022-08-05,,,
2022,16192656,10000.0,PO,dar,8281726,"""VKP Finance s.r.o.""",2022-05-25,,,
2022,16192656,0.0,PO,dar,9487221,"""Voila s.r.o.""",2022-09-13,,,
2022,16192656,0.0,PO,dar,9487221,"""Voila s.r.o.""",2022-08-22,,,
2022,16192656,100000.0,PO,dar,25660918,"""VOLTA REAL a.s.""",2022-05-27,,,
2022,16192656,50000.0,PO,dar,4064623,"""Vranovská přehrada s.r.o.""",2022-12-19,,,
2022,16192656,48000.0,PO,dar,4064623,"""Vranovská přehrada s.r.o.""",2022-12-19,,,
2022,16192656,15000.0,PO,dar,27839117,"""W8 s.r.o.""",2022-05-10,,,
2022,16192656,50000.0,PO,dar,62742272,"""WOHER s.r.o.""",2022-07-26,,,
2022,16192656,3000.0,PO,dar,5251931,"""WOXO impressions s.r.o.""",2022-05-11,,,
2022,16192656,5000.0,PO,dar,8480753,"""X SEVEN dopravní stavby s. r. o.""",2022-10-11,,,
2022,16192656,0.0,PO,dar,28706935,"""ZAMEO s.r.o.""",2022-07-01,,,
2022,16192656,50000.0,PO,dar,25682164,"""Zanzibar s.r.o.""",2022-06-06,,,
2022,16192656,90000.0,PO,dar,27853721,"""ZaZa Galerie s.r.o.""",2022-08-11,,,
2022,16192656,10000.0,PO,dar,9285270,"""Zelius, s.r.o.""",2022-08-01,,,
2022,71339698,100000.0,PO,dar,3136922,„Žít Brno“,2022-07-31,,,
2022,71339698,60000.0,PO,dar,6018521,"4fin Better together, a.s.",2022-06-09,,,
2022,71339698,500.0,PO,dar,17225388,counter - x s.r.o.,2022-08-24,,,
2022,71339698,7000.0,PO,dar,409171,Česká strana sociálně demokratická,2022-09-15,,,
2022,71339698,500.0,PO,dar,2361981,Daniel Lebduška,2022-11-20,,,
2022,71339698,1000.0,PO,dar,2361981,Daniel Lebduška,2022-11-20,,,
2022,71339698,500.0,PO,dar,2361981,Daniel Lebduška,2022-12-20,,,
2022,71339698,1000.0,PO,dar,2361981,Daniel Lebduška,2022-12-20,,,
2022,71339698,2000.0,PO,dar,8371750,Denty s.r.o.,2022-11-29,,,
2022,71339698,10000.0,PO,dar,8371750,Denty s.r.o.,2022-08-26,,,
2022,71339698,10000.0,PO,dar,6773591,ENERTOP s.r.o.,2022-12-05,,,
2022,71339698,5000.0,PO,dar,42340454,"ERGO VH, spol. s r.o.",2022-09-16,,,
2022,71339698,5000.0,PO,dar,9829881,EXFORMA Management s.r.o.,2022-12-26,,,
2022,71339698,2500.0,PO,dar,6995381,Filip Vařecha,2022-09-05,,,
2022,71339698,3000.0,PO,dar,6995381,Filip Vařecha,2022-11-23,,,
2022,71339698,250.0,PO,dar,6995381,Filip Vařecha,2022-08-19,,,
2022,71339698,3000.0,PO,dar,6995381,Filip Vařecha,2022-12-23,,,
2022,71339698,2300.0,PO,dar,6995381,Filip Vařecha,2022-07-04,,,
2022,71339698,1000.0,PO,dar,5912482,Frame Production s.r.o.,2022-03-10,,,
2022,71339698,200.0,PO,dar,6318134,GREYZERO s.r.o.,2022-06-22,,,
2022,71339698,100.0,PO,dar,26628295,HAF z.s.,2022-11-21,,,
2022,71339698,100.0,PO,dar,26628295,HAF z.s.,2022-02-26,,,
2022,71339698,100.0,PO,dar,26628295,HAF z.s.,2022-06-21,,,
2022,71339698,100.0,PO,dar,26628295,HAF z.s.,2022-09-21,,,
2022,71339698,100.0,PO,dar,26628295,HAF z.s.,2022-03-21,,,
2022,71339698,100.0,PO,dar,26628295,HAF z.s.,2022-08-22,,,
2022,71339698,100.0,PO,dar,26628295,HAF z.s.,2022-12-21,,,
2022,71339698,100.0,PO,dar,26628295,HAF z.s.,2022-04-21,,,
2022,71339698,100.0,PO,dar,26628295,HAF z.s.,2022-10-21,,,
2022,71339698,100.0,PO,dar,26628295,HAF z.s.,2022-05-23,,,
2022,71339698,100.0,PO,dar,26628295,HAF z.s.,2022-07-21,,,
2022,71339698,56250.0,PO,dar,27039145,Hnutí pro Prahu 11,2022-06-17,,,
2022,71339698,18750.0,PO,dar,27039145,Hnutí pro Prahu 11,2022-12-10,,,
2022,71339698,56250.0,PO,dar,27039145,Hnutí pro Prahu 11,2022-08-20,,,
2022,71339698,56250.0,PO,dar,27039145,Hnutí pro Prahu 11,2022-10-14,,,
2022,71339698,5000.0,PO,dar,71794727,Ing. Pavel Škarvada,2022-08-23,,,
2022,71339698,10000.0,PO,dar,65361075,Ing. Radovan Ent,2022-09-14,,,
2022,71339698,27000.0,PO,dar,75970732,Jakub Jűngling,2022-08-11,,,
2022,71339698,1000.0,PO,dar,75970732,Jakub Jűngling,2022-12-27,,,
2022,71339698,2500.0,PO,dar,5338981,Jan Siegel,2022-08-07,,,
2022,71339698,1000.0,PO,dar,71143106,Jan Svoboda,2022-08-02,,,
2022,71339698,45000.0,PO,dar,73392901,Josef Štěrba,2022-06-09,,,
2022,71339698,1000.0,PO,dar,15051226,"Joštova realitní kancelář - JORK, spol. s r.o.",2022-02-09,,,
2022,71339698,20000.0,PO,dar,47237686,K.O.K. spol. s r.o.,2022-07-26,,,
2022,71339698,30000.0,PO,dar,442704,KDU-ČSL,2022-09-22,,,
2022,71339698,4275.0,PO,dar,442704,KDU-ČSL,2022-07-12,,,
2022,71339698,4275.0,PO,dar,442704,KDU-ČSL,2022-05-06,,,
2022,71339698,4275.0,PO,dar,442704,KDU-ČSL,2022-10-25,,,
2022,71339698,200.0,PO,dar,5865760,LENAZEN s.r.o.,2022-09-20,,,
2022,71339698,300.0,PO,dar,5865760,LENAZEN s.r.o.,2022-09-20,,,
2022,71339698,200.0,PO,dar,5865760,LENAZEN s.r.o.,2022-12-20,,,
2022,71339698,300.0,PO,dar,5865760,LENAZEN s.r.o.,2022-12-20,,,
2022,71339698,200.0,PO,dar,5865760,LENAZEN s.r.o.,2022-10-20,,,
2022,71339698,300.0,PO,dar,5865760,LENAZEN s.r.o.,2022-10-20,,,
2022,71339698,250.0,PO,dar,5865760,LENAZEN s.r.o.,2022-08-25,,,
2022,71339698,500.0,PO,dar,5865760,LENAZEN s.r.o.,2022-08-26,,,
2022,71339698,300.0,PO,dar,5865760,LENAZEN s.r.o.,2022-08-31,,,
2022,71339698,500.0,PO,dar,28436318,"MA projekt, spol. s r.o.",2022-07-25,,,
2022,71339698,500.0,PO,dar,28436318,"MA projekt, spol. s r.o.",2022-11-21,,,
2022,71339698,500.0,PO,dar,28436318,"MA projekt, spol. s r.o.",2022-09-20,,,
2022,71339698,500.0,PO,dar,28436318,"MA projekt, spol. s r.o.",2022-06-20,,,
2022,71339698,500.0,PO,dar,28436318,"MA projekt, spol. s r.o.",2022-08-22,,,
2022,71339698,500.0,PO,dar,28436318,"MA projekt, spol. s r.o.",2022-12-20,,,
2022,71339698,500.0,PO,dar,28436318,"MA projekt, spol. s r.o.",2022-04-20,,,
2022,71339698,500.0,PO,dar,28436318,"MA projekt, spol. s r.o.",2022-10-20,,,
2022,71339698,500.0,PO,dar,28436318,"MA projekt, spol. s r.o.",2022-05-20,,,
2022,71339698,30000.0,PO,dar,88131254,Mgr. Martin Štěrba,2022-06-02,,,
2022,71339698,10000.0,PO,dar,88131254,Mgr. Martin Štěrba,2022-03-18,,,
2022,71339698,2500.0,PO,dar,47535199,"MIH, spol. s r.o.",2022-10-31,,,
2022,71339698,2500.0,PO,dar,47535199,"MIH, spol. s r.o.",2022-07-29,,,
2022,71339698,2500.0,PO,dar,47535199,"MIH, spol. s r.o.",2022-11-29,,,
2022,71339698,2500.0,PO,dar,47535199,"MIH, spol. s r.o.",2022-01-31,,,
2022,71339698,2500.0,PO,dar,47535199,"MIH, spol. s r.o.",2022-02-28,,,
2022,71339698,2500.0,PO,dar,47535199,"MIH, spol. s r.o.",2022-03-29,,,
2022,71339698,2500.0,PO,dar,47535199,"MIH, spol. s r.o.",2022-06-29,,,
2022,71339698,2500.0,PO,dar,47535199,"MIH, spol. s r.o.",2022-09-29,,,
2022,71339698,2500.0,PO,dar,47535199,"MIH, spol. s r.o.",2022-04-29,,,
2022,71339698,2500.0,PO,dar,47535199,"MIH, spol. s r.o.",2022-12-29,,,
2022,71339698,2500.0,PO,dar,47535199,"MIH, spol. s r.o.",2022-08-29,,,
2022,71339698,2500.0,PO,dar,47535199,"MIH, spol. s r.o.",2022-05-30,,,
2022,71339698,10000.0,PO,dar,26960796,Mobilie s.r.o.,2022-09-12,,,
2022,71339698,20000.0,PO,dar,1423908,Neurologie-elektromyografie s.r.o.,2022-09-01,,,
2022,71339698,0.0,PO,dar,3543480,Pro Hansa Group s.r.o.,,,,
2022,71339698,250000.0,PO,dar,3204669,ProOlomouc,2022-07-26,,,
2022,71339698,388460.0,PO,dar,3204669,ProOlomouc,2022-07-11,,,
2022,71339698,100.0,PO,dar,2413604,Reissig holding s.r.o.,2022-11-21,,,
2022,71339698,100.0,PO,dar,2413604,Reissig holding s.r.o.,2022-06-20,,,
2022,71339698,100.0,PO,dar,2413604,Reissig holding s.r.o.,2022-09-20,,,
2022,71339698,100.0,PO,dar,2413604,Reissig holding s.r.o.,2022-08-22,,,
2022,71339698,100.0,PO,dar,2413604,Reissig holding s.r.o.,2022-04-20,,,
2022,71339698,100.0,PO,dar,2413604,Reissig holding s.r.o.,2022-10-20,,,
2022,71339698,100.0,PO,dar,2413604,Reissig holding s.r.o.,2022-05-20,,,
2022,71339698,100.0,PO,dar,2413604,Reissig holding s.r.o.,2022-07-20,,,
2022,71339698,100000.0,PO,dar,6695205,SEN 21,2022-01-24,,,
2022,71339698,336000.0,PO,dar,6695205,SEN 21,2022-01-24,,,
2022,71339698,8000.0,PO,dar,29298814,smsticket s.r.o.,2022-08-23,,,
2022,71339698,317000.0,PO,dar,26673908,STAROSTOVÉ A NEZÁVISLÍ,2022-08-08,,,
2022,71339698,4863460.0,PO,dar,26673908,STAROSTOVÉ A NEZÁVISLÍ,2022-12-05,,,
2022,71339698,78750.0,PO,dar,26673908,STAROSTOVÉ A NEZÁVISLÍ,2022-12-09,,,
2022,71339698,78750.0,PO,dar,26673908,STAROSTOVÉ A NEZÁVISLÍ,2022-12-09,,,
2022,71339698,78750.0,PO,dar,26673908,STAROSTOVÉ A NEZÁVISLÍ,2022-06-28,,,
2022,71339698,78750.0,PO,dar,26673908,STAROSTOVÉ A NEZÁVISLÍ,2022-06-28,,,
2022,71339698,4863460.0,PO,dar,26673908,STAROSTOVÉ A NEZÁVISLÍ,2022-05-16,,,
2022,71339698,4863460.0,PO,dar,26673908,STAROSTOVÉ A NEZÁVISLÍ,2022-07-21,,,
2022,71339698,4863460.0,PO,dar,26673908,STAROSTOVÉ A NEZÁVISLÍ,2022-10-24,,,
2022,71339698,4863462.0,PO,dar,26673908,STAROSTOVÉ A NEZÁVISLÍ,2022-03-22,,,
2022,71339698,10000.0,PO,dar,409740,Strana zelených,2022-09-02,,,
2022,71339698,10000.0,PO,dar,409740,Strana zelených,2022-09-07,,,
2022,71339698,30000.0,PO,dar,409740,Strana zelených,2022-09-15,,,
2022,71339698,50000.0,PO,dar,409740,Strana zelených,2022-08-15,,,
2022,71339698,20000.0,PO,dar,409740,Strana zelených,2022-08-19,,,
2022,71339698,50000.0,PO,dar,409740,Strana zelených,2022-09-27,,,
2022,71339698,9661.0,PO,dar,409740,Strana zelených,2022-09-28,,,
2022,71339698,20000.0,PO,dar,409740,Strana zelených,2022-08-23,,,
2022,71339698,20000.0,PO,dar,409740,Strana zelených,2022-08-23,,,
2022,71339698,100000.0,PO,dar,409740,Strana zelených,2022-07-19,,,
2022,71339698,20000.0,PO,dar,409740,Strana zelených,2022-07-19,,,
2022,71339698,92144.0,PO,dar,409740,Strana zelených,2022-08-26,,,
2022,71339698,6000.0,PO,dar,409740,Strana zelených,2022-10-24,,,
2022,71339698,30000.0,PO,dar,7231903,"ThinkTa, z.s.",2022-07-29,,,
2022,71339698,40000.0,PO,dar,7231903,"ThinkTa, z.s.",2022-06-21,,,
2022,71339698,100.0,PO,dar,7231903,"ThinkTa, z.s.",2022-05-20,,,
2022,71339698,73677.0,PO,dar,71339728,TOP 09,2022-09-02,,,
2022,71339698,10000.0,PO,dar,25528262,WebStep s.r.o.,2022-09-12,,,
2022,71339698,10000.0,PO,dar,25528262,WebStep s.r.o.,2022-08-19,,,
2022,71339698,10000.0,PO,dar,25528262,WebStep s.r.o.,2022-07-19,,,
2022,10742409,30000.0,PO,dar,11649836,"AdviceOne, s.r.o.",2022-09-09,,,
2022,10742409,30000.0,PO,dar,11649836,"AdviceOne, s.r.o.",2022-09-22,,,
2022,10742409,0.0,PO,dar,11649836,"AdviceOne, s.r.o.",2022-08-01,,,
2022,10742409,0.0,PO,dar,11649836,"AdviceOne, s.r.o.",2022-09-15,,,
2022,10742409,0.0,PO,dar,11649836,"AdviceOne, s.r.o.",2022-09-14,,,
2022,10742409,0.0,PO,dar,11649836,"AdviceOne, s.r.o.",2022-09-13,,,
2022,10742409,6000.0,PO,dar,26957612,"AK DENT, s.r.o.",2022-09-22,,,
2022,10742409,0.0,PO,dar,29212910,BIONYX s.r.o.,2022-01-20,,,
2022,10742409,5000.0,PO,dar,3865363,"CAFÉ PANAV, spol. s r.o.",2022-08-15,,,
2022,10742409,10000.0,PO,dar,3865363,"CAFÉ PANAV, spol. s r.o.",2022-08-25,,,
2022,10742409,25000.0,PO,dar,28674260,"ETERA, s.r.o.",2022-08-23,,,
2022,10742409,0.0,PO,dar,26143631,J Property Management s.r.o.,2022-02-01,,,
2022,10742409,2775.0,PO,dar,6898572,"Rozvoj - Prosperita město Poděbrady, z.s.",2022-09-25,,,
2022,10742409,2100.0,PO,dar,6898572,"Rozvoj - Prosperita město Poděbrady, z.s.",2022-08-29,,,
2022,10742409,0.0,PO,dar,5012881,"Sdružení nezávislých občanů Prahy 5, z. s.",2022-09-14,,,
2022,10742409,120000.0,PO,dar,9781994,Spolek NAPŘÍMO,2022-02-25,,,
2022,10742409,0.0,PO,dar,8659371,ŠIMWAY s.r.o.,2022-01-01,,,
2022,10742409,0.0,PO,dar,28830784,T.J. LSD Road s.r.o.,,,,
2022,10742409,50000.0,PO,dar,28830784,T.J. LSD Road s.r.o.,2022-06-07,,,
2022,10742409,0.0,PO,dar,41531256,Zdeněk Florus,2022-01-20,,,
2022,10742409,0.0,PO,dar,7652178,ZP-Tronic s.r.o.,2022-05-12,,,
2022,10742409,0.0,PO,dar,7652178,ZP-Tronic s.r.o.,2022-07-19,,,
2022,10742409,3000.0,PO,dar,7652178,ZP-Tronic s.r.o.,2022-03-16,,,
2022,00409171,300000.0,PO,dar,26236401,"AREAL SLATINA, a.s.",,,,
2022,00409171,150000.0,PO,dar,25586211,CAFFE IDEA s.r.o.,,,,
2022,00409171,30000.0,PO,dar,25586211,CAFFE IDEA s.r.o.,,,,
2022,00409171,30000.0,PO,dar,32115,COOP družstvo HB,,,,
2022,00409171,10000.0,PO,dar,14614855,"ELPOS, s.r.o.",,,,
2022,00409171,10000.0,PO,dar,14614855,"ELPOS, s.r.o.",,,,
2022,00409171,10000.0,PO,dar,14614855,"ELPOS, s.r.o.",,,,
2022,00409171,25000.0,PO,dar,7166770,ENVIL Standard Parts s.r.o.,,,,
2022,00409171,50000.0,PO,dar,28772679,GASCO HOLDING s.r.o.,,,,
2022,00409171,10000.0,PO,dar,25381385,HPH SERVIS spol. s r.o.,,,,
2022,00409171,10000.0,PO,dar,49628089,Levice,,,,
2022,00409171,15000.0,PO,dar,72050721,"MDDr. Eva Okáčová, zubní ordinace",,,,
2022,00409171,10000.0,PO,dar,72050721,"MDDr. Eva Okáčová, zubní ordinace",,,,
2022,00409171,20000.0,PO,dar,45214221,MUDr. Jindřich Sobotka,,,,
2022,00409171,10000.0,PO,dar,29292743,MUDr. Nečas Lubomír s.r.o.,,,,
2022,00409171,10000.0,PO,dar,64629741,MUDr. Pavel Andrýsek,,,,
2022,00409171,10000.0,PO,dar,29306426,MUDr. VONDRÁKOVÁ s.r.o.,,,,
2022,00409171,20000.0,PO,dar,41049543,Radomír Váhala,,,,
2022,00409171,45000.0,PO,dar,27703568,"RONYTRANS, s.r.o.",,,,
2022,00409171,300000.0,PO,dar,25261282,"SILNICE ČÁSLAV - HOLDING, a.s.",,,,
2022,00409171,30000.0,PO,dar,26961474,"SKR stav, s.r.o.",,,,
2022,00409171,50000.0,PO,dar,655767,Stavební keramika spol s r.o.,,,,
2022,00409171,35000.0,PO,dar,409740,Strana zelených,,,,
2022,00409171,63800.0,PO,dar,409740,Strana zelených,,,,
2022,00409171,36933.0,PO,dar,409740,Strana zelených,,,,
2022,00409171,57200.0,PO,dar,409740,Strana zelených,,,,
2022,00409171,23650.0,PO,dar,409740,Strana zelených,,,,
2022,00409171,10000.0,PO,dar,25514351,"TECHNOSERVIS MT, s.r.o.",,,,
2022,00409171,50000.0,PO,dar,105309,"ZD Březina nad Jizerou, družstvo",,,,
2022,00409171,20000.0,PO,dar,6150721,ZENIT PROPERTY s.r.o.,,,,
2022,26673908,0.0,PO,dar,5976483,Amadeus Real Estate,2022-09-07,,,
2022,26673908,0.0,PO,dar,12302678,Autoservis Gořalík,2022-09-19,,,
2022,26673908,50000.0,PO,dar,28234642,Bidfood Czech Republic,,,,
2022,26673908,0.0,PO,dar,10865861,BÍLÝ KONÍČEK PARDUBICE s.r.o.,2022-09-04,,,
2022,26673908,300000.0,PO,dar,44846908,CASUA,2022-10-24,,,
2022,26673908,200000.0,PO,dar,1384147,City Home,,,,
2022,26673908,40000.0,PO,dar,71339698,Česká pirátská strana,2022-08-18,,,
2022,26673908,44241.7,PO,dar,71339698,Česká pirátská strana,,,,
2022,26673908,10000.0,PO,dar,71339698,Česká pirátská strana,2022-09-08,,,
2022,26673908,60000.0,PO,dar,71443142,Desítka pro domácí,,,,
2022,26673908,-60000.0,PO,dar,71443142,Desítka pro domácí,,,,
2022,26673908,10000.0,PO,dar,25531735,ERMONTA s.r.o.,2022-10-11,,,
2022,26673908,40625.0,PO,dar,3116603,Hnutí SOL,,,,
2022,26673908,40625.0,PO,dar,3116603,Hnutí SOL,,,,
2022,26673908,40625.0,PO,dar,3116603,Hnutí SOL,,,,
2022,26673908,40625.0,PO,dar,3116603,Hnutí SOL,,,,
2022,26673908,500000.0,PO,dar,26423910,"HZ Real, s. r. o.",2022-10-12,,,
2022,26673908,18000.0,PO,dar,442704,KDU-ČSL,,,,
2022,26673908,5203.0,PO,dar,7117736,KLIMASERVICE24 s.r.o.,,,,
2022,26673908,-5203.0,PO,dar,7117736,KLIMASERVICE24 s.r.o.,,,,
2022,26673908,400000.0,PO,dar,2947609,Koalice VLASTA,,,,
2022,26673908,80000.0,PO,dar,71443606,Liberálně ekologická strana,,,,
2022,26673908,12125.0,PO,dar,3162125,Město pro vás,,,,
2022,26673908,0.0,PO,dar,24235598,MONTAKO - obchod s.r.o.,2022-09-19,,,
2022,26673908,5200.0,PO,dar,6021590,MORIARTY s.r.o.,2022-09-26,,,
2022,26673908,34500.0,PO,dar,60458399,NEZÁVISLÍ,,,,
2022,26673908,0.0,PO,dar,60458399,NEZÁVISLÍ,2022-09-21,,,
2022,26673908,0.0,PO,dar,60458399,NEZÁVISLÍ,2022-09-21,,,
2022,26673908,0.0,PO,dar,60458399,NEZÁVISLÍ,2022-09-21,,,
2022,26673908,0.0,PO,dar,60458399,NEZÁVISLÍ,2022-09-21,,,
2022,26673908,0.0,PO,dar,60458399,NEZÁVISLÍ,2022-09-21,,,
2022,26673908,0.0,PO,dar,25035860,Noesis s.r.o.,2022-09-01,,,
2022,26673908,400000.0,PO,dar,3099598,Občané patrioti,,,,
2022,26673908,500000.0,PO,dar,3099598,Občané patrioti,2022-09-19,,,
2022,26673908,33750.0,PO,dar,16192656,Občanská demokratická strana,,,,
2022,26673908,33750.0,PO,dar,16192656,Občanská demokratická strana,,,,
2022,26673908,33750.0,PO,dar,16192656,Občanská demokratická strana,,,,
2022,26673908,33750.0,PO,dar,16192656,Občanská demokratická strana,,,,
2022,26673908,33750.0,PO,dar,16192656,Občanská demokratická strana,,,,
2022,26673908,10000.0,PO,dar,46577483,PeMaP s.r.o.,2022-10-10,,,
2022,26673908,0.0,PO,dar,62620070,POL PRODUCTION s.r.o.,2022-09-15,,,
2022,26673908,0.0,PO,dar,62620070,POL PRODUCTION s.r.o.,2022-09-15,,,
2022,26673908,0.0,PO,dar,24752843,Rozlet servis s.r.o.,2022-10-13,,,
2022,26673908,150000.0,PO,dar,6695205,SENÁTOR 21,,,,
2022,26673908,333333.0,PO,dar,70869553,SNK Evropští demokraté,,,,
2022,26673908,29687.5,PO,dar,409740,Strana zelených,,,,
2022,26673908,400000.0,PO,dar,409740,Strana zelených,2022-07-22,,,
2022,26673908,200000.0,PO,dar,409740,Strana zelených,2022-09-23,,,
2022,26673908,50000.0,PO,dar,409740,Strana zelených,,,,
2022,26673908,9000.0,PO,dar,409740,Strana zelených,,,,
2022,26673908,250000.0,PO,dar,409740,Strana zelených,,,,
2022,26673908,75000.0,PO,dar,409740,Strana zelených,,,,
2022,26673908,96000.0,PO,dar,409740,Strana zelených,,,,
2022,26673908,29687.5,PO,dar,409740,Strana zelených,,,,
2022,26673908,29687.5,PO,dar,409740,Strana zelených,,,,
2022,26673908,29687.5,PO,dar,409740,Strana zelených,,,,
2022,26673908,0.0,PO,dar,46504711,SYNPO akciová společnost,2022-09-04,,,
2022,26673908,0.0,PO,dar,28331222,Thurner Computers s.r.o.,2022-09-12,,,
2022,26673908,70000.0,PO,dar,71339728,TOP 09,,,,
2022,26673908,80000.0,PO,dar,71339728,TOP 09,,,,
2022,26673908,100000.0,PO,dar,71339728,TOP 09,2022-07-19,,,
2022,26673908,100000.0,PO,dar,71339728,TOP 09,2022-10-06,,,
2022,26673908,20000.0,PO,dar,71339728,TOP 09,2022-07-22,,,
2022,26673908,0.0,PO,dar,60734078,Uchytil s.r.o.,2022-09-01,,,
2022,26673908,0.0,PO,dar,7588445,"Vector Chrudim, s.r.o.",2022-09-03,,,
2022,26673908,0.0,PO,dar,46507833,"Vertikál Chrudim, s.r.o.",2022-09-04,,,
2022,26673908,0.0,PO,dar,46789804,VK JIRKOV,2022-08-01,,,
2022,26673908,200000.0,PO,dar,71443355,Východočeši,,,,
2022,26673908,25000.0,PO,dar,71443355,Východočeši,,,,
2022,26673908,0.0,PO,dar,4782640,Zahradní centrum Jirkov,2022-08-01,,,
2022,26673908,0.0,PO,dar,4025474,Záložna Restaurant,2022-09-06,,,
2022,26673908,0.0,PO,dar,60714671,Zlínské cihelny s. r. o.,2022-09-02,,,
2022,71339612,10000.0,PO,dar,76070441,Advokátní kancelář Homolka,2022-08-09,,,
2022,71339612,5000.0,PO,dar,29316693,CUP Security s.r.o.,2022-08-05,,,
2022,71339612,0.0,PO,dar,46346040,ICOM transport a.s.,,,,
2022,71339612,0.0,PO,dar,25519981,Lepart s.r.o.,,,,
2022,71339612,5000.0,PO,dar,28864981,Longreal s.r.o,2022-09-19,,,
2022,71339612,196824.0,PO,dar,4290321,MASADA Security Solutions s.r.o.,2022-10-31,,,
2022,71339612,5000.0,PO,dar,62178695,Mgr. David Němeček,2022-07-29,,,
2022,71339612,5000.0,PO,dar,62178695,Mgr. David Němeček,2022-09-07,,,
2022,71339612,100000.0,PO,dar,5429897,MHdent.com s.r.o.,2022-11-29,,,
2022,71339612,5000.0,PO,dar,7721692,"TJ – Kov, s.r.o.",2022-09-14,,,
2022,71339728,0.0,PO,dar,15057763,"""F A L C O"", spol. s r.o.",,,,
2022,71339728,0.0,PO,dar,15057763,"""F A L C O"", spol. s r.o.",,,,
2022,71339728,5000.0,PO,dar,24190420,"Ad Astra Cargo, s.r.o.",,,,
2022,71339728,35000.0,PO,dar,3854116,AIRMOBIS s.r.o.,,,,
2022,71339728,30000.0,PO,dar,3854116,AIRMOBIS s.r.o.,,,,
2022,71339728,0.0,PO,dar,4116054,AKČNÍ - NÁŘADÍ.CZ s.r.o.,,,,
2022,71339728,20000.0,PO,dar,28164199,Alchimica s.r.o.,,,,
2022,71339728,30000.0,PO,dar,3325008,Animalab s.r.o.,,,,
2022,71339728,30000.0,PO,dar,26072602,"ASTON - služby v ekologii, s.r.o.",,,,
2022,71339728,2000.0,PO,dar,27538966,"Autokšeft, s.r.o.",,,,
2022,71339728,0.0,PO,dar,27221903,"Aviatický klub, s.r.o.",,,,
2022,71339728,50000.0,PO,dar,5020352,BP STAVBY Morava s.r.o.,,,,
2022,71339728,60000.0,PO,dar,9925635,Bubnovi s.r.o.,,,,
2022,71339728,40000.0,PO,dar,9925635,Bubnovi s.r.o.,,,,
2022,71339728,150000.0,PO,dar,60736828,CARGOTEC s.r.o.,,,,
2022,71339728,200000.0,PO,dar,1384147,"City Home, s.r.o.",,,,
2022,71339728,170000.0,PO,dar,6371621,Crystal Capital s.r.o.,,,,
2022,71339728,0.0,PO,dar,46358986,Czernin AGRO s.r.o.,,,,
2022,71339728,0.0,PO,dar,24763161,Czernin Dymokury s.r.o.,,,,
2022,71339728,0.0,PO,dar,16577477,"Český rybářský svaz, z. s., místní organizace Dymokury",,,,
2022,71339728,20000.0,PO,dar,27670937,DCT Czech s.r.o.,,,,
2022,71339728,0.0,PO,dar,27636801,DEK a.s.,,,,
2022,71339728,5000.0,PO,dar,28291786,DMK system s.r.o.,,,,
2022,71339728,280000.0,PO,dar,3629988,Dynamic Products s.r.o.,,,,
2022,71339728,5000.0,PO,dar,26189771,e4you spol. s r.o.,,,,
2022,71339728,0.0,PO,dar,5423660,"Elisabeth Arms, a.s.",,,,
2022,71339728,50000.0,PO,dar,28147391,ELZET DENTAL s.r.o.,,,,
2022,71339728,25000.0,PO,dar,27560015,ENVICONS s.r.o.,,,,
2022,71339728,4000.0,PO,dar,27560015,ENVICONS s.r.o.,,,,
2022,71339728,30000.0,PO,dar,27896340,"EuroClean reality, s.r.o.",,,,
2022,71339728,10000.0,PO,dar,25772317,"FORMA PRAHA, s.r.o.",,,,
2022,71339728,20000.0,PO,dar,29278716,G - MEDA s.r.o.,,,,
2022,71339728,10000.0,PO,dar,29278716,G - MEDA s.r.o.,,,,
2022,71339728,30000.0,PO,dar,27959252,GD Sys s.r.o.,,,,
2022,71339728,0.0,PO,dar,7357265,HAVELKA Plus a.s.,,,,
2022,71339728,10000.0,PO,dar,7921331,HLAS,,,,
2022,71339728,160000.0,PO,dar,3204723,Hradecký demokratický klub,,,,
2022,71339728,18224.0,PO,dar,3204723,Hradecký demokratický klub,,,,
2022,71339728,20000.0,PO,dar,28327721,CHIRMEDICA s.r.o.,,,,
2022,71339728,10000.0,PO,dar,25429329,INGPRO CZ s.r.o.,,,,
2022,71339728,5000.0,PO,dar,60703024,INTERFLEX s.r.o.,,,,
2022,71339728,100000.0,PO,dar,3841294,Investnet s.r.o.,,,,
2022,71339728,23000.0,PO,dar,3841294,Investnet s.r.o.,,,,
2022,71339728,0.0,PO,dar,442704,KDU-ČSL,,,,
2022,71339728,0.0,PO,dar,442704,KDU-ČSL,,,,
2022,71339728,31250.0,PO,dar,442704,KDU-ČSL,,,,
2022,71339728,31250.0,PO,dar,442704,KDU-ČSL,,,,
2022,71339728,31250.0,PO,dar,442704,KDU-ČSL,,,,
2022,71339728,31250.0,PO,dar,442704,KDU-ČSL,,,,
2022,71339728,20630.0,PO,dar,442704,KDU-ČSL,,,,
2022,71339728,0.0,PO,dar,442704,KDU-ČSL,,,,
2022,71339728,0.0,PO,dar,442704,KDU-ČSL,,,,
2022,71339728,0.0,PO,dar,7654219,Klinika KC s.r.o.,,,,
2022,71339728,50000.0,PO,dar,71443606,Liberálně ekologická strana,,,,
2022,71339728,50000.0,PO,dar,71443606,Liberálně ekologická strana,,,,
2022,71339728,50000.0,PO,dar,71443606,Liberálně ekologická strana,,,,
2022,71339728,50000.0,PO,dar,27471110,"LM Asistent, s.r.o.",,,,
2022,71339728,0.0,PO,dar,25190539,LUKRENA a.s.,,,,
2022,71339728,20000.0,PO,dar,1842587,"MÍČ SYSTÉM, s.r.o.",,,,
2022,71339728,0.0,PO,dar,26386798,MK Catering s.r.o.,,,,
2022,71339728,50000.0,PO,dar,60776153,"Moravská pohřební společnost, s.r.o.",,,,
2022,71339728,20000.0,PO,dar,29357934,"MUDr. Petr Půček, s.r.o.",,,,
2022,71339728,10000.0,PO,dar,29357934,"MUDr. Petr Půček, s.r.o.",,,,
2022,71339728,0.0,PO,dar,28030346,N.K.H. Stod s.r.o.,,,,
2022,71339728,30000.0,PO,dar,24261157,NOBIT s.r.o.,,,,
2022,71339728,0.0,PO,dar,16192656,Občanská demokratická strana,,,,
2022,71339728,0.0,PO,dar,16192656,Občanská demokratická strana,,,,
2022,71339728,0.0,PO,dar,16192656,Občanská demokratická strana,,,,
2022,71339728,257292.0,PO,dar,16192656,Občanská demokratická strana,,,,
2022,71339728,257292.0,PO,dar,16192656,Občanská demokratická strana,,,,
2022,71339728,257292.0,PO,dar,16192656,Občanská demokratická strana,,,,
2022,71339728,257292.0,PO,dar,16192656,Občanská demokratická strana,,,,
2022,71339728,0.0,PO,dar,16192656,Občanská demokratická strana,,,,
2022,71339728,0.0,PO,dar,16192656,Občanská demokratická strana,,,,
2022,71339728,0.0,PO,dar,16192656,Občanská demokratická strana,,,,
2022,71339728,125000.0,PO,dar,26118963,"PASSERINVEST GROUP, a.s.",,,,
2022,71339728,75000.0,PO,dar,26118963,"PASSERINVEST GROUP, a.s.",,,,
2022,71339728,20000.0,PO,dar,25639064,"Patrimonium, s.r.o.",,,,
2022,71339728,0.0,PO,dar,7597584,PESONIDA s.r.o.,,,,
2022,71339728,10000.0,PO,dar,24270181,PRIVATE LABEL s.r.o.,,,,
2022,71339728,16000.0,PO,dar,29136334,První pozice s.r.o.,,,,
2022,71339728,55000.0,PO,dar,3936741,RE Sigma I s.r.o.,,,,
2022,71339728,25000.0,PO,dar,3915735,RE Sigma III s.r.o.,,,,
2022,71339728,10000.0,PO,dar,28825632,Rehatrutnov s.r.o.,,,,
2022,71339728,200000.0,PO,dar,27358089,RENT Group s.r.o.,,,,
2022,71339728,10000.0,PO,dar,25425374,"RITAS, s.r.o.",,,,
2022,71339728,45000.0,PO,dar,29448336,Sběrna druhotných surovin Lindovský s.r.o.,,,,
2022,71339728,80000.0,PO,dar,4223853,SDR Praha a.s.,,,,
2022,71339728,25000.0,PO,dar,15528855,"SEPOS, spol. s r. o.",,,,
2022,71339728,404887.0,PO,dar,26673908,STAROSTOVÉ A NEZÁVISLÍ,,,,
2022,71339728,133750.0,PO,dar,26673908,STAROSTOVÉ A NEZÁVISLÍ,,,,
2022,71339728,133750.0,PO,dar,26673908,STAROSTOVÉ A NEZÁVISLÍ,,,,
2022,71339728,133750.0,PO,dar,26673908,STAROSTOVÉ A NEZÁVISLÍ,,,,
2022,71339728,100000.0,PO,dar,26673908,STAROSTOVÉ A NEZÁVISLÍ,,,,
2022,71339728,0.0,PO,dar,26673908,STAROSTOVÉ A NEZÁVISLÍ,,,,
2022,71339728,90000.0,PO,dar,409740,Strana zelených,,,,
2022,71339728,50000.0,PO,dar,409740,Strana zelených,,,,
2022,71339728,0.0,PO,dar,26297256,"Švamberk Invest, s.r.o.",,,,
2022,71339728,20000.0,PO,dar,27150178,TEXTIL ŠKOLOUDOVÁ s.r.o.,,,,
2022,71339728,450000.0,PO,dar,61466921,Tradeco - Praha s.r.o.,,,,
2022,71339728,10000.0,PO,dar,27562948,TRS GALLERY s.r.o.,,,,
2022,71339728,5000.0,PO,dar,27555895,Účetnictví Trutnov s.r.o.,,,,
2022,71339728,27500.0,PO,dar,6090290,UHLÍ PÍSKY ČERT s.r.o.,,,,
2022,71339728,0.0,PO,dar,47538651,UNISPO Bezno s.r.o.,,,,
2022,71339728,0.0,PO,dar,61499587,"VAFO PRAHA, s.r.o.",,,,
2022,71339728,10000.0,PO,dar,25302680,"Valdman, s.r.o.",,,,
2022,71339728,1190.0,PO,dar,3916537,VS Point s.r.o.,,,,
2022,71339728,0.0,PO,dar,43144390,Výstaviště Lysá nad Labem spol. s r.o.,,,,
2022,71339728,5000.0,PO,dar,7687419,Žacléřská prádelna s.r.o.,,,,
2022,00409740,20000.0,PO,dar,25948440,"Asian Bridges, spol. s r.o.",2022-07-18,,,
2022,00409740,1000.0,PO,dar,27186113,"axioHM, s.r.o.",2022-08-31,,,
2022,00409740,10000.0,PO,dar,27932630,BIOFA CZ s.r.o.,2022-08-01,,,
2022,00409740,2500.0,PO,dar,561657,CONSI v.o.s.,2022-08-25,,,
2022,00409740,28180.0,PO,dar,71339698,Česká pirátská strana,2022-09-27,,,
2022,00409740,55000.0,PO,dar,71339698,Česká pirátská strana,2022-06-27,,,
2022,00409740,25000.0,PO,dar,409171,Česká strana sociálně demokratická,2022-11-04,,,
2022,00409740,62500.0,PO,dar,409171,Česká strana sociálně demokratická,2022-11-04,,,
2022,00409740,62500.0,PO,dar,409171,Česká strana sociálně demokratická,2022-12-09,,,
2022,00409740,62500.0,PO,dar,409171,Česká strana sociálně demokratická,2022-05-18,,,
2022,00409740,75000.0,PO,dar,409171,Česká strana sociálně demokratická,2022-06-20,,,
2022,00409740,10000.0,PO,dar,24179311,Filipendula s.r.o.,2022-08-21,,,
2022,00409740,10000.0,PO,dar,24179311,Filipendula s.r.o.,2022-09-06,,,
2022,00409740,50000.0,PO,dar,25779893,GALVAMET spol. s r.o.,2022-01-05,,,
2022,00409740,5000.0,PO,dar,8027862,"Gastro-Ghaleb, spol. s r.o.",2022-09-02,,,
2022,00409740,50000.0,PO,dar,9233229,Hnutí Idealisté,2022-08-04,,,
2022,00409740,7500.0,PO,dar,9233229,Hnutí Idealisté,2022-09-06,,,
2022,00409740,37500.0,PO,dar,9233229,Hnutí Idealisté,2022-09-12,,,
2022,00409740,56250.0,PO,dar,27039145,Hnutí pro Prahu 11,2022-11-04,,,
2022,00409740,56250.0,PO,dar,27039145,Hnutí pro Prahu 11,2022-06-20,,,
2022,00409740,18750.0,PO,dar,27039145,Hnutí pro Prahu 11,2022-12-10,,,
2022,00409740,56250.0,PO,dar,27039145,Hnutí pro Prahu 11,2022-08-20,,,
2022,00409740,9113.0,PO,dar,3204723,Hradecký demokratický klub,2022-07-26,,,
2022,00409740,9113.0,PO,dar,3204723,Hradecký demokratický klub,2022-12-06,,,
2022,00409740,9113.0,PO,dar,3204723,Hradecký demokratický klub,2022-06-22,,,
2022,00409740,9113.0,PO,dar,3204723,Hradecký demokratický klub,2022-12-09,,,
2022,00409740,10000.0,PO,dar,28633474,Hybaj spol. s r.o.,2022-09-14,,,
2022,00409740,3500.0,PO,dar,67332196,Jan Lalák - Atom PC,2022-06-29,,,
2022,00409740,38925.0,PO,dar,442704,KDU-ČSL,2022-10-25,,,
2022,00409740,38925.0,PO,dar,442704,KDU-ČSL,2022-05-05,,,
2022,00409740,38925.0,PO,dar,442704,KDU-ČSL,2022-07-12,,,
2022,00409740,38925.0,PO,dar,442704,KDU-ČSL,2022-12-14,,,
2022,00409740,2000.0,PO,dar,27782689,Mateřská škola Hájov s.r.o.,2022-09-05,,,
2022,00409740,10000.0,PO,dar,1620215,"MUDr.Eva Syrovátková, spol. s r.o.",2022-08-10,,,
2022,00409740,20000.0,PO,dar,27153053,"Nef de Santé, a.s.",2022-02-22,,,
2022,00409740,50000.0,PO,dar,7229771,PORTIVA a.s.,2022-09-19,,,
2022,00409740,46666.0,PO,dar,6695205,SEN 21,2022-07-21,,,
2022,00409740,100000.0,PO,dar,6695205,SEN 21,2022-08-17,,,
2022,00409740,8000.0,PO,dar,9021744,SLANINA.TECH s.r.o.,2022-02-18,,,
2022,00409740,112500.0,PO,dar,26673908,STAROSTOVÉ A NEZÁVISLÍ,2022-06-28,,,
2022,00409740,112500.0,PO,dar,26673908,STAROSTOVÉ A NEZÁVISLÍ,2022-06-28,,,
2022,00409740,112500.0,PO,dar,26673908,STAROSTOVÉ A NEZÁVISLÍ,2022-12-09,,,
2022,00409740,112500.0,PO,dar,26673908,STAROSTOVÉ A NEZÁVISLÍ,2022-12-09,,,
2022,00409740,22000.0,PO,dar,60748907,STORK & Co.spol.s r.,2022-08-08,,,
2022,00409740,5000.0,PO,dar,1785575,"Studio STKI, spol. s r.o.",2022-08-25,,,
2022,00409740,5000.0,PO,dar,5302692,TEREBO s.r.o.,2022-08-11,,,
2022,00409740,50000.0,PO,dar,48399477,"TM Stav, spol. s r.o.",2022-08-05,,,
2022,00409740,50000.0,PO,dar,71339728,TOP 09,2022-07-19,,,
2022,00409740,25000.0,PO,dar,71339728,TOP 09,2022-10-17,,,
2022,00409740,15625.0,PO,dar,71339728,TOP 09,2022-10-31,,,
2022,00409740,15625.0,PO,dar,71339728,TOP 09,2022-12-07,,,
2022,00409740,15625.0,PO,dar,71339728,TOP 09,2022-04-29,,,
2022,00409740,15625.0,PO,dar,71339728,TOP 09,2022-06-29,,,
2022,00409740,100000.0,PO,dar,22713441,Změna pro Hradec z. s.,2022-08-08,,,
2022,00409740,10000.0,PO,dar,22713441,Změna pro Hradec z. s.,2022-12-08,,,
2023,05402450,3000000.0,PO,dar,60197501,"Slavia pojišťovna, a.s.",2023-12-27,,,
2023,71443339,0.0,PO,dar,47307609,Bohemiasped s.r.o.,,,,
2023,71443339,0.0,PO,dar,47307609,Bohemiasped s.r.o.,,,,
2023,71443339,0.0,PO,dar,3946452,"Consensus Finance, s.r.o.",,,,
2023,71443339,0.0,PO,dar,25356518,EDUKA CONSULT s.r.o.,,,,
2023,71443339,51700.0,PO,dar,61681679,GEMA MB s.r.o.,,,,
2023,71443339,0.0,PO,dar,25499319,Jan Lazarčík Stav s.r.o.,,,,
2023,71443339,0.0,PO,dar,47674857,"NAVOS, a.s.",,,,
2023,71443339,2000.0,PO,dar,25523431,"ROKO - MOTOR, s.r.o.",,,,
2023,71443339,6876.0,PO,dar,26518325,"Sion, z.s.",,,,
2023,71443339,0.0,PO,dar,44026447,SUNCONE s.r.o.,,,,
2023,71443339,0.0,PO,dar,65276787,"ZNOJMOPROJEKT Ing. arch. Radomír KAMAN, s.r.o.",,,,
2023,71443339,0.0,PO,dar,65276787,"ZNOJMOPROJEKT Ing. arch. Radomír KAMAN, s.r.o.",,,,
2023,71443339,0.0,PO,dar,65276787,"ZNOJMOPROJEKT Ing. arch. Radomír KAMAN, s.r.o.",,,,
2023,05989175,150000.0,PO,dar,48587681,Grenop s.r.o.,2023-03-03,,,
2023,00442704,2000.0,PO,dar,87789141,Aleš Rylko,2023-06-15,,,
2023,00442704,20000.0,PO,dar,1494872,Baldovská s.r.o.,2023-10-31,,,
2023,00442704,5000.0,PO,dar,6890733,BVB stavby-střechy s.r.o.,2023-10-13,,,
2023,00442704,8000.0,PO,dar,14292874,BYSTEL s.r.o.,2023-02-15,,,
2023,00442704,500.0,PO,dar,739693,Daniela Jelínková,2023-10-17,,,
2023,00442704,84000.0,PO,dar,15063879,David Smetana,2023-12-19,,,
2023,00442704,2000.0,PO,dar,29443938,FASS systém s.r.o.,2023-05-25,,,
2023,00442704,50000.0,PO,dar,46679421,Fruko-Schulz s.r.o.,2023-11-16,,,
2023,00442704,15000.0,PO,dar,46345850,"FTL - First Transport Lines, a.s.",2023-03-29,,,
2023,00442704,15000.0,PO,dar,26010623,Geodézie Česká Třebová s.r.o.,2023-01-30,,,
2023,00442704,50000.0,PO,dar,3095428,"Horizont HG 2014, z.ú.",2023-12-19,,,
2023,00442704,50000.0,PO,dar,7210906,"Hubertova lesní, s.r.o.",2023-04-17,,,
2023,00442704,50000.0,PO,dar,7210906,"Hubertova lesní, s.r.o.",2023-04-24,,,
2023,00442704,20300.0,PO,dar,9070699,Ing. Petr Pražák,2023-11-23,,,
2023,00442704,60000.0,PO,dar,8262012,"MÁLEK & PARTNERS, s.r.o.",2023-01-24,,,
2023,00442704,50000.0,PO,dar,26223139,MORAVIA ŘETĚZY  a.s.,2023-12-21,,,
2023,00442704,1000.0,PO,dar,65336445,Orel jednota Olešnice,2023-06-05,,,
2023,00442704,1000.0,PO,dar,74909142,Petr Baranek,2023-05-02,,,
2023,00442704,150000.0,PO,dar,45148678,POLABSKÉ MLÉKÁRNY a.s.,2023-02-21,,,
2023,00442704,17000.0,PO,dar,27592880,Resanima s.r.o.,2023-07-11,,,
2023,00442704,1000.0,PO,dar,62077953,SH ČMS - Sbor dobrovolných hasičů Ostrov u Macochy,2023-08-26,,,
2023,00442704,74000.0,PO,dar,73110582,Sikorová Renata,2023-03-20,,,
2023,00442704,100000.0,PO,dar,26845148,VINAMET CZ s.r.o.,2023-12-29,,,
2023,00442704,5000.0,PO,dar,7041772,VOJKOVSKÝ - STAVBY s.r.o.,2023-05-26,,,
2023,00496936,3000.0,PO,dar,40523322,E.P. & O.S. Cheb spol. s r.o.,2023-11-21,,,
2023,16192656,10000.0,PO,dar,6834744,"""5PGEO s.r.o.""",2023-09-28,,,
2023,16192656,180000.0,PO,dar,3275191,"""AA Tax-Audit s.r.o.""",2023-09-14,,,
2023,16192656,180000.0,PO,dar,3275191,"""AA Tax-Audit s.r.o.""",2023-04-12,,,
2023,16192656,250000.0,PO,dar,5365937,"""Bitango JP s.r.o""",2023-06-02,,,
2023,16192656,10000.0,PO,dar,9737626,"""Getberg Holding s.r.o.""",2023-09-08,,,
2023,16192656,14400.0,PO,dar,6848869,"""ISP Legal & Technologies s.r.o""",2023-11-27,,,
2023,16192656,31252.0,PO,dar,6848869,"""ISP Legal & Technologies s.r.o""",2023-01-21,,,
2023,16192656,25000.0,PO,dar,28557280,"""Jablonec 2010, z.s.""",2023-10-04,,,
2023,16192656,10000.0,PO,dar,26860732,"""K J K stavební údržba s.r.o.""",2023-11-20,,,
2023,16192656,1500.0,PO,dar,8259780,"""KBIG s.r.o.""",2023-12-11,,,
2023,16192656,100000.0,PO,dar,442704,"""KDU-ČSL""",2023-05-23,,,
2023,16192656,6250.0,PO,dar,442704,"""KDU-ČSL""",2023-07-03,,,
2023,16192656,6250.0,PO,dar,442704,"""KDU-ČSL""",2023-11-29,,,
2023,16192656,6250.0,PO,dar,442704,"""KDU-ČSL""",2023-10-10,,,
2023,16192656,6250.0,PO,dar,442704,"""KDU-ČSL""",2023-04-24,,,
2023,16192656,3000.0,PO,dar,442704,"""KDU-ČSL""",2023-10-26,,,
2023,16192656,45000.0,PO,dar,25323172,"""Kratochvíl parket profi, s.r.o.""",2023-06-07,,,
2023,16192656,100000.0,PO,dar,60713691,"""M E D I S P O L, spol. s r. o.""",2023-06-21,,,
2023,16192656,50000.0,PO,dar,28520734,"""M.K.trade systems, s.r.o.""",2023-03-15,,,
2023,16192656,20000.0,PO,dar,3660478,"""OC Pila s.r.o.""",2023-01-27,,,
2023,16192656,100000.0,PO,dar,3349489,"""Omnia Invest Group, spol. s r.o.""",2023-11-15,,,
2023,16192656,100000.0,PO,dar,7020732,"""PACEK s.r.o.""",2023-06-07,,,
2023,16192656,10000.0,PO,dar,6601791,"""Petr Sameš s.r.o.""",2023-12-21,,,
2023,16192656,5000.0,PO,dar,29445591,"""Plus Med dva s. r. o.""",2023-11-13,,,
2023,16192656,20000.0,PO,dar,26769166,"""Quick Office s.r.o.""",2023-11-30,,,
2023,16192656,3000.0,PO,dar,25351842,"""Správa lesů Fulnek spol. s r.o.""",2023-08-23,,,
2023,16192656,56250.0,PO,dar,26673908,"""Starostové a nezávislí""",2023-07-03,,,
2023,16192656,56250.0,PO,dar,26673908,"""Starostové a nezávislí""",2023-11-29,,,
2023,16192656,56250.0,PO,dar,26673908,"""Starostové a nezávislí""",2023-10-10,,,
2023,16192656,56250.0,PO,dar,26673908,"""Starostové a nezávislí""",2023-04-17,,,
2023,16192656,30000.0,PO,dar,27197395,"""Starý a partner s.r.o.""",2023-01-04,,,
2023,16192656,90000.0,PO,dar,26582406,"""Tábor 2020""",2023-07-03,,,
2023,16192656,90000.0,PO,dar,26582406,"""Tábor 2020""",2023-11-29,,,
2023,16192656,90000.0,PO,dar,26582406,"""Tábor 2020""",2023-10-10,,,
2023,16192656,90000.0,PO,dar,26582406,"""Tábor 2020""",2023-04-24,,,
2023,16192656,25000.0,PO,dar,10732446,"""TK-OrthoPod s.r.o.""",2023-10-11,,,
2023,16192656,56250.0,PO,dar,71339728,"""TOP 09""",2023-07-03,,,
2023,16192656,87750.0,PO,dar,71339728,"""TOP 09""",2023-07-03,,,
2023,16192656,81250.0,PO,dar,71339728,"""TOP 09""",2023-07-03,,,
2023,16192656,56250.0,PO,dar,71339728,"""TOP 09""",2023-11-29,,,
2023,16192656,87750.0,PO,dar,71339728,"""TOP 09""",2023-11-29,,,
2023,16192656,81250.0,PO,dar,71339728,"""TOP 09""",2023-11-29,,,
2023,16192656,2000.0,PO,dar,71339728,"""TOP 09""",2023-01-24,,,
2023,16192656,56250.0,PO,dar,71339728,"""TOP 09""",2023-10-10,,,
2023,16192656,87750.0,PO,dar,71339728,"""TOP 09""",2023-10-10,,,
2023,16192656,81250.0,PO,dar,71339728,"""TOP 09""",2023-10-10,,,
2023,16192656,56250.0,PO,dar,71339728,"""TOP 09""",2023-04-17,,,
2023,16192656,87750.0,PO,dar,71339728,"""TOP 09""",2023-04-24,,,
2023,16192656,81250.0,PO,dar,71339728,"""TOP 09""",2023-04-24,,,
2023,16192656,15000.0,PO,dar,25778030,"""Tricapa, s.r.o.""",2023-12-12,,,
2023,16192656,20000.0,PO,dar,27394361,"""VMS projekt s.r.o.""",2023-01-11,,,
2023,16192656,200000.0,PO,dar,18031005,"""WZL systems s.r.o.""",2023-07-25,,,
2023,71339698,500.0,PO,dar,7074417,"Alternativa středočeské D3, z.s.",2023-01-27,,,
2023,71339698,500.0,PO,dar,7074417,"Alternativa středočeské D3, z.s.",2023-06-15,,,
2023,71339698,10000.0,PO,dar,3922570,APARAT s.r.o.,2023-06-06,,,
2023,71339698,2031.62,PO,dar,8496951,CONFIRMO s.r.o.,2023-08-15,,,
2023,71339698,29760.0,PO,dar,8496951,CONFIRMO s.r.o.,2023-04-04,,,
2023,71339698,694.4,PO,dar,8496951,CONFIRMO s.r.o.,2023-03-08,,,
2023,71339698,500.0,PO,dar,2361981,Daniel Lebduška,2023-05-20,,,
2023,71339698,1000.0,PO,dar,2361981,Daniel Lebduška,2023-05-20,,,
2023,71339698,1000.0,PO,dar,2361981,Daniel Lebduška,2023-10-27,,,
2023,71339698,500.0,PO,dar,2361981,Daniel Lebduška,2023-01-20,,,
2023,71339698,500.0,PO,dar,2361981,Daniel Lebduška,2023-10-27,,,
2023,71339698,1000.0,PO,dar,2361981,Daniel Lebduška,2023-01-20,,,
2023,71339698,1000.0,PO,dar,2361981,Daniel Lebduška,2023-07-20,,,
2023,71339698,500.0,PO,dar,2361981,Daniel Lebduška,2023-04-20,,,
2023,71339698,500.0,PO,dar,2361981,Daniel Lebduška,2023-07-20,,,
2023,71339698,1000.0,PO,dar,2361981,Daniel Lebduška,2023-04-20,,,
2023,71339698,500.0,PO,dar,2361981,Daniel Lebduška,2023-12-27,,,
2023,71339698,1000.0,PO,dar,2361981,Daniel Lebduška,2023-12-27,,,
2023,71339698,500.0,PO,dar,2361981,Daniel Lebduška,2023-10-02,,,
2023,71339698,1000.0,PO,dar,2361981,Daniel Lebduška,2023-03-20,,,
2023,71339698,1000.0,PO,dar,2361981,Daniel Lebduška,2023-10-02,,,
2023,71339698,500.0,PO,dar,2361981,Daniel Lebduška,2023-06-20,,,
2023,71339698,500.0,PO,dar,2361981,Daniel Lebduška,2023-03-20,,,
2023,71339698,1000.0,PO,dar,2361981,Daniel Lebduška,2023-06-20,,,
2023,71339698,500.0,PO,dar,2361981,Daniel Lebduška,2023-11-27,,,
2023,71339698,1000.0,PO,dar,2361981,Daniel Lebduška,2023-11-27,,,
2023,71339698,1000.0,PO,dar,2361981,Daniel Lebduška,2023-08-20,,,
2023,71339698,500.0,PO,dar,2361981,Daniel Lebduška,2023-02-20,,,
2023,71339698,500.0,PO,dar,2361981,Daniel Lebduška,2023-08-20,,,
2023,71339698,1000.0,PO,dar,2361981,Daniel Lebduška,2023-02-20,,,
2023,71339698,100000.0,PO,dar,7536721,Edukai s.r.o.,2023-10-31,,,
2023,71339698,25000.0,PO,dar,6773591,ENERTOP s.r.o.,2023-12-04,,,
2023,71339698,400.0,PO,dar,9829881,EXFORMA Management s.r.o.,2023-08-15,,,
2023,71339698,400.0,PO,dar,9829881,EXFORMA Management s.r.o.,2023-05-15,,,
2023,71339698,400.0,PO,dar,9829881,EXFORMA Management s.r.o.,2023-01-16,,,
2023,71339698,400.0,PO,dar,9829881,EXFORMA Management s.r.o.,2023-04-17,,,
2023,71339698,400.0,PO,dar,9829881,EXFORMA Management s.r.o.,2023-07-17,,,
2023,71339698,400.0,PO,dar,9829881,EXFORMA Management s.r.o.,2023-10-16,,,
2023,71339698,400.0,PO,dar,9829881,EXFORMA Management s.r.o.,2023-12-15,,,
2023,71339698,400.0,PO,dar,9829881,EXFORMA Management s.r.o.,2023-03-15,,,
2023,71339698,400.0,PO,dar,9829881,EXFORMA Management s.r.o.,2023-06-15,,,
2023,71339698,400.0,PO,dar,9829881,EXFORMA Management s.r.o.,2023-09-15,,,
2023,71339698,400.0,PO,dar,9829881,EXFORMA Management s.r.o.,2023-02-15,,,
2023,71339698,400.0,PO,dar,9829881,EXFORMA Management s.r.o.,2023-11-15,,,
2023,71339698,3000.0,PO,dar,6995381,Filip Vařecha,2023-07-20,,,
2023,71339698,3000.0,PO,dar,6995381,Filip Vařecha,2023-04-20,,,
2023,71339698,3000.0,PO,dar,6995381,Filip Vařecha,2023-10-20,,,
2023,71339698,3000.0,PO,dar,6995381,Filip Vařecha,2023-12-20,,,
2023,71339698,3000.0,PO,dar,6995381,Filip Vařecha,2023-06-20,,,
2023,71339698,300.0,PO,dar,6995381,Filip Vařecha,2023-12-15,,,
2023,71339698,3000.0,PO,dar,6995381,Filip Vařecha,2023-09-20,,,
2023,71339698,3000.0,PO,dar,6995381,Filip Vařecha,2023-08-21,,,
2023,71339698,3000.0,PO,dar,6995381,Filip Vařecha,2023-11-20,,,
2023,71339698,3000.0,PO,dar,6995381,Filip Vařecha,2023-05-22,,,
2023,71339698,100.0,PO,dar,26628295,HAF z.s.,2023-07-17,,,
2023,71339698,100.0,PO,dar,26628295,HAF z.s.,2023-10-16,,,
2023,71339698,100.0,PO,dar,26628295,HAF z.s.,2023-12-15,,,
2023,71339698,100.0,PO,dar,26628295,HAF z.s.,2023-06-15,,,
2023,71339698,100.0,PO,dar,26628295,HAF z.s.,2023-09-15,,,
2023,71339698,100.0,PO,dar,26628295,HAF z.s.,2023-08-15,,,
2023,71339698,100.0,PO,dar,26628295,HAF z.s.,2023-11-15,,,
2023,71339698,700.0,PO,dar,4237099,Ing. Ondřej Cikánek,2023-03-13,,,
2023,71339698,100.0,PO,dar,19070021,Jan Procházka,2023-10-21,,,
2023,71339698,1000.0,PO,dar,71143106,Jan Svoboda,2023-12-01,,,
2023,71339698,6000.0,PO,dar,14369761,LECTORIAS s.r.o.,2023-04-11,,,
2023,71339698,200.0,PO,dar,5865760,LENAZEN s.r.o.,2023-01-20,,,
2023,71339698,50.0,PO,dar,5865760,LENAZEN s.r.o.,2023-01-20,,,
2023,71339698,500.0,PO,dar,28436318,"MA projekt, spol. s r.o.",2023-01-20,,,
2023,71339698,500.0,PO,dar,28436318,"MA projekt, spol. s r.o.",2023-07-20,,,
2023,71339698,500.0,PO,dar,28436318,"MA projekt, spol. s r.o.",2023-04-20,,,
2023,71339698,500.0,PO,dar,28436318,"MA projekt, spol. s r.o.",2023-10-20,,,
2023,71339698,500.0,PO,dar,28436318,"MA projekt, spol. s r.o.",2023-06-20,,,
2023,71339698,500.0,PO,dar,28436318,"MA projekt, spol. s r.o.",2023-03-20,,,
2023,71339698,500.0,PO,dar,28436318,"MA projekt, spol. s r.o.",2023-12-15,,,
2023,71339698,500.0,PO,dar,28436318,"MA projekt, spol. s r.o.",2023-09-20,,,
2023,71339698,500.0,PO,dar,28436318,"MA projekt, spol. s r.o.",2023-08-21,,,
2023,71339698,500.0,PO,dar,28436318,"MA projekt, spol. s r.o.",2023-02-21,,,
2023,71339698,500.0,PO,dar,28436318,"MA projekt, spol. s r.o.",2023-11-20,,,
2023,71339698,500.0,PO,dar,28436318,"MA projekt, spol. s r.o.",2023-05-22,,,
2023,71339698,5000.0,PO,dar,28117816,Maker Technologies s.r.o.,2023-12-26,,,
2023,71339698,10.0,PO,dar,87924072,Mgr. David Cesar,2023-09-19,,,
2023,71339698,25000.0,PO,dar,88131254,Mgr. Martin Štěrba,2023-10-23,,,
2023,71339698,25000.0,PO,dar,88131254,Mgr. Martin Štěrba,2023-11-21,,,
2023,71339698,2500.0,PO,dar,47535199,"MIH, spol. s r.o.",2023-01-30,,,
2023,71339698,2500.0,PO,dar,47535199,"MIH, spol. s r.o.",2023-07-31,,,
2023,71339698,2500.0,PO,dar,47535199,"MIH, spol. s r.o.",2023-05-02,,,
2023,71339698,2500.0,PO,dar,47535199,"MIH, spol. s r.o.",2023-06-29,,,
2023,71339698,2500.0,PO,dar,47535199,"MIH, spol. s r.o.",2023-03-29,,,
2023,71339698,2500.0,PO,dar,47535199,"MIH, spol. s r.o.",2023-09-29,,,
2023,71339698,2500.0,PO,dar,47535199,"MIH, spol. s r.o.",2023-08-29,,,
2023,71339698,2500.0,PO,dar,47535199,"MIH, spol. s r.o.",2023-05-29,,,
2023,71339698,2500.0,PO,dar,47535199,"MIH, spol. s r.o.",2023-02-28,,,
2023,71339698,4000.0,PO,dar,16192656,Občanská demokratická strana,2023-02-16,,,
2023,71339698,336000.0,PO,dar,6695205,SEN 21,2023-03-21,,,
2023,71339698,100000.0,PO,dar,6695205,SEN 21,2023-06-19,,,
2023,71339698,500.0,PO,dar,17574943,SIMPLE Construction & Investment s.r.o.,2023-11-30,,,
2023,71339698,4863461.54,PO,dar,26673908,STAROSTOVÉ A NEZÁVISLÍ,2023-10-24,,,
2023,71339698,78750.0,PO,dar,26673908,STAROSTOVÉ A NEZÁVISLÍ,2023-06-28,,,
2023,71339698,4863461.54,PO,dar,26673908,STAROSTOVÉ A NEZÁVISLÍ,2023-12-18,,,
2023,71339698,78750.0,PO,dar,26673908,STAROSTOVÉ A NEZÁVISLÍ,2023-06-28,,,
2023,71339698,78750.0,PO,dar,26673908,STAROSTOVÉ A NEZÁVISLÍ,2023-12-06,,,
2023,71339698,78750.0,PO,dar,26673908,STAROSTOVÉ A NEZÁVISLÍ,2023-12-06,,,
2023,71339698,4863461.54,PO,dar,26673908,STAROSTOVÉ A NEZÁVISLÍ,2023-12-01,,,
2023,71339698,4863461.5,PO,dar,26673908,STAROSTOVÉ A NEZÁVISLÍ,2023-05-24,,,
2023,71339698,2000.0,PO,dar,26252031,VILEN s.r.o.,2023-02-14,,,
2023,71339698,2000.0,PO,dar,26252031,VILEN s.r.o.,2023-11-14,,,
2023,71339698,2000.0,PO,dar,26252031,VILEN s.r.o.,2023-05-15,,,
2023,71339698,2000.0,PO,dar,26252031,VILEN s.r.o.,2023-08-14,,,
2023,71339698,2000.0,PO,dar,26252031,VILEN s.r.o.,2023-01-16,,,
2023,71339698,2000.0,PO,dar,26252031,VILEN s.r.o.,2023-04-14,,,
2023,71339698,2000.0,PO,dar,26252031,VILEN s.r.o.,2023-07-14,,,
2023,71339698,2000.0,PO,dar,26252031,VILEN s.r.o.,2023-10-16,,,
2023,71339698,2000.0,PO,dar,26252031,VILEN s.r.o.,2023-12-14,,,
2023,71339698,2000.0,PO,dar,26252031,VILEN s.r.o.,2023-03-14,,,
2023,71339698,2000.0,PO,dar,26252031,VILEN s.r.o.,2023-09-14,,,
2023,71339698,2000.0,PO,dar,26252031,VILEN s.r.o.,2023-06-14,,,
2023,71339698,700.0,PO,dar,26384957,WEBTIP s.r.o.,2023-03-16,,,
2023,10742409,200.0,PO,dar,17972051,ANATAYA s.r.o.,2023-05-15,,,
2023,10742409,272.0,PO,dar,3903036,FABIAN METALL S R.O.,2023-06-14,,,
2023,10742409,34000.0,PO,dar,9781994,"Spolek NAPŘÍMO, z.s.",2023-02-13,,,
2023,10742409,16000.0,PO,dar,9781994,"Spolek NAPŘÍMO, z.s.",2023-09-12,,,
2023,00409171,100000.0,PO,dar,2561808,BR2GROUP s.r.o.,,,,
2023,00409171,100000.0,PO,dar,2561808,BR2GROUP s.r.o.,,,,
2023,00409171,100000.0,PO,dar,2561808,BR2GROUP s.r.o.,,,,
2023,00409171,20000.0,PO,dar,25386298,CHLAZENÍ servis s.r.o.,,,,
2023,00409171,90000.0,PO,dar,28821068,Instalatérství Bidmon,,,,
2023,00409171,22000.0,PO,dar,409740,Strana zelených,,,,
2023,26673908,40625.0,PO,dar,3116603,Hnutí SOL,,,,
2023,26673908,40625.0,PO,dar,3116603,Hnutí SOL,,,,
2023,26673908,40625.0,PO,dar,3116603,Hnutí SOL,,,,
2023,26673908,40625.0,PO,dar,3116603,Hnutí SOL,,,,
2023,26673908,10000.0,PO,dar,19012128,MOBAL s.r.o.,,,,
2023,26673908,33750.0,PO,dar,16192656,Občanská demokratická strana,,,,
2023,26673908,33750.0,PO,dar,16192656,Občanská demokratická strana,,,,
2023,26673908,33750.0,PO,dar,16192656,Občanská demokratická strana,,,,
2023,26673908,333333.0,PO,dar,70869553,SNK Evropští demokraté,,,,
2023,26673908,29687.5,PO,dar,409740,Strana zelených,,,,
2023,26673908,29687.5,PO,dar,409740,Strana zelených,,,,
2023,26673908,29688.0,PO,dar,409740,Strana zelených,,,,
2023,71339612,6000.0,PO,dar,5279461,Express Překlady s.r.o.,,,,
2023,71339612,10000.0,PO,dar,29035937,"FITNESSWORLD.CZ, s.r.o",,,,
2023,71339612,2023.0,PO,dar,14471591,Miroslav Karas,,,,
2023,71339728,18795.0,PO,dar,6371621,Crystal Capital s.r.o.,,,,
2023,71339728,60000.0,PO,dar,6371621,Crystal Capital s.r.o.,,,,
2023,71339728,3000.0,PO,dar,27195236,"D & I Finservis, s.r.o.",,,,
2023,71339728,160000.0,PO,dar,3204723,Hradecký demokratický klub,,,,
2023,71339728,320000.0,PO,dar,3204723,Hradecký demokratický klub,,,,
2023,71339728,44996.0,PO,dar,3204723,Hradecký demokratický klub,,,,
2023,71339728,4000.0,PO,dar,25849620,JUTTY GROUP s.r.o.,,,,
2023,71339728,9000.0,PO,dar,442704,KDU-ČSL,,,,
2023,71339728,40250.0,PO,dar,442704,KDU-ČSL,,,,
2023,71339728,40250.0,PO,dar,442704,KDU-ČSL,,,,
2023,71339728,40250.0,PO,dar,442704,KDU-ČSL,,,,
2023,71339728,40250.0,PO,dar,442704,KDU-ČSL,,,,
2023,71339728,40658.0,PO,dar,29354234,MIXCZ-POL s.r.o.,,,,
2023,71339728,30600.0,PO,dar,29354234,MIXCZ-POL s.r.o.,,,,
2023,71339728,4287.0,PO,dar,8864454,N.A.T. Records s.r.o.,,,,
2023,71339728,655.0,PO,dar,8864454,N.A.T. Records s.r.o.,,,,
2023,71339728,257292.0,PO,dar,16192656,Občanská demokratická strana,,,,
2023,71339728,257292.0,PO,dar,16192656,Občanská demokratická strana,,,,
2023,71339728,257292.0,PO,dar,16192656,Občanská demokratická strana,,,,
2023,71339728,257292.0,PO,dar,16192656,Občanská demokratická strana,,,,
2023,71339728,2000.0,PO,dar,25425374,"RITAS, s.r.o.",,,,
2023,71339728,100000.0,PO,dar,26673908,Starostové a nezávislí,,,,
2023,71339728,100000.0,PO,dar,26673908,Starostové a nezávislí,,,,
2023,71339728,100000.0,PO,dar,26673908,Starostové a nezávislí,,,,
2023,71339728,100000.0,PO,dar,26673908,Starostové a nezávislí,,,,
2023,71339728,45000.0,PO,dar,409740,Strana zelených,,,,
2023,00409740,15000.0,PO,dar,71339698,Česká pirátská strana,2023-01-06,,,
2023,00409740,15000.0,PO,dar,71339698,Česká pirátská strana,2023-08-09,,,
2023,00409740,8870.0,PO,dar,3204723,Hradecký demokratický klub,2023-07-13,,,
2023,00409740,33750.0,PO,dar,3204723,Hradecký demokratický klub,2023-10-09,,,
2023,00409740,33750.0,PO,dar,3204723,Hradecký demokratický klub,2023-12-11,,,
2023,00409740,9113.0,PO,dar,3204723,Hradecký demokratický klub,2023-07-13,,,
2023,00409740,38925.0,PO,dar,442704,KDU-ČSL,2023-05-04,,,
2023,00409740,38925.0,PO,dar,442704,KDU-ČSL,2023-10-05,,,
2023,00409740,38925.0,PO,dar,442704,KDU-ČSL,2023-07-24,,,
2023,00409740,38925.0,PO,dar,442704,KDU-ČSL,2023-12-12,,,
2023,00409740,500.0,PO,dar,72497521,Milena Saňáková,2023-12-14,,,
2023,00409740,500.0,PO,dar,72497521,Milena Saňáková,2023-12-22,,,
2023,00409740,3333.0,PO,dar,5689449,Petranela Business s.r.o.,2023-10-02,,,
2023,00409740,3333.0,PO,dar,5689449,Petranela Business s.r.o.,2023-11-02,,,
2023,00409740,3333.0,PO,dar,5689449,Petranela Business s.r.o.,2023-12-04,,,
2023,00409740,3333.0,PO,dar,5689449,Petranela Business s.r.o.,2023-09-08,,,
2023,00409740,15000.0,PO,dar,27713130,"PROSTAVBY, a.s.",2023-07-26,,,
2023,00409740,46666.0,PO,dar,6695205,SEN 21,2023-07-10,,,
2023,00409740,25000.0,PO,dar,409171,Sociální demokracie,2023-11-30,,,
2023,00409740,25000.0,PO,dar,409171,Sociální demokracie,2023-07-17,,,
2023,00409740,62500.0,PO,dar,409171,Sociální demokracie,2023-07-17,,,
2023,00409740,62500.0,PO,dar,409171,Sociální demokracie,2023-10-18,,,
2023,00409740,25000.0,PO,dar,409171,Sociální demokracie,2023-10-18,,,
2023,00409740,23915.81,PO,dar,409171,Sociální demokracie,2023-06-19,,,
2023,00409740,62500.0,PO,dar,409171,Sociální demokracie,2023-06-19,,,
2023,00409740,50000.0,PO,dar,409171,Sociální demokracie,2023-06-19,,,
2023,00409740,62500.0,PO,dar,409171,Sociální demokracie,2023-11-30,,,
2023,00409740,112500.0,PO,dar,26673908,Starostové a nezávislí,2023-12-06,,,
2023,00409740,112500.0,PO,dar,26673908,Starostové a nezávislí,2023-12-06,,,
2023,00409740,112500.0,PO,dar,26673908,Starostové a nezávislí,2023-06-28,,,
2023,00409740,112500.0,PO,dar,26673908,Starostové a nezávislí,2023-06-28,,,
2023,00409740,15625.0,PO,dar,71339728,TOP 09,2023-12-01,,,
2023,00409740,15625.0,PO,dar,71339728,TOP 09,2023-07-07,,,
2023,00409740,15625.0,PO,dar,71339728,TOP 09,2023-05-09,,,
2023,00409740,15625.0,PO,dar,71339728,TOP 09,2023-10-12,,,
2024,05402450,200000.0,PO,dar,5932483,ALBUMAN s.r.o.,2024-11-02,,,
2024,05402450,3000000.0,PO,dar,3783618,BenScio s.r.o.,2024-08-08,,,
2024,05402450,250000.0,PO,dar,7406193,Climate CZ s.r.o.,2024-12-23,,,
2024,05402450,200000.0,PO,dar,28312678,Českomoravská arbitrážní společnost s.r.o.,2024-11-04,,,
2024,05402450,200000.0,PO,dar,5650381,Maverick s.r.o.,2024-07-16,,,
2024,05402450,3000000.0,PO,dar,60197501,Slavia pojišťovna a.s.,,,,
2024,71443339,0.0,PO,dar,25525409,Agentura Media a Marketing s.r.o.,,,,
2024,71443339,200000.0,PO,dar,25655809,Alcadrain s.r.o.,,,,
2024,71443339,0.0,PO,dar,25211951,Bech AKKU Power baterie s.r.o.,,,,
2024,71443339,0.0,PO,dar,4633008,"CNG Credit, s.r.o.",,,,
2024,71443339,250000.0,PO,dar,3791319,ČERNÁ CESTA 35 A s.r.o.,,,,
2024,71443339,100000.0,PO,dar,8826587,DIA IKAR s.r.o.,,,,
2024,71443339,50000.0,PO,dar,25734768,DOT diagnostics s.r.o.,,,,
2024,71443339,200000.0,PO,dar,25928431,Dřevařské závody Vysoké Veselí s.r.o.,,,,
2024,71443339,0.0,PO,dar,25492861,Dřevostavby Vanžura s.r.o.,,,,
2024,71443339,100000.0,PO,dar,28944135,EL IKAR Kbel s.r.o.,,,,
2024,71443339,0.0,PO,dar,5953294,Ema B&B s.r.o.,,,,
2024,71443339,150000.0,PO,dar,25829289,"FBT logistics, s.r.o.",,,,
2024,71443339,0.0,PO,dar,15054535,"FC Nasavrky, z. s.",,,,
2024,71443339,20000.0,PO,dar,61681679,GEMA MB s.r.o.,,,,
2024,71443339,51700.0,PO,dar,61681679,GEMA MB s.r.o.,,,,
2024,71443339,5670.0,PO,dar,28329309,INSIA Hold s.r.o.,,,,
2024,71443339,0.0,PO,dar,27448568,JSB bijoux s.r.o.,,,,
2024,71443339,50000.0,PO,dar,46580344,"KOMAS, spol. s r. o.",,,,
2024,71443339,30000.0,PO,dar,4722621,MIXAM TRADE s.r.o.,,,,
2024,71443339,0.0,PO,dar,29019818,"MUDr. Igor Karen, s.r.o.",,,,
2024,71443339,0.0,PO,dar,28296222,"NEST INVEST, s.r.o.",,,,
2024,71443339,100000.0,PO,dar,61247685,RADIUM s.r.o.,,,,
2024,71443339,30000.0,PO,dar,9187944,RMPJ s.r.o.,,,,
2024,71443339,0.0,PO,dar,1434381,Sarnaroof s.r.o.,,,,
2024,71443339,0.0,PO,dar,28184131,SLC a.s.,,,,
2024,71443339,50000.0,PO,dar,409171,Sociální demokracie,,,,
2024,71443339,0.0,PO,dar,49814851,Stavební společnost Žižka spol. s r.o.,,,,
2024,71443339,50000.0,PO,dar,25138537,STK Mělník Mladoboleslavská s.r.o.,,,,
2024,71443339,0.0,PO,dar,18251251,"TJ Slavoj Chodová Planá, z.s.",,,,
2024,71443339,100000.0,PO,dar,508616,TPL Czech s.r.o.,,,,
2024,71443339,40000.0,PO,dar,4390181,TreeDK s.r.o.,,,,
2024,71443339,0.0,PO,dar,25339061,UNIDATAZ s.r.o.,,,,
2024,71443339,0.0,PO,dar,21825742,VAŠE ZUBNÍ CENTRUM Louny s.r.o.,,,,
2024,71443339,0.0,PO,dar,4084471,VAŠE ZUBNÍ CENTRUM s.r.o.,,,,
2024,71443339,0.0,PO,dar,25001477,VINECO-Vinné sklepy Chomutov s.r.o.,,,,
2024,71443339,0.0,PO,dar,45022852,Zlatá stezka s.r.o.,,,,
2024,05989175,500.0,PO,dar,10851852,ApoPlast s.r.o.,2024-06-17,,,
2024,05989175,100000.0,PO,dar,24240311,Extreme Gun Group s.r.o.,2024-11-08,,,
2024,05989175,31000.0,PO,dar,48587681,Grenop s.r.o.,2024-05-22,,,
2024,05989175,2000.0,PO,dar,9637567,Hot Rod Prague s.r.o.,2024-05-06,,,
2024,05989175,250000.0,PO,dar,27735184,Internet4you.cz,2024-02-08,,,
2024,05989175,50000.0,PO,dar,17866626,Jakub Lichnovský advokátní kancelář s.r.o.,2024-04-10,,,
2024,05989175,100000.0,PO,dar,17353882,Klub motoristů z.s.,2024-06-04,,,
2024,05989175,100000.0,PO,dar,17353882,Klub motoristů z.s.,2024-06-03,,,
2024,05989175,100000.0,PO,dar,17353882,Klub motoristů z.s.,2024-04-19,,,
2024,05989175,500000.0,PO,dar,17353882,Klub motoristů z.s.,2024-03-25,,,
2024,05989175,385000.0,PO,dar,2653877,Medical Investments a.s,2024-09-25,,,
2024,05989175,500000.0,PO,dar,2653877,Medical Investments a.s,2024-09-09,,,
2024,05989175,1000000.0,PO,dar,2653877,Medical Investments a.s,2024-07-29,,,
2024,05989175,200000.0,PO,dar,8294208,MI Estate s.r.o.,2024-04-09,,,
2024,05989175,20000.0,PO,dar,3288072,Plošiny Refin Home  Banner s.r.o.,2024-03-25,,,
2024,05989175,10000.0,PO,dar,60111011,Renox VHA s.r.o.,2024-04-28,,,
2024,05989175,3000.0,PO,dar,25388614,"S.I.A. Trade, s.r.o.",2024-05-11,,,
2024,05989175,1000.0,PO,dar,4839978,Statika stavebních konstrukcí s.r.o.,2024-12-11,,,
2024,05989175,30000.0,PO,dar,17178436,Super Cars Club Cz&Sk z.s.,2024-05-28,,,
2024,05989175,2000.0,PO,dar,6158030,"Účto3jobs, s.r.o.",2024-05-15,,,
2024,00442704,2000.0,PO,dar,87789141,Aleš Rylko,2024-05-31,,,
2024,00442704,0.0,PO,dar,4801989,AP Jet Hlinsko s.r.o.,2024-09-10,,,
2024,00442704,40000.0,PO,dar,29365911,AZ Tender s.r.o.,2024-08-14,,,
2024,00442704,130000.0,PO,dar,49619667,"Becker a Poliakoff Consulting, a.s.",2024-12-23,,,
2024,00442704,10000.0,PO,dar,28483880,Berries s.r.o.,2024-10-25,,,
2024,00442704,30000.0,PO,dar,28386515,"Bourdon, a.s.",2024-04-09,,,
2024,00442704,100000.0,PO,dar,6915582,CÉVNÍ CENTRUM České Budějovice s.r.o.,2024-06-03,,,
2024,00442704,0.0,PO,dar,2539926,CristalTech s.r.o.,2024-08-20,,,
2024,00442704,0.0,PO,dar,27696057,CV Machining s.r.o.,2024-08-29,,,
2024,00442704,0.0,PO,dar,27696057,CV Machining s.r.o.,2024-08-29,,,
2024,00442704,0.0,PO,dar,27696057,CV Machining s.r.o.,2024-08-29,,,
2024,00442704,0.0,PO,dar,27696057,CV Machining s.r.o.,2024-08-29,,,
2024,00442704,0.0,PO,dar,60934883,D U K O R s.r.o.,2024-08-29,,,
2024,00442704,0.0,PO,dar,60934883,D U K O R s.r.o.,2024-08-29,,,
2024,00442704,0.0,PO,dar,66286883,Dalibor Dostálek,2024-08-01,,,
2024,00442704,50000.0,PO,dar,49968882,"DOUBRAVA, spol. s r.o.",2024-09-04,,,
2024,00442704,0.0,PO,dar,25267442,DRUMEL a Co. s.r.o.,2024-08-20,,,
2024,00442704,10000.0,PO,dar,64651568,"Dřevařská obchodní, a.s.",2024-05-07,,,
2024,00442704,70000.0,PO,dar,64651568,"Dřevařská obchodní, a.s.",2024-05-20,,,
2024,00442704,5000.0,PO,dar,27428877,"Elektro Duchek s.r.o. Klausova 15, Praha 5, PSČ 15",2024-09-28,,,
2024,00442704,1000.0,PO,dar,29296234,ERGO Brauner s.r.o.,2024-09-23,,,
2024,00442704,0.0,PO,dar,17486955,FelixTower s.r.o.,2024-09-12,,,
2024,00442704,0.0,PO,dar,26273365,"FILMFEST, s.r.o.",2024-08-29,,,
2024,00442704,0.0,PO,dar,43499538,"FK Kameničky, z.s.",2024-08-20,,,
2024,00442704,1000.0,PO,dar,4358597,FOTOTORI s.r.o.,2024-07-17,,,
2024,00442704,10000.0,PO,dar,46345850,"FTL - First Transport Lines, a.s.",2024-03-28,,,
2024,00442704,15000.0,PO,dar,26010623,Geodézie Česká Třebová s.r.o.,2024-01-24,,,
2024,00442704,30000.0,PO,dar,60850051,"Gibi, s.r.o.",2024-05-07,,,
2024,00442704,50000.0,PO,dar,64508676,"HM, s.r.o.",2024-08-22,,,
2024,00442704,10000.0,PO,dar,10722742,Horákovský Offroad Střelecký Team z.s.,2024-07-28,,,
2024,00442704,0.0,PO,dar,28803108,CH - Dent s.r.o.,2024-08-23,,,
2024,00442704,0.0,PO,dar,46346040,ICOM transport a.s.,2024-08-02,,,
2024,00442704,0.0,PO,dar,26907453,"IMOS facility, a.s.",2024-09-10,,,
2024,00442704,1000.0,PO,dar,17622794,Ing. Blanka Přidalová,2024-09-20,,,
2024,00442704,20300.0,PO,dar,9070699,Ing. Petr Pražák,2024-12-12,,,
2024,00442704,0.0,PO,dar,60495707,Ivo Borovec,2024-09-01,,,
2024,00442704,777.0,PO,dar,40390896,Ivo Lžičař,2024-07-22,,,
2024,00442704,20000.0,PO,dar,4412877,JOYLINE s.r.o.,2024-07-19,,,
2024,00442704,100000.0,PO,dar,6213022,"KALÁB - invest, s.r.o.",2024-07-18,,,
2024,00442704,0.0,PO,dar,46270744,Katolický vzdělávací spolek SVORNOST,2024-09-10,,,
2024,00442704,30000.0,PO,dar,3651371,KOVO-KRČEK s.r.o.,2024-08-27,,,
2024,00442704,5000.0,PO,dar,6890733,Kvalitní domy FM s.r.o.,2024-05-27,,,
2024,00442704,0.0,PO,dar,5973333,Lavandia s.r.o.,2024-09-06,,,
2024,00442704,0.0,PO,dar,65187202,Libor Šváb,2024-08-20,,,
2024,00442704,200000.0,PO,dar,63496305,"LITHOPLAST, s.r.o.",2024-07-09,,,
2024,00442704,40000.0,PO,dar,8262012,"MÁLEK & PARTNERS, s.r.o.",2024-04-17,,,
2024,00442704,100000.0,PO,dar,4006593,Michal Valenta,2024-08-26,,,
2024,00442704,5000.0,PO,dar,27693708,MMPT a.s.,2024-08-27,,,
2024,00442704,10000.0,PO,dar,26788675,MOBIKO plus a.s.,2024-02-02,,,
2024,00442704,10000.0,PO,dar,27079431,MUDr. Bohuslav Procházka s.r.o.,2024-09-24,,,
2024,00442704,0.0,PO,dar,65892399,Nadační fond Betlém nenarozeným,2024-08-20,,,
2024,00442704,0.0,PO,dar,65892399,Nadační fond Betlém nenarozeným,2024-08-20,,,
2024,00442704,4000.0,PO,dar,26942879,Nadační fond NIKÉ,2024-08-01,,,
2024,00442704,60000.0,PO,dar,27034500,Nestraníci,2024-04-10,,,
2024,00442704,60000.0,PO,dar,27034500,Nestraníci,2024-04-08,,,
2024,00442704,0.0,PO,dar,16192656,Občanská demokratická strana,2024-09-30,,,
2024,00442704,0.0,PO,dar,16192656,Občanská demokratická strana,2024-09-30,,,
2024,00442704,0.0,PO,dar,60103736,Orel jednota Hlinsko v Čechách,2024-08-16,,,
2024,00442704,0.0,PO,dar,61239704,Orel jednota Vysoké Mýto,2024-08-20,,,
2024,00442704,0.0,PO,dar,61731358,Orel jednota Vyškov,2024-08-23,,,
2024,00442704,5000.0,PO,dar,60747587,PERSPEKTIVA Znojmo s.r.o.,2024-08-27,,,
2024,00442704,1000.0,PO,dar,74909142,Petr Baranek,2024-06-19,,,
2024,00442704,50000.0,PO,dar,28636503,Pharma Progress s.r.o.,2024-06-05,,,
2024,00442704,0.0,PO,dar,45538654,RAZPO spol. s r. o.,2024-08-20,,,
2024,00442704,121000.0,PO,dar,3362663,"Ruby Real, s. r. o.",2024-05-07,,,
2024,00442704,0.0,PO,dar,42939534,Římskokatolická farnost - arciděkanství Pardubice,2024-08-20,,,
2024,00442704,0.0,PO,dar,64243516,Římskokatolická farnost Dašice,2024-09-10,,,
2024,00442704,0.0,PO,dar,60161264,Římskokatolická farnost Holice,2024-08-20,,,
2024,00442704,0.0,PO,dar,64243630,Římskokatolická farnost Horní Jelení,2024-08-20,,,
2024,00442704,0.0,PO,dar,49461362,Římskokatolická farnost Kuřim,2024-09-04,,,
2024,00442704,0.0,PO,dar,48838411,Římskokatolická farnost Vyškov,2024-08-20,,,
2024,00442704,0.0,PO,dar,48838462,Římskokatolická farnost Vyškov - Dědice,2024-08-20,,,
2024,00442704,0.0,PO,dar,46980318,S-A-S STAVBY spol. s r.o.,2024-08-29,,,
2024,00442704,50000.0,PO,dar,64084582,SAGENA s.r.o.,2024-03-05,,,
2024,00442704,50000.0,PO,dar,65409574,"Smart Innovation Center, s.r.o.",2024-11-05,,,
2024,00442704,3000.0,PO,dar,60054841,Smejkal Petr,2024-10-30,,,
2024,00442704,84000.0,PO,dar,15063879,Smetana David,2024-12-30,,,
2024,00442704,40000.0,PO,dar,42339839,SMO a.s.,2024-08-21,,,
2024,00442704,60000.0,PO,dar,70869553,SNK Evropští demokraté,2024-03-12,,,
2024,00442704,60000.0,PO,dar,70869553,SNK Evropští demokraté,2024-04-05,,,
2024,00442704,0.0,PO,dar,42660297,"Společnost Katolického domu v Bučovicích, z. s.",2024-08-22,,,
2024,00442704,2500000.0,PO,dar,9509071,Spolek pro podporu liberální demokracie ČR,2024-09-27,,,
2024,00442704,0.0,PO,dar,46900098,SPUR a.s.,2024-08-28,,,
2024,00442704,5000.0,PO,dar,25825411,"Stavebniny Holub, s.r.o.",2024-01-15,,,
2024,00442704,5000.0,PO,dar,25825411,"Stavebniny Holub, s.r.o.",2024-06-17,,,
2024,00442704,0.0,PO,dar,43509738,Svatojosefská jednota Polička z.s.,2024-08-30,,,
2024,00442704,0.0,PO,dar,43509738,Svatojosefská jednota Polička z.s.,2024-09-01,,,
2024,00442704,0.0,PO,dar,43509738,Svatojosefská jednota Polička z.s.,2024-09-01,,,
2024,00442704,0.0,PO,dar,18826555,Svornost Bosonohy z.s.,2024-08-20,,,
2024,00442704,1000.0,PO,dar,8590150,ŠANON s.r.o.,2024-07-30,,,
2024,00442704,0.0,PO,dar,71339728,TOP 09,2024-09-30,,,
2024,00442704,0.0,PO,dar,71339728,TOP 09,2024-09-30,,,
2024,00442704,0.0,PO,dar,71339728,TOP 09,2024-09-30,,,
2024,00442704,0.0,PO,dar,25503316,"TRADO-BUS, s.r.o.",2024-08-02,,,
2024,00442704,20000.0,PO,dar,44016077,TRANS - TECHNIK spol. s r.o.,2024-05-02,,,
2024,00442704,500000.0,PO,dar,13643819,VÁHALA a spol. s r.o. výroba a prodej masných a la,2024-09-25,,,
2024,00442704,10000.0,PO,dar,25559672,"VALVE CONTROL, s.r.o.",2024-06-26,,,
2024,00442704,5000.0,PO,dar,7041772,VOJKOVSKÝ - STAVBY s.r.o.,2024-09-06,,,
2024,00442704,200000.0,PO,dar,68210396,Volba pro město,2024-09-06,,,
2024,00442704,300000.0,PO,dar,29160715,Workpress Aviation s.r.o.,2024-04-17,,,
2024,00442704,0.0,PO,dar,124851,"Zderaz, zemědělské družstvo",2024-08-20,,,
2024,00442704,0.0,PO,dar,25339737,"Zlaté jablko, a.s.",2024-09-21,,,
2024,00442704,0.0,PO,dar,25339737,"Zlaté jablko, a.s.",2024-09-21,,,
2024,00442704,0.0,PO,dar,25339737,"Zlaté jablko, a.s.",2024-09-21,,,
2024,00442704,130000.0,PO,dar,5997542,"Žij svůj sen, s.r.o.",2024-04-16,,,
2024,00496936,50000.0,PO,dar,71443240,ČSSD-Česká suverenita sociální demokracie,2024-12-11,,,
2024,00496936,50000.0,PO,dar,71443240,ČSSD-Česká suverenita sociální demokracie,2024-11-28,,,
2024,00496936,7000.0,PO,dar,40523322,E.P. & O.S. Cheb spol. s r.o.,2024-04-04,,,
2024,00496936,5000.0,PO,dar,62509756,HONE s.r.o. Mgr. Milan Neužil,2024-02-02,,,
2024,00496936,7000.0,PO,dar,19916353,"MY  LIDÉ,  z. s.",2024-09-06,,,
2024,16192656,15000.0,PO,dar,27120805,A 11 s.r.o.,2024-10-01,,,
2024,16192656,200000.0,PO,dar,3275191,AA Tax-Audit s.r.o.,2024-08-26,,,
2024,16192656,150000.0,PO,dar,48119458,ACO Industries k.s.,2024-04-23,,,
2024,16192656,50000.0,PO,dar,26409062,"AD TECHNIK, s.r.o.",2024-06-19,,,
2024,16192656,0.0,PO,dar,8187991,"ADOMS Realitní, a.s.",2024-09-08,,,
2024,16192656,10000.0,PO,dar,24844055,"Affect, s.r.o.",2024-09-06,,,
2024,16192656,10000.0,PO,dar,25226258,"AFR - zemní práce, s.r.o.",2024-09-13,,,
2024,16192656,0.0,PO,dar,43378391,"AGADOS, spol. s r.o.",2024-06-13,,,
2024,16192656,0.0,PO,dar,25525409,Agentura Media a Marketing s.r.o.,2024-07-16,,,
2024,16192656,70000.0,PO,dar,21482101,AK Tecl s.r.o.,2024-09-10,,,
2024,16192656,100000.0,PO,dar,49812882,"ALLWARE, s.r.o.",2024-09-10,,,
2024,16192656,25000.0,PO,dar,25643100,Aluminium centrum s.r.o.,2024-06-11,,,
2024,16192656,150000.0,PO,dar,26797810,"ANAJ Czech, a.s.",2024-08-07,,,
2024,16192656,50000.0,PO,dar,29218381,Andone s.r.o.,2024-04-19,,,
2024,16192656,0.0,PO,dar,27321134,ATLANTIC reklamní agentura s.r.o.,2024-09-14,,,
2024,16192656,0.0,PO,dar,24727741,AUTOSTYL a.s.,2024-09-13,,,
2024,16192656,100000.0,PO,dar,42766931,AVP Vladimír Návrat s.r.o.,2024-07-02,,,
2024,16192656,100000.0,PO,dar,3979431,"BC Bory, s.r.o.",2024-09-10,,,
2024,16192656,100000.0,PO,dar,25607324,"BIOPREPARÁTY, spol. s r.o.",2024-04-23,,,
2024,16192656,50000.0,PO,dar,63979420,Bitango FIN s.r.o.,2024-11-01,,,
2024,16192656,120000.0,PO,dar,5365937,Bitango JP s.r.o.,2024-11-01,,,
2024,16192656,50000.0,PO,dar,26392992,BP Brůna s.r.o.,2024-08-13,,,
2024,16192656,1500000.0,PO,dar,27342875,bpd partners a.s.,2024-01-30,,,
2024,16192656,50000.0,PO,dar,47252090,BRISK Tábor a.s.,2024-04-24,,,
2024,16192656,10000.0,PO,dar,26931273,"BZ Invest, s.r.o.",2024-06-22,,,
2024,16192656,100000.0,PO,dar,24774219,Censitio s.r.o.,2024-07-22,,,
2024,16192656,50000.0,PO,dar,46577238,"COMMODUM, spol. s r.o.",2024-09-05,,,
2024,16192656,300000.0,PO,dar,27790380,Cream Real Estate s.r.o.,2024-09-12,,,
2024,16192656,30000.0,PO,dar,28079981,CzechPartner s.r.o.,2024-08-26,,,
2024,16192656,5000.0,PO,dar,26851971,CZO Morava s.r.o.,2024-08-31,,,
2024,16192656,100000.0,PO,dar,27584534,České štěrkopísky spol. s r.o.,2024-02-20,,,
2024,16192656,10000.0,PO,dar,26827930,"DAF INNOVA, s.r.o.",2024-06-11,,,
2024,16192656,150000.0,PO,dar,2043513,"DAP Zone, s.r.o.",2024-09-02,,,
2024,16192656,50000.0,PO,dar,26863464,Deltablok s.r.o.,2024-07-12,,,
2024,16192656,150000.0,PO,dar,7680431,DOLE4U INVEST s.r.o.,2024-05-20,,,
2024,16192656,36300.0,PO,dar,27555917,DSP a.s.,2024-08-28,,,
2024,16192656,0.0,PO,dar,4209869,DYNAMIC STRATEGY s.r.o.,2024-09-13,,,
2024,16192656,50000.0,PO,dar,2360641,EFIOS stavební s.r.o.,2024-07-26,,,
2024,16192656,50000.0,PO,dar,27504514,Ekologický rozvoj a výstavba s.r.o.,2024-07-01,,,
2024,16192656,15000.0,PO,dar,2359782,elektroben s.r.o.,2024-07-08,,,
2024,16192656,50000.0,PO,dar,49096974,"ELNA Servis Počerady, s.r.o.",2024-12-30,,,
2024,16192656,10000.0,PO,dar,28269951,EMMET a.s.,2024-09-09,,,
2024,16192656,20000.0,PO,dar,29115094,EURONOVA GROUP s.r.o.,2024-05-24,,,
2024,16192656,130000.0,PO,dar,10817026,EVENTUP ENTERTAINMENT s.r.o.,2024-07-04,,,
2024,16192656,50000.0,PO,dar,8108196,FAIPARI s.r.o.,2024-01-08,,,
2024,16192656,150000.0,PO,dar,48108847,"Galerie Kodl, s.r.o.",2024-07-10,,,
2024,16192656,0.0,PO,dar,46711732,H E L G O S  s.r.o.,2024-09-11,,,
2024,16192656,0.0,PO,dar,5684871,HP STAV - Jan Perout s.r.o.,2024-09-13,,,
2024,16192656,10000.0,PO,dar,25249321,Hreus s.r.o.,2024-08-20,,,
2024,16192656,0.0,PO,dar,5369444,HS AUTOMOBIL s.r.o.,2024-09-11,,,
2024,16192656,0.0,PO,dar,5369444,HS AUTOMOBIL s.r.o.,2024-09-11,,,
2024,16192656,30000.0,PO,dar,25387880,HSH Stav s. r. o.,2024-02-29,,,
2024,16192656,100000.0,PO,dar,24230154,HUSTÁK CZ s.r.o.,2024-11-22,,,
2024,16192656,10000.0,PO,dar,6582826,HYGMONT čisticí systémy s.r.o.,2024-08-12,,,
2024,16192656,15000.0,PO,dar,13695797,Cheport,2024-07-09,,,
2024,16192656,0.0,PO,dar,46346040,ICOM transport a.s.,2024-05-14,,,
2024,16192656,120000.0,PO,dar,24749478,IMAGE CARE s.r.o.,2024-06-11,,,
2024,16192656,0.0,PO,dar,28813171,Implayo s.r.o.,2024-06-26,,,
2024,16192656,0.0,PO,dar,28813171,Implayo s.r.o.,2024-09-10,,,
2024,16192656,0.0,PO,dar,25039253,Indorama Ventures Mobility Bohemia s.r.o.,2024-09-10,,,
2024,16192656,0.0,PO,dar,47714018,"InterCora, spol. s r.o.",2024-09-12,,,
2024,16192656,0.0,PO,dar,47714018,"InterCora, spol. s r.o.",2024-09-12,,,
2024,16192656,20000.0,PO,dar,45799474,Interimex CZ spol. s.r.o.,2024-08-22,,,
2024,16192656,150000.0,PO,dar,6848869,ISP Legal & Technologies s.r.o,2024-05-27,,,
2024,16192656,0.0,PO,dar,3044530,Ivana Komárková - HMF elektromotory,2024-09-08,,,
2024,16192656,0.0,PO,dar,28557280,"Jablonec 2010, z.s.",2024-09-12,,,
2024,16192656,0.0,PO,dar,28557280,"Jablonec 2010, z.s.",2024-09-12,,,
2024,16192656,24000.0,PO,dar,28557280,"Jablonec 2010, z.s.",2024-10-21,,,
2024,16192656,0.0,PO,dar,28557280,"Jablonec 2010, z.s.",2024-09-11,,,
2024,16192656,0.0,PO,dar,28557280,"Jablonec 2010, z.s.",2024-09-11,,,
2024,16192656,100000.0,PO,dar,6455913,Jahodnice Living s.r.o.,2024-07-31,,,
2024,16192656,20000.0,PO,dar,25860852,JASY Vsetín s.r.o.,2024-06-28,,,
2024,16192656,0.0,PO,dar,25405888,JM Mikulášek s.r.o.,2024-09-13,,,
2024,16192656,0.0,PO,dar,25405888,JM Mikulášek s.r.o.,2024-09-13,,,
2024,16192656,0.0,PO,dar,25010115,JMP - Glas s.r.o.,2024-08-30,,,
2024,16192656,0.0,PO,dar,27582477,JS Bydlení s.r.o.,2024-09-14,,,
2024,16192656,50000.0,PO,dar,9303677,Just Dimm It s.r.o.,2024-07-25,,,
2024,16192656,10000.0,PO,dar,26860732,K J K stavební údržba s.r.o.,2024-11-22,,,
2024,16192656,50000.0,PO,dar,25522957,Kalírna Zlín - Chytil spol.s r.o.,2024-09-12,,,
2024,16192656,100000.0,PO,dar,28476468,Kami účto s.r.o.,2024-07-22,,,
2024,16192656,200000.0,PO,dar,46508465,"KASPER KOVO, s. r. o.",2024-08-06,,,
2024,16192656,1500.0,PO,dar,8259780,KBIG s.r.o.,2024-10-25,,,
2024,16192656,0.0,PO,dar,442704,KDU-ČSL,2024-05-30,,,
2024,16192656,6250.0,PO,dar,442704,KDU-ČSL,2024-10-14,,,
2024,16192656,0.0,PO,dar,442704,KDU-ČSL,2024-05-30,,,
2024,16192656,6250.0,PO,dar,442704,KDU-ČSL,2024-04-29,,,
2024,16192656,6250.0,PO,dar,442704,KDU-ČSL,2024-07-02,,,
2024,16192656,0.0,PO,dar,442704,KDU-ČSL,2024-09-16,,,
2024,16192656,6250.0,PO,dar,442704,KDU-ČSL,2024-12-13,,,
2024,16192656,0.0,PO,dar,442704,KDU-ČSL,2024-09-16,,,
2024,16192656,0.0,PO,dar,442704,KDU-ČSL,2024-09-16,,,
2024,16192656,0.0,PO,dar,442704,KDU-ČSL,2024-09-16,,,
2024,16192656,60000.0,PO,dar,15526691,"KDZ, spol. s r. o.",2024-07-09,,,
2024,16192656,45000.0,PO,dar,60748044,"KKS-SERVIS, spol. s r.o.",2024-08-30,,,
2024,16192656,50000.0,PO,dar,42340802,"KKS, spol.  s r. o.",2024-09-09,,,
2024,16192656,50000.0,PO,dar,42340802,"KKS, spol.  s r. o.",2024-05-21,,,
2024,16192656,30000.0,PO,dar,28715501,KOLOSHOP s.r.o.,2024-08-21,,,
2024,16192656,100000.0,PO,dar,25395912,KORIA a.s.,2024-06-19,,,
2024,16192656,100000.0,PO,dar,27971848,KOS - KV s.r.o.,2024-05-30,,,
2024,16192656,100000.0,PO,dar,62062336,"KRISTENSSON, spol. s r.o.",2024-07-25,,,
2024,16192656,40000.0,PO,dar,25289152,Kudláček Waldek Körber Consulting s.r.o.,2024-09-03,,,
2024,16192656,150000.0,PO,dar,25289152,Kudláček Waldek Körber Consulting s.r.o.,2024-07-19,,,
2024,16192656,50000.0,PO,dar,28395581,KVD Plus s.r.o.,2024-08-01,,,
2024,16192656,30000.0,PO,dar,28266269,LB STONE s.r.o.,2024-08-11,,,
2024,16192656,60000.0,PO,dar,27090370,LCA s.r.o.,2024-07-22,,,
2024,16192656,100000.0,PO,dar,25299981,LEADERMARK a.s.,2024-07-17,,,
2024,16192656,200000.0,PO,dar,8371008,"Liwiro, s.r.o.",2024-09-26,,,
2024,16192656,5000.0,PO,dar,4218370,Louda Trans s.r.o.,2024-03-25,,,
2024,16192656,300000.0,PO,dar,28520734,"M.K.trade systems, s.r.o.",2024-09-12,,,
2024,16192656,80000.0,PO,dar,28520734,"M.K.trade systems, s.r.o.",2024-08-13,,,
2024,16192656,20000.0,PO,dar,43964095,M&V spol. s r.o.,2024-07-29,,,
2024,16192656,33200.0,PO,dar,29200393,Mandát & partneři s.r.o.,2024-06-04,,,
2024,16192656,4000.0,PO,dar,29227674,Marba s.r.o.,2024-01-04,,,
2024,16192656,20000.0,PO,dar,22801715,Martin Sýkora s.r.o.,2024-04-23,,,
2024,16192656,0.0,PO,dar,26504740,MATRIX Media s.r.o.,2024-08-28,,,
2024,16192656,0.0,PO,dar,26504740,MATRIX Media s.r.o.,2024-09-13,,,
2024,16192656,100000.0,PO,dar,26504740,MATRIX Media s.r.o.,2024-09-23,,,
2024,16192656,10000.0,PO,dar,27718158,MCI SERVIS s.r.o.,2024-09-04,,,
2024,16192656,20000.0,PO,dar,27487938,MDS projekt s.r.o.,2024-06-03,,,
2024,16192656,500000.0,PO,dar,24738123,MELVIA TRADE s.r.o.,2024-02-27,,,
2024,16192656,0.0,PO,dar,25020234,MERBS s.r.o.,2024-09-08,,,
2024,16192656,35000.0,PO,dar,1652265,MIRO GLOVES s.r.o.,2024-09-10,,,
2024,16192656,300000.0,PO,dar,25420216,MONTEP s.r.o.,2024-07-10,,,
2024,16192656,10000.0,PO,dar,5661986,"Moravia Containers, a.s.",2024-06-27,,,
2024,16192656,100000.0,PO,dar,3593380,MUDr. Zdeněk Grünwald s.r.o.,2024-03-05,,,
2024,16192656,30000.0,PO,dar,3593380,MUDr. Zdeněk Grünwald s.r.o.,2024-04-18,,,
2024,16192656,100000.0,PO,dar,2684110,MWM Tax s.r.o.,2024-09-10,,,
2024,16192656,200000.0,PO,dar,6937128,NAVA Tisk s.r.o.,2024-06-17,,,
2024,16192656,41733.0,PO,dar,6937128,NAVA Tisk s.r.o.,2024-12-16,,,
2024,16192656,0.0,PO,dar,28285425,NECY s.r.o.,2024-09-13,,,
2024,16192656,0.0,PO,dar,46710922,"O S E X   Ž A T E C , společnost s ručením omezeným",2024-09-13,,,
2024,16192656,0.0,PO,dar,3099598,Občané patrioti,2024-09-02,,,
2024,16192656,0.0,PO,dar,6062008,OIG Power s.r.o.,2024-09-05,,,
2024,16192656,300000.0,PO,dar,6062008,OIG Power s.r.o.,2024-06-12,,,
2024,16192656,150000.0,PO,dar,28177738,Olikla s.r.o.,2024-04-17,,,
2024,16192656,100000.0,PO,dar,3349489,"Omnia Invest Group, spol. s r.o.",2024-09-13,,,
2024,16192656,100000.0,PO,dar,3349489,"Omnia Invest Group, spol. s r.o.",2024-01-31,,,
2024,16192656,250000.0,PO,dar,9517979,Optimal Solution Agency s.r.o.,2024-02-16,,,
2024,16192656,50000.0,PO,dar,60728515,PARTR spol. s r.o.,2024-08-11,,,
2024,16192656,0.0,PO,dar,71443681,Patrioti České republiky,2024-07-31,,,
2024,16192656,0.0,PO,dar,71443681,Patrioti České republiky,2024-08-13,,,
2024,16192656,0.0,PO,dar,71443681,Patrioti České republiky,2024-06-20,,,
2024,16192656,0.0,PO,dar,71443681,Patrioti České republiky,2024-06-20,,,
2024,16192656,20000.0,PO,dar,2664488,PaveLLi s.r.o.,2024-08-29,,,
2024,16192656,30000.0,PO,dar,43960651,Pekařství ILLÍK s.r.o.,2024-03-26,,,
2024,16192656,20000.0,PO,dar,6601791,Petr Sameš s.r.o.,2024-12-05,,,
2024,16192656,25000.0,PO,dar,24798941,"Pflaument Investment, s.r.o.",2024-08-21,,,
2024,16192656,100000.0,PO,dar,7941986,PLM Services s.r.o.,2024-06-24,,,
2024,16192656,125000.0,PO,dar,29445591,Plus Med dva s. r. o.,2024-02-19,,,
2024,16192656,15000.0,PO,dar,25405772,POHAS s.r.o.,2024-07-30,,,
2024,16192656,50000.0,PO,dar,25114697,"POS+, spol. s r.o.",2024-06-21,,,
2024,16192656,200000.0,PO,dar,4548736,Prague Health Team s.r.o.,2024-08-06,,,
2024,16192656,200000.0,PO,dar,4548736,Prague Health Team s.r.o.,2024-08-26,,,
2024,16192656,100000.0,PO,dar,4548736,Prague Health Team s.r.o.,2024-06-19,,,
2024,16192656,100000.0,PO,dar,4548736,Prague Health Team s.r.o.,2024-09-15,,,
2024,16192656,100000.0,PO,dar,4548736,Prague Health Team s.r.o.,2024-09-11,,,
2024,16192656,50000.0,PO,dar,26227452,"PREDIKO, s.r.o.",2024-08-12,,,
2024,16192656,0.0,PO,dar,27559572,Print Promotion s.r.o.,2024-08-28,,,
2024,16192656,5000.0,PO,dar,14353440,Pro cleaning s.r.o.,2024-09-09,,,
2024,16192656,0.0,PO,dar,2270102,PS Jihlava Development s.r.o.,2024-08-20,,,
2024,16192656,50000.0,PO,dar,5042020,PSG Construction a.s.,2024-08-06,,,
2024,16192656,20000.0,PO,dar,26769166,Quick Office s.r.o.,2024-12-16,,,
2024,16192656,20000.0,PO,dar,26296039,R. Hlavica s.r.o.,2024-04-19,,,
2024,16192656,150000.0,PO,dar,29149011,R.T. kování a. s.,2024-07-17,,,
2024,16192656,60000.0,PO,dar,26276143,RAVAL INTERIER s.r.o.,2024-09-04,,,
2024,16192656,10000.0,PO,dar,27331954,RB engineering s.r.o.,2024-09-13,,,
2024,16192656,10000.0,PO,dar,49609963,REBOUND s.r.o.,2024-09-03,,,
2024,16192656,75000.0,PO,dar,3624625,regiozona s.r.o.,2024-07-01,,,
2024,16192656,10000.0,PO,dar,61975192,REKUMAT Wärmeprozesstechnik ČR spol. s.r.o.,2024-06-18,,,
2024,16192656,50000.0,PO,dar,49791834,"Renatechnik, s.r.o.",2024-05-13,,,
2024,16192656,0.0,PO,dar,25597272,RENOMORAVIA s.r.o.,2024-09-13,,,
2024,16192656,200000.0,PO,dar,27358089,RENT Group s.r.o.,2024-07-23,,,
2024,16192656,88000.0,PO,dar,24159484,Rezidence Oskarka s.r.o.,2024-08-28,,,
2024,16192656,50000.0,PO,dar,26238616,RIS-MONT s.r.o.,2024-08-11,,,
2024,16192656,20000.0,PO,dar,26238616,RIS-MONT s.r.o.,2024-09-11,,,
2024,16192656,30000.0,PO,dar,26841959,RKinox s.r.o.,2024-06-18,,,
2024,16192656,200000.0,PO,dar,25354515,RMK spol. s r.o.,2024-10-02,,,
2024,16192656,10000.0,PO,dar,2376466,ROKIT Partner s.r.o.,2024-06-30,,,
2024,16192656,100000.0,PO,dar,27633748,RTB Czech s.r.o.,2024-06-09,,,
2024,16192656,10000.0,PO,dar,3081222,RWT projekt s.r.o.,2024-08-27,,,
2024,16192656,0.0,PO,dar,22796282,S - STAV s.r.o.,2024-09-08,,,
2024,16192656,5000.0,PO,dar,25410199,SAB SERVICE s.r.o.,2024-06-06,,,
2024,16192656,20000.0,PO,dar,25458426,"Severočeská stavební, a.s.",2024-08-02,,,
2024,16192656,0.0,PO,dar,4816021,SIGNIFY production s.r.o.,2024-09-16,,,
2024,16192656,10000.0,PO,dar,49970020,"Silamo, s.r.o.",2024-07-08,,,
2024,16192656,50000.0,PO,dar,3527735,SINOVIA CONSULT s.r.o.,2024-08-28,,,
2024,16192656,10000.0,PO,dar,25846906,"Slamka Consulting, s.r.o.",2024-09-11,,,
2024,16192656,70000.0,PO,dar,60113103,SMART HB spol. s r.o.,2024-09-10,,,
2024,16192656,50000.0,PO,dar,42339839,SMO a.s.,2024-09-01,,,
2024,16192656,2500000.0,PO,dar,9509071,Spolek pro podporu liberální demokracie ČR,2024-09-17,,,
2024,16192656,56250.0,PO,dar,26673908,Starostové a nezávislí,2024-10-15,,,
2024,16192656,56250.0,PO,dar,26673908,Starostové a nezávislí,2024-04-29,,,
2024,16192656,56250.0,PO,dar,26673908,Starostové a nezávislí,2024-07-02,,,
2024,16192656,0.0,PO,dar,26673908,Starostové a nezávislí,2024-09-16,,,
2024,16192656,30000.0,PO,dar,64619036,"Stavby,opravy a údržba silnic s.r.o.",2024-05-27,,,
2024,16192656,50000.0,PO,dar,64255352,STAVEBNĚ DOPRAVNÍ TRUTNOV s.r.o.,2024-07-25,,,
2024,16192656,100000.0,PO,dar,28771346,"Stavební vodohospodářská, s.r.o.",2024-06-26,,,
2024,16192656,50000.0,PO,dar,25841254,SVC vzdělávací s.r.o.,2024-07-12,,,
2024,16192656,50000.0,PO,dar,6949169,SVS - CORRECT - realizace s.r.o.,2024-10-02,,,
2024,16192656,10000.0,PO,dar,3799018,Šindler clinic s.r.o.,2024-09-10,,,
2024,16192656,90000.0,PO,dar,26582406,Tábor 2020,2024-10-15,,,
2024,16192656,90000.0,PO,dar,26582406,Tábor 2020,2024-04-29,,,
2024,16192656,90000.0,PO,dar,26582406,Tábor 2020,2024-07-02,,,
2024,16192656,90000.0,PO,dar,26582406,Tábor 2020,2024-12-13,,,
2024,16192656,25000.0,PO,dar,28050304,Three P section s.r.o.,2024-09-13,,,
2024,16192656,100000.0,PO,dar,3032728,TK Property s.r.o.,2024-07-07,,,
2024,16192656,100000.0,PO,dar,26879441,"Tomáš Goláň, daňová kancelář s.r.o.",2024-09-11,,,
2024,16192656,56250.0,PO,dar,71339728,TOP 09,2024-10-15,,,
2024,16192656,81250.0,PO,dar,71339728,TOP 09,2024-10-15,,,
2024,16192656,87750.0,PO,dar,71339728,TOP 09,2024-10-15,,,
2024,16192656,56250.0,PO,dar,71339728,TOP 09,2024-04-29,,,
2024,16192656,81250.0,PO,dar,71339728,TOP 09,2024-04-29,,,
2024,16192656,87750.0,PO,dar,71339728,TOP 09,2024-04-29,,,
2024,16192656,56250.0,PO,dar,71339728,TOP 09,2024-07-02,,,
2024,16192656,87750.0,PO,dar,71339728,TOP 09,2024-07-02,,,
2024,16192656,81250.0,PO,dar,71339728,TOP 09,2024-07-02,,,
2024,16192656,400000.0,PO,dar,71339728,TOP 09,2024-09-06,,,
2024,16192656,0.0,PO,dar,71339728,TOP 09,2024-09-16,,,
2024,16192656,0.0,PO,dar,71339728,TOP 09,2024-09-16,,,
2024,16192656,0.0,PO,dar,71339728,TOP 09,2024-09-16,,,
2024,16192656,0.0,PO,dar,71339728,TOP 09,2024-09-16,,,
2024,16192656,0.0,PO,dar,71339728,TOP 09,2024-09-16,,,
2024,16192656,0.0,PO,dar,71339728,TOP 09,2024-09-16,,,
2024,16192656,0.0,PO,dar,71339728,TOP 09,2024-09-16,,,
2024,16192656,0.0,PO,dar,71339728,TOP 09,2024-09-16,,,
2024,16192656,0.0,PO,dar,71339728,TOP 09,2024-09-16,,,
2024,16192656,0.0,PO,dar,71339728,TOP 09,2024-09-16,,,
2024,16192656,0.0,PO,dar,71339728,TOP 09,2024-09-16,,,
2024,16192656,0.0,PO,dar,71339728,TOP 09,2024-09-16,,,
2024,16192656,0.0,PO,dar,71339728,TOP 09,2024-09-16,,,
2024,16192656,87750.0,PO,dar,71339728,TOP 09,2024-12-13,,,
2024,16192656,81250.0,PO,dar,71339728,TOP 09,2024-12-13,,,
2024,16192656,30000.0,PO,dar,26930579,"TOSPUR, s.r.o.",2024-08-06,,,
2024,16192656,75000.0,PO,dar,25531450,"TRADIX UH,a.s.",2024-09-17,,,
2024,16192656,5500.0,PO,dar,47454989,Transmedicar s.r.o.,2024-04-18,,,
2024,16192656,20000.0,PO,dar,24736830,Tristera s.r.o.,2024-09-11,,,
2024,16192656,50000.0,PO,dar,26252937,"TVD-Technická výroba, a.s.",2024-08-26,,,
2024,16192656,15000.0,PO,dar,27700771,Uherskobrodská stavební s.r.o.,2024-07-08,,,
2024,16192656,100000.0,PO,dar,6090290,"UHLÍ PÍSKY ČERT, s.r.o.",2024-05-21,,,
2024,16192656,100000.0,PO,dar,27802221,"UNNI Trading, s.r.o.",2024-09-05,,,
2024,16192656,50000.0,PO,dar,60754524,Vaše laboratoře s.r.o.,2024-08-12,,,
2024,16192656,50000.0,PO,dar,26229455,Vodohospodářské stavby Javorník-CZ s.r.o.,2024-09-02,,,
2024,16192656,10000.0,PO,dar,17861543,Voidomatis s.r.o.,2024-06-04,,,
2024,16192656,150000.0,PO,dar,4064623,Vranovská přehrada s.r.o.,2024-03-15,,,
2024,16192656,5000.0,PO,dar,6332064,Vrky spolu s.r.o.,2024-11-20,,,
2024,16192656,5000.0,PO,dar,6332064,Vrky spolu s.r.o.,2024-01-02,,,
2024,16192656,50000.0,PO,dar,25345281,Vrtílek s.r.o.,2024-03-11,,,
2024,16192656,0.0,PO,dar,26026627,VYSOČINA AUTO GROUP a.s.,2024-06-21,,,
2024,16192656,0.0,PO,dar,40526526,W & P EURONOVA s.r.o.,2024-09-13,,,
2024,16192656,0.0,PO,dar,40526526,W & P EURONOVA s.r.o.,2024-09-03,,,
2024,16192656,81000.0,PO,dar,40526526,W & P EURONOVA s.r.o.,2024-11-08,,,
2024,16192656,0.0,PO,dar,19438923,WEETEK Reality s.r.o.,2024-09-14,,,
2024,16192656,125000.0,PO,dar,28622928,WTC Písečná s.r.o.,2024-02-19,,,
2024,16192656,20000.0,PO,dar,28823443,Wynky plus s.r.o.,2024-09-02,,,
2024,16192656,0.0,PO,dar,5528518,Zahradnictví Dvořák a syn s.r.o.,2024-09-13,,,
2024,16192656,25000.0,PO,dar,25682164,Zanzibar s.r.o.,2024-09-09,,,
2024,16192656,15000.0,PO,dar,27860388,Zogal Union s.r.o.,2024-04-25,,,
2024,16192656,60000.0,PO,dar,17354374,Zulu Victory s.r.o.,2024-11-04,,,
2024,71339698,0.0,PO,dar,25525409,Agentura Media a Marketing s.r.o.,2024-06-15,,,
2024,71339698,500.0,PO,dar,7074417,"Alternativa středočeské D3, z.s.",2024-01-24,,,
2024,71339698,3000.0,PO,dar,87585804,"Bc. František Elfmark, DiS",2024-08-28,,,
2024,71339698,132079.43,PO,dar,71339698,Česká pirátská strana,,,,
2024,71339698,0.0,PO,dar,71339698,Česká pirátská strana,,,,
2024,71339698,500.0,PO,dar,2361981,Daniel Lebduška,2024-12-28,,,
2024,71339698,500.0,PO,dar,2361981,Daniel Lebduška,2024-11-27,,,
2024,71339698,500.0,PO,dar,2361981,Daniel Lebduška,2024-10-27,,,
2024,71339698,500.0,PO,dar,2361981,Daniel Lebduška,2024-09-27,,,
2024,71339698,500.0,PO,dar,2361981,Daniel Lebduška,2024-08-27,,,
2024,71339698,500.0,PO,dar,2361981,Daniel Lebduška,2024-07-27,,,
2024,71339698,500.0,PO,dar,2361981,Daniel Lebduška,2024-06-28,,,
2024,71339698,500.0,PO,dar,2361981,Daniel Lebduška,2024-05-27,,,
2024,71339698,500.0,PO,dar,2361981,Daniel Lebduška,2024-04-27,,,
2024,71339698,500.0,PO,dar,2361981,Daniel Lebduška,2024-03-27,,,
2024,71339698,500.0,PO,dar,2361981,Daniel Lebduška,2024-02-27,,,
2024,71339698,500.0,PO,dar,2361981,Daniel Lebduška,2024-01-27,,,
2024,71339698,1000.0,PO,dar,2361981,Daniel Lebduška,2024-12-27,,,
2024,71339698,5000.0,PO,dar,2361981,Daniel Lebduška,2024-06-02,,,
2024,71339698,1000.0,PO,dar,2361981,Daniel Lebduška,2024-11-28,,,
2024,71339698,1000.0,PO,dar,2361981,Daniel Lebduška,2024-10-28,,,
2024,71339698,1000.0,PO,dar,2361981,Daniel Lebduška,2024-09-28,,,
2024,71339698,1000.0,PO,dar,2361981,Daniel Lebduška,2024-08-28,,,
2024,71339698,1000.0,PO,dar,2361981,Daniel Lebduška,2024-07-28,,,
2024,71339698,1000.0,PO,dar,2361981,Daniel Lebduška,2024-06-27,,,
2024,71339698,1000.0,PO,dar,2361981,Daniel Lebduška,2024-05-27,,,
2024,71339698,3025.0,PO,dar,2361981,Daniel Lebduška,2024-05-31,,,
2024,71339698,1000.0,PO,dar,2361981,Daniel Lebduška,2024-04-27,,,
2024,71339698,1000.0,PO,dar,2361981,Daniel Lebduška,2024-03-27,,,
2024,71339698,1000.0,PO,dar,2361981,Daniel Lebduška,2024-02-27,,,
2024,71339698,0.0,PO,dar,25267442,DRUMEL a Co. s.r.o.,2024-08-10,,,
2024,71339698,2500.0,PO,dar,19412126,"eMCe Projekty, s.r.o.",2024-05-22,,,
2024,71339698,2500.0,PO,dar,19412126,"eMCe Projekty, s.r.o.",2024-05-21,,,
2024,71339698,5000.0,PO,dar,9829881,EXFORMA Management s.r.o.,2024-02-12,,,
2024,71339698,1000.0,PO,dar,3435652,Farma Valeč s.r.o.,2024-01-31,,,
2024,71339698,100.0,PO,dar,26628295,HAF z.s.,2024-06-17,,,
2024,71339698,100.0,PO,dar,26628295,HAF z.s.,2024-05-15,,,
2024,71339698,100.0,PO,dar,26628295,HAF z.s.,2024-04-15,,,
2024,71339698,100.0,PO,dar,26628295,HAF z.s.,2024-03-15,,,
2024,71339698,100.0,PO,dar,26628295,HAF z.s.,2024-02-15,,,
2024,71339698,100.0,PO,dar,26628295,HAF z.s.,2024-01-15,,,
2024,71339698,1000.0,PO,dar,68180420,Ing. Adrián Pasierb,2024-04-23,,,
2024,71339698,10000.0,PO,dar,74789422,Ing. arch. Jakub Zach,2024-07-15,,,
2024,71339698,1000.0,PO,dar,3589170,Jakub Beneš,2024-05-04,,,
2024,71339698,1000.0,PO,dar,69310742,Jakub Skopal,2024-04-17,,,
2024,71339698,500.0,PO,dar,47787627,Jarmila Plavcová,2024-10-01,,,
2024,71339698,1000.0,PO,dar,47787627,Jarmila Plavcová,2024-05-21,,,
2024,71339698,500.0,PO,dar,47787627,Jarmila Plavcová,2024-06-04,,,
2024,71339698,500.0,PO,dar,47787627,Jarmila Plavcová,2024-12-02,,,
2024,71339698,500.0,PO,dar,47787627,Jarmila Plavcová,2024-11-01,,,
2024,71339698,1000.0,PO,dar,18949894,"Jelínek Jan, Ing.",2024-08-20,,,
2024,71339698,2250.0,PO,dar,7029942,Jetio s.r.o.,2024-04-09,,,
2024,71339698,1350.0,PO,dar,7029942,Jetio s.r.o.,2024-11-18,,,
2024,71339698,500.0,PO,dar,14059517,Karel Špecián,2024-07-05,,,
2024,71339698,500.0,PO,dar,21024791,Kateřina Stojanová,2024-07-18,,,
2024,71339698,250.0,PO,dar,3246876,Kultivar s.r.o.,2024-10-02,,,
2024,71339698,250.0,PO,dar,3246876,Kultivar s.r.o.,2024-12-02,,,
2024,71339698,250.0,PO,dar,3246876,Kultivar s.r.o.,2024-11-02,,,
2024,71339698,50000.0,PO,dar,71443606,Liberálně ekologická strana,2024-07-19,,,
2024,71339698,2000.0,PO,dar,28436318,"MA projekt, spol. s r.o.",2024-08-15,,,
2024,71339698,2000.0,PO,dar,28436318,"MA projekt, spol. s r.o.",2024-05-15,,,
2024,71339698,2000.0,PO,dar,28436318,"MA projekt, spol. s r.o.",2024-02-15,,,
2024,71339698,2000.0,PO,dar,28436318,"MA projekt, spol. s r.o.",2024-11-15,,,
2024,71339698,500.0,PO,dar,28436318,"MA projekt, spol. s r.o.",2024-01-15,,,
2024,71339698,2000.0,PO,dar,4181476,MgA. Pavel Beskyd,2024-05-21,,,
2024,71339698,2450.0,PO,dar,5658071,Michal Ketner,2024-04-22,,,
2024,71339698,10000.0,PO,dar,46768815,MUDR. HANA JIRÁNKOVÁ,2024-07-22,,,
2024,71339698,20000.0,PO,dar,46768815,MUDR. HANA JIRÁNKOVÁ,2024-07-22,,,
2024,71339698,40000.0,PO,dar,1393308,MUDr. Jan Kovář,2024-08-11,,,
2024,71339698,10000.0,PO,dar,75107147,MUDr. Miroslav Jiránek,2024-07-22,,,
2024,71339698,50000.0,PO,dar,75107147,MUDr. Miroslav Jiránek,2024-07-03,,,
2024,71339698,1000.0,PO,dar,25383973,Nedform s.r.o.,2024-12-13,,,
2024,71339698,50000.0,PO,dar,3204669,ProOlomouc,2024-08-22,,,
2024,71339698,600000.0,PO,dar,3204669,ProOlomouc,2024-08-14,,,
2024,71339698,5000.0,PO,dar,64637573,Roman Koutek,2024-07-15,,,
2024,71339698,2500000.0,PO,dar,9509071,Spolek pro podporu liberální demokracie ČR,,,,
2024,71339698,19690096.16,PO,dar,26673908,STAROSTOVÉ A NEZÁVISLÍ,,,,
2024,71339698,100000.0,PO,dar,409740,Strana zelených,2024-09-22,,,
2024,71339698,100000.0,PO,dar,409740,Strana zelených,2024-08-02,,,
2024,71339698,1000.0,PO,dar,1907026,Šárka Kučerová,2024-08-19,,,
2024,71339698,5000.0,PO,dar,25257129,TPC spol. s r.o.,2024-05-21,,,
2024,71339698,500.0,PO,dar,8237051,Verka CZ s.r.o.,2024-04-17,,,
2024,71339698,2000.0,PO,dar,26252031,VILEN s.r.o.,2024-01-15,,,
2024,71339698,2000.0,PO,dar,26252031,VILEN s.r.o.,2024-08-14,,,
2024,71339698,2000.0,PO,dar,26252031,VILEN s.r.o.,2024-07-15,,,
2024,71339698,2000.0,PO,dar,26252031,VILEN s.r.o.,2024-06-14,,,
2024,71339698,2000.0,PO,dar,26252031,VILEN s.r.o.,2024-05-14,,,
2024,71339698,2000.0,PO,dar,26252031,VILEN s.r.o.,2024-04-15,,,
2024,71339698,2000.0,PO,dar,26252031,VILEN s.r.o.,2024-03-14,,,
2024,71339698,2000.0,PO,dar,26252031,VILEN s.r.o.,2024-02-14,,,
2024,71339698,10000.0,PO,dar,27254917,Wingmed s.r.o.,2024-07-22,,,
2024,71339698,10000.0,PO,dar,27254917,Wingmed s.r.o.,2024-07-22,,,
2024,10742409,0.0,PO,dar,5939836,A Big City - shopping paradise s.r.o.,2024-08-20,,,
2024,10742409,100000.0,PO,dar,25655809,ALCADRAIN s.r.o.,2024-09-04,,,
2024,10742409,50000.0,PO,dar,29212910,BIONYX s.r.o.,2024-09-26,,,
2024,10742409,100000.0,PO,dar,17275598,Bitria s.r.o.,2024-04-23,,,
2024,10742409,12000.0,PO,dar,4410459,Čerpací stanice Kamenice nad Lipou s.r.o.,2024-08-09,,,
2024,10742409,35000.0,PO,dar,4410459,Čerpací stanice Kamenice nad Lipou s.r.o.,2024-05-09,,,
2024,10742409,0.0,PO,dar,9996214,Duck cars service s.r.o.,2024-08-20,,,
2024,10742409,10000.0,PO,dar,26360756,EUROFARM SYSTEMS s.r.o.,2024-07-31,,,
2024,10742409,0.0,PO,dar,28409329,European Press Holding a.s.,2024-06-13,,,
2024,10742409,0.0,PO,dar,24240311,"Extreme Gun Group, s.r.o.",2024-04-25,,,
2024,10742409,0.0,PO,dar,24240311,"Extreme Gun Group, s.r.o.",2024-04-25,,,
2024,10742409,0.0,PO,dar,8118914,"JITAMstav, s.r.o.",2024-04-10,,,
2024,10742409,0.0,PO,dar,28750900,K & P čerpací stanice s.r.o.,2024-08-20,,,
2024,10742409,1000.0,PO,dar,9082221,"Leonidas, s.r.o.",2024-03-28,,,
2024,10742409,35000.0,PO,dar,8289441,"LUXWAY, s.r.o.",2024-04-16,,,
2024,10742409,0.0,PO,dar,28077156,"M+M Company, s.r.o.",2024-04-01,,,
2024,10742409,0.0,PO,dar,28077156,"M+M Company, s.r.o.",2024-07-29,,,
2024,10742409,1500.0,PO,dar,9294295,MARABU PF s.r.o.,2024-09-03,,,
2024,10742409,1500.0,PO,dar,9294295,MARABU PF s.r.o.,2024-09-14,,,
2024,10742409,300000.0,PO,dar,5989175,Motoristé sobě,2024-03-07,,,
2024,10742409,600000.0,PO,dar,5989175,Motoristé sobě,2024-03-25,,,
2024,10742409,300000.0,PO,dar,5989175,Motoristé sobě,2024-04-08,,,
2024,10742409,300000.0,PO,dar,5989175,Motoristé sobě,2024-04-12,,,
2024,10742409,100000.0,PO,dar,5989175,Motoristé sobě,2024-04-19,,,
2024,10742409,300000.0,PO,dar,5989175,Motoristé sobě,2024-05-13,,,
2024,10742409,150000.0,PO,dar,5989175,Motoristé sobě,2024-05-24,,,
2024,10742409,250000.0,PO,dar,5989175,Motoristé sobě,2024-06-03,,,
2024,10742409,100000.0,PO,dar,5989175,Motoristé sobě,2024-06-04,,,
2024,10742409,500000.0,PO,dar,5989175,Motoristé sobě,2024-07-30,,,
2024,10742409,5000.0,PO,dar,75366967,Petr Macner,2024-03-28,,,
2024,10742409,25000.0,PO,dar,24823627,Prestige Company s.r.o.,2024-07-14,,,
2024,10742409,0.0,PO,dar,25511165,SAMOHÝL MOTOR a.s.,2024-05-15,,,
2024,10742409,0.0,PO,dar,25511165,SAMOHÝL MOTOR a.s.,2024-05-15,,,
2024,10742409,0.0,PO,dar,17982758,Sendvičové panely a plechy Ulm s.r.o.,2024-08-20,,,
2024,10742409,3700.0,PO,dar,9781994,"Spolek NAPŘÍMO, z.s.",2024-02-20,,,
2024,10742409,11000.0,PO,dar,9781994,"Spolek NAPŘÍMO, z.s.",2024-10-18,,,
2024,10742409,0.0,PO,dar,3841171,"Šťastná samota, s.r.o.",2024-04-25,,,
2024,10742409,1000.0,PO,dar,10887032,Štelbaský s.r.o.,2024-05-24,,,
2024,10742409,25000.0,PO,dar,25499131,TALPA MARKET s.r.o.,2024-07-17,,,
2024,10742409,0.0,PO,dar,64359590,"TRANSHOR, spol. s.r.o.",2024-08-20,,,
2024,10742409,150000.0,PO,dar,1505785,TRUVIA s.r.o.,2024-08-21,,,
2024,10742409,0.0,PO,dar,25875060,"U plus U, s.r.o.",2024-05-03,,,
2024,10742409,0.0,PO,dar,25875060,"U plus U, s.r.o.",2024-05-03,,,
2024,10742409,0.0,PO,dar,25875060,"U plus U, s.r.o.",2024-05-03,,,
2024,10742409,0.0,PO,dar,47541806,"UHLOSpoL, s.r.o.",2024-08-20,,,
2024,10742409,0.0,PO,dar,47541806,"UHLOSpoL, s.r.o.",2024-08-20,,,
2024,10742409,0.0,PO,dar,4583990,VaRaPo s.r.o.,2024-08-20,,,
2024,10742409,0.0,PO,dar,4583990,VaRaPo s.r.o.,2024-08-20,,,
2024,10742409,0.0,PO,dar,4583990,VaRaPo s.r.o.,2024-08-20,,,
2024,10742409,10000.0,PO,dar,25601334,Zemědělská Klučenice a.s.,2024-08-06,,,
2024,00409171,0.0,PO,dar,48390917,"AGROTECH, spol. s r.o.",,,,
2024,00409171,0.0,PO,dar,48390917,"AGROTECH, spol. s r.o.",,,,
2024,00409171,60000.0,PO,dar,46344861,ALTECH spol. s r.o.,,,,
2024,00409171,0.0,PO,dar,47781611,"AUTOŠKOLA OMEGA, s.r.o.",,,,
2024,00409171,250000.0,PO,dar,5273561,AZ Global Services s.r.o.,,,,
2024,00409171,20000.0,PO,dar,9182004,Budoucnost,,,,
2024,00409171,0.0,PO,dar,26165376,"Cíl, akciová společnost v Praze",2024-12-31,,,
2024,00409171,15000.0,PO,dar,4287266,Čemán Company s.r.o.,,,,
2024,00409171,0.0,PO,dar,27494772,Dílna pro úpravu odpadů Maleč s.r.o.,,,,
2024,00409171,0.0,PO,dar,46970100,Dům kultury s.r.o.,,,,
2024,00409171,0.0,PO,dar,46970100,Dům kultury s.r.o.,,,,
2024,00409171,0.0,PO,dar,49050494,ELPE s.r.o.,,,,
2024,00409171,0.0,PO,dar,60748303,ELSO system spol. s.r.o.,,,,
2024,00409171,0.0,PO,dar,60748303,ELSO system spol. s.r.o.,,,,
2024,00409171,0.0,PO,dar,26240769,HELM s.r.o.,,,,
2024,00409171,0.0,PO,dar,28063627,Hluboká Baseball & Softball Club s.r.o.,,,,
2024,00409171,0.0,PO,dar,27692256,HÝŽA PODLAHY s.r.o.,,,,
2024,00409171,0.0,PO,dar,46346040,ICOM transport a.s.,2024-07-18,,,
2024,00409171,200000.0,PO,dar,26064693,JihoTech,,,,
2024,00409171,0.0,PO,dar,28270452,K-Stav Třebíč s.r.o.,,,,
2024,00409171,0.0,PO,dar,26943115,KRUŽÍK s.r.o.,,,,
2024,00409171,0.0,PO,dar,25293630,Malečská servisní s.r.o.,,,,
2024,00409171,0.0,PO,dar,25293630,Malečská servisní s.r.o.,,,,
2024,00409171,100000.0,PO,dar,26030616,"MANE HOLDING, a.s.",,,,
2024,00409171,0.0,PO,dar,13583964,Mart v.o.s.,,,,
2024,00409171,0.0,PO,dar,5542456,Optika Fénix s.r.o.,,,,
2024,00409171,0.0,PO,dar,27393241,Peťura stavebniny s.r.o.,,,,
2024,00409171,0.0,PO,dar,63483688,PROAGRO Radešínská Svratka a.s.,,,,
2024,00409171,10000.0,PO,dar,17254353,ROZVÍJÍME HRADEC,,,,
2024,00409171,0.0,PO,dar,6379079,SK NUSLE z.s.,,,,
2024,00409171,50000.0,PO,dar,409740,Strana Zelených,,,,
2024,00409171,150000.0,PO,dar,409740,Strana Zelených,,,,
2024,00409171,0.0,PO,dar,478300,Tělovýchovná jednota Přeštice z. s.,,,,
2024,00409171,0.0,PO,dar,478300,Tělovýchovná jednota Přeštice z. s.,,,,
2024,00409171,0.0,PO,dar,25503316,"TRADO-BUS, s.r.o.",2024-07-18,,,
2024,00409171,0.0,PO,dar,46679821,TREBIA s.r.o.,,,,
2024,00409171,0.0,PO,dar,111295,"VOD Jetřichovec, družstvo",,,,
2024,00409171,0.0,PO,dar,140074,ZD Police,,,,
2024,00409171,0.0,PO,dar,139513,Zemědělské družstvo Hrotovice,,,,
2024,00409171,0.0,PO,dar,15058751,Zemědělské družstvo Maleč,,,,
2024,00409171,0.0,PO,dar,137031,Zemědělské družstvo Sedlejov,,,,
2024,00409171,0.0,PO,dar,106372,"Zemědělský svaz, územní organizace Havlíčkův Brod",,,,
2024,22142631,1000.0,PO,dar,442721,Česká strana národně sociální,,,,
2024,22142631,30000.0,PO,dar,26595940,SD-SN,,,,
2024,26673908,10000.0,PO,dar,25462644,3L STUDIO S.R.O.,,,,
2024,26673908,0.0,PO,dar,47468513,"A L A, a.s.",,,,
2024,26673908,50000.0,PO,dar,28849795,"A. M. M. Accounting, s. r. o.",,,,
2024,26673908,0.0,PO,dar,25250957,AC BOOM s.r.o.,,,,
2024,26673908,20000.0,PO,dar,1594648,"Acalephe, s.r.o.",,,,
2024,26673908,0.0,PO,dar,5572878,Accusage s.r.o.,,,,
2024,26673908,0.0,PO,dar,46771255,Aeroklub MEMORIAL AIR SHOW Roudnice n.L. z.s.,,,,
2024,26673908,0.0,PO,dar,5848385,"AGRO DZ, s.r.o.",,,,
2024,26673908,0.0,PO,dar,25511700,"Agroservis Trading, a.s.",,,,
2024,26673908,30000.0,PO,dar,6227155,AHA Plus s.r.o.,,,,
2024,26673908,0.0,PO,dar,46350209,Albert s.r.o.,,,,
2024,26673908,0.0,PO,dar,6079920,Alfa Centrum Invest,,,,
2024,26673908,0.0,PO,dar,25698362,APROS Group s.r.o,,,,
2024,26673908,0.0,PO,dar,26975599,"AREMA, s.r.o.",,,,
2024,26673908,0.0,PO,dar,25328492,Autoexpres CZ s.r.o.,,,,
2024,26673908,20000.0,PO,dar,24676055,AZ Spin s.r.o.,2024-09-27,,,
2024,26673908,30000.0,PO,dar,4798660,"Barabica, s.r.o",,,,
2024,26673908,0.0,PO,dar,41938658,Berger Beton spol. s r.o.,,,,
2024,26673908,10000.0,PO,dar,25845900,Bílý delfín spol. s r.o.,,,,
2024,26673908,0.0,PO,dar,28792289,BITTNER architects s.r.o.,,,,
2024,26673908,0.0,PO,dar,63910756,Bohemia Bike a.s.,,,,
2024,26673908,1000000.0,PO,dar,27342875,bpd partners a.s.,2024-04-23,,,
2024,26673908,0.0,PO,dar,25936549,Brýdl s.r.o.,,,,
2024,26673908,240000.0,PO,dar,27690253,"BUILDSYS, a.s.",2024-09-26,,,
2024,26673908,0.0,PO,dar,5541204,BUSINESS DEVELOPMENT TRADE KORYČANY s.r.o.,,,,
2024,26673908,0.0,PO,dar,14869586,"C & S, s.r.o.",,,,
2024,26673908,10000.0,PO,dar,3645819,Caprea cafe s.r.o.,,,,
2024,26673908,0.0,PO,dar,9753826,"COLOR CARS DRÁSOV, s. r. o.",,,,
2024,26673908,0.0,PO,dar,9054766,Corso Břežany s.r.o.,,,,
2024,26673908,0.0,PO,dar,44968060,Cyklosport Antl,,,,
2024,26673908,0.0,PO,dar,44968060,Cyklosport Antl,,,,
2024,26673908,250000.0,PO,dar,47122927,Czechoslovak Models s.r.o.,2024-09-02,,,
2024,26673908,0.0,PO,dar,28824075,Černý kůň s.r.o.,,,,
2024,26673908,200000.0,PO,dar,71339698,Česká pirátská strana,,,,
2024,26673908,0.0,PO,dar,27383172,Dark Sky s.r.o.,,,,
2024,26673908,140000.0,PO,dar,24309672,Diversa s.r.o.,,,,
2024,26673908,0.0,PO,dar,28850131,Dr. KARBAN s.r.o.,,,,
2024,26673908,0.0,PO,dar,27217922,"Dřevostavby Zaječice, s. r. o.",,,,
2024,26673908,50000.0,PO,dar,19467541,"ED Consulting, s.r.o",,,,
2024,26673908,0.0,PO,dar,25638556,Edward Tomas Production s.r.o.,,,,
2024,26673908,0.0,PO,dar,5633885,Elgrison s.r.o.,,,,
2024,26673908,50000.0,PO,dar,5633885,Elgrison s.r.o.,,,,
2024,26673908,0.0,PO,dar,13584561,"ELMONT-CH, spol. s r. o.",,,,
2024,26673908,0.0,PO,dar,25251066,Epos CZ s.r.o,,,,
2024,26673908,0.0,PO,dar,28796039,ERK ŠPINDL s.r.o.,,,,
2024,26673908,0.0,PO,dar,21460957,Fabrika Turnov s.r.o.,,,,
2024,26673908,0.0,PO,dar,45537135,FiftyFifty kreativní agentura s.r.o.,,,,
2024,26673908,0.0,PO,dar,60338679,"Fotbalový klub Přáslavice, z.s.",,,,
2024,26673908,0.0,PO,dar,41329783,"Fotbalový Klub Stráž pod Ralskem, z.s.",2024-05-10,,,
2024,26673908,0.0,PO,dar,6722521,FYZIOTERAPIE CIMFL s.r.o.,,,,
2024,26673908,0.0,PO,dar,62063324,GAPA cz a.s.,,,,
2024,26673908,250000.0,PO,dar,28980158,GO parking s.r.o.,2024-05-06,,,
2024,26673908,0.0,PO,dar,16361652,HARDMAN s.r.o.,,,,
2024,26673908,30000.0,PO,dar,25321765,"Hitl,s.r.o.",,,,
2024,26673908,40625.0,PO,dar,3116603,Hnutí SOL,,,,
2024,26673908,40625.0,PO,dar,3116603,Hnutí SOL,,,,
2024,26673908,40625.0,PO,dar,3116603,Hnutí SOL,,,,
2024,26673908,100000.0,PO,dar,3116603,Hnutí SOL,2024-04-09,,,
2024,26673908,0.0,PO,dar,3116603,Hnutí SOL,,,,
2024,26673908,0.0,PO,dar,45144877,Horland s.r.o.,,,,
2024,26673908,334000.0,PO,dar,3204723,Hradecký demokratický klub,,,,
2024,26673908,166000.0,PO,dar,3204723,Hradecký demokratický klub,,,,
2024,26673908,0.0,PO,dar,3673073,Hřiště hrou s.r.o.,,,,
2024,26673908,0.0,PO,dar,47539801,ITES spol s.r.o.,,,,
2024,26673908,10000.0,PO,dar,25778412,J and D Imports s.r.o.,,,,
2024,26673908,10000.0,PO,dar,9921940,JAKAFE s.r.o.,,,,
2024,26673908,10000.0,PO,dar,27128695,"Jantari, s. r. o.",,,,
2024,26673908,0.0,PO,dar,24258636,JBR service s.r.o.,,,,
2024,26673908,0.0,PO,dar,25930818,JECH CZ s.r.o.,,,,
2024,26673908,0.0,PO,dar,8724041,JK KAMEN s.r.o.,,,,
2024,26673908,0.0,PO,dar,6395317,JM družstvo Wybranetz,2024-05-06,,,
2024,26673908,0.0,PO,dar,28535251,"JP Holz, s.r.o.",,,,
2024,26673908,0.0,PO,dar,25341782,"KÁMEN-DEKOR, s.r.o.",,,,
2024,26673908,175000.0,PO,dar,27034321,Karlovarská občanská iniciativa,,,,
2024,26673908,0.0,PO,dar,62691970,Katolický spolek ve farnosti Pouchov,,,,
2024,26673908,200000.0,PO,dar,442704,KDU-ČSL,,,,
2024,26673908,0.0,PO,dar,9422170,Kerouš holding s.r.o.,,,,
2024,26673908,0.0,PO,dar,28085604,KEROUŠ s.r.o.,,,,
2024,26673908,0.0,PO,dar,28085604,KEROUŠ s.r.o.,,,,
2024,26673908,0.0,PO,dar,28085604,KEROUŠ s.r.o.,,,,
2024,26673908,0.0,PO,dar,28085604,KEROUŠ s.r.o.,,,,
2024,26673908,0.0,PO,dar,28085604,KEROUŠ s.r.o.,,,,
2024,26673908,0.0,PO,dar,28085604,KEROUŠ s.r.o.,,,,
2024,26673908,0.0,PO,dar,5269971,Konver agency s.r.o.,,,,
2024,26673908,20000.0,PO,dar,2876043,KVE-mont s.r.o.,,,,
2024,26673908,0.0,PO,dar,60109513,"LEGE ARTIS, s.r.o.",,,,
2024,26673908,500000.0,PO,dar,71443606,Liberálně ekologická strana,,,,
2024,26673908,250000.0,PO,dar,71443606,Liberálně ekologická strana,2024-05-10,,,
2024,26673908,10000.0,PO,dar,27488233,LIMMA CZ s.r.o.,,,,
2024,26673908,0.0,PO,dar,42192943,"LTC Nový Bydžov, z.s.",,,,
2024,26673908,0.0,PO,dar,28330081,M Plus elektro s.r.o.,,,,
2024,26673908,0.0,PO,dar,46982612,Madis s.r.o.,,,,
2024,26673908,0.0,PO,dar,5212146,Masarykova nemocnice Rakovník s.r.o.,,,,
2024,26673908,0.0,PO,dar,49755692,MCKV (Mateřské centrum Karlovy Vary),,,,
2024,26673908,0.0,PO,dar,5706050,MH-SCHATTEN s.r.o.,,,,
2024,26673908,0.0,PO,dar,26743329,Moreti s.r.o.,,,,
2024,26673908,0.0,PO,dar,11792931,MS Obrataň s.r.o.,,,,
2024,26673908,50000.0,PO,dar,3804933,NABISWERA s.r.o.,,,,
2024,26673908,0.0,PO,dar,26002663,NÁŘADÍ Karel Jiránek s.r.o.,,,,
2024,26673908,0.0,PO,dar,26288605,Natures Care CZ s.r.o.,,,,
2024,26673908,0.0,PO,dar,26573440,"NEKKY, z.s.",,,,
2024,26673908,0.0,PO,dar,8944024,NIRE s. r. o.,,,,
2024,26673908,99050.0,PO,dar,71443185,Občané pro Budějovice,,,,
2024,26673908,100000.0,PO,dar,71443185,Občané pro Budějovice,,,,
2024,26673908,100000.0,PO,dar,71443185,Občané pro Budějovice,,,,
2024,26673908,50000.0,PO,dar,71443185,Občané pro Budějovice,,,,
2024,26673908,1089.0,PO,dar,71443185,Občané pro Budějovice,,,,
2024,26673908,50000.0,PO,dar,71443185,Občané pro Budějovice,,,,
2024,26673908,0.0,PO,dar,16192656,Občanská demokratická strana,,,,
2024,26673908,33750.0,PO,dar,16192656,Občanská demokratická strana,,,,
2024,26673908,33750.0,PO,dar,16192656,Občanská demokratická strana,,,,
2024,26673908,150000.0,PO,dar,16192656,Občanská demokratická strana,,,,
2024,26673908,33750.0,PO,dar,16192656,Občanská demokratická strana,,,,
2024,26673908,33750.0,PO,dar,16192656,Občanská demokratická strana,,,,
2024,26673908,0.0,PO,dar,28768655,OK ZAHRADY s.r.o.,,,,
2024,26673908,0.0,PO,dar,27691519,ORCA FINE s.r.o.,,,,
2024,26673908,0.0,PO,dar,64269108,Orel Moravské Budějovice,,,,
2024,26673908,200000.0,PO,dar,21311188,Osobnosti pro kraj,2024-06-05,,,
2024,26673908,200000.0,PO,dar,21311188,Osobnosti pro kraj,2024-07-04,,,
2024,26673908,100000.0,PO,dar,21311188,Osobnosti pro kraj,2024-08-12,,,
2024,26673908,200000.0,PO,dar,21311188,Osobnosti pro kraj,2024-09-07,,,
2024,26673908,50000.0,PO,dar,21311188,Osobnosti pro kraj,2024-09-18,,,
2024,26673908,156250.0,PO,dar,21311188,Osobnosti pro kraj,,,,
2024,26673908,315173.0,PO,dar,21311188,Osobnosti pro kraj,,,,
2024,26673908,200000.0,PO,dar,21311188,Osobnosti pro kraj,2024-04-24,,,
2024,26673908,200000.0,PO,dar,21311188,Osobnosti pro kraj,2024-05-24,,,
2024,26673908,0.0,PO,dar,5215617,P&P Traffic Academy s.r.o.,,,,
2024,26673908,0.0,PO,dar,9994505,Panství Litohoř s.r.o.,,,,
2024,26673908,0.0,PO,dar,63608278,Pavel Javůrek - autoservis,,,,
2024,26673908,0.0,PO,dar,63608278,Pavel Javůrek - autoservis,,,,
2024,26673908,0.0,PO,dar,27599451,Pospitrans s.r.o.,,,,
2024,26673908,0.0,PO,dar,9783253,Pro-kvas s.r.o.,,,,
2024,26673908,0.0,PO,dar,27477096,Protivítr - invest s.r.o.,,,,
2024,26673908,0.0,PO,dar,25420160,"RENGL, s.r.o.",,,,
2024,26673908,0.0,PO,dar,21518947,Restaurace a penzion Bonet s.r.o.,,,,
2024,26673908,100000.0,PO,dar,27174581,"RP Vyžlovská, s.r.o.",,,,
2024,26673908,0.0,PO,dar,48168190,RYBÁŘSTVÍ LITOMYŠL s.r.o.,,,,
2024,26673908,0.0,PO,dar,1623869,"Říční a sluneční lázně Na Úpě, s.r.o.",,,,
2024,26673908,3000.0,PO,dar,27817687,"SALVUS MEDECO, s.r.o.",,,,
2024,26673908,0.0,PO,dar,43225128,SATEL LIBEREC z.s.,2024-05-23,,,
2024,26673908,0.0,PO,dar,64808165,Sbor dobrovolných hasičů Sloupno,,,,
2024,26673908,0.0,PO,dar,64808076,Sbor dobrovolných hasičů Smidarská Lhota,,,,
2024,26673908,0.0,PO,dar,47238399,Selekta Pacov a.s.,,,,
2024,26673908,50000.0,PO,dar,6695205,SEN 21,,,,
2024,26673908,20000.0,PO,dar,25579703,SEZAKO Prostějov s.r.o.,,,,
2024,26673908,20000.0,PO,dar,490067,"Služba Karviná, výrobní družstvo",,,,
2024,26673908,250000.0,PO,dar,70869553,SNK Evropští demokraté,,,,
2024,26673908,500000.0,PO,dar,70869553,SNK Evropští demokraté,2024-09-09,,,
2024,26673908,100000.0,PO,dar,70869553,SNK Evropští demokraté,2024-09-09,,,
2024,26673908,0.0,PO,dar,5985439,Sonamaxy Krušovice spol. s r.o.,,,,
2024,26673908,2500000.0,PO,dar,9509071,Spolek pro podporu liberální demokracie ČR,,,,
2024,26673908,0.0,PO,dar,25932101,"SPORT CAFE, s.r.o.",,,,
2024,26673908,2800000.0,PO,dar,71339485,Starostové pro Liberecký kraj,2024-04-10,,,
2024,26673908,300000.0,PO,dar,71339485,Starostové pro Liberecký kraj,,,,
2024,26673908,0.0,PO,dar,71339485,Starostové pro Liberecký kraj,2024-06-03,,,
2024,26673908,50000.0,PO,dar,71339485,Starostové pro Liberecký kraj,,,,
2024,26673908,0.0,PO,dar,71339485,Starostové pro Liberecký kraj,,,,
2024,26673908,0.0,PO,dar,71339485,Starostové pro Liberecký kraj,,,,
2024,26673908,0.0,PO,dar,42021,Stavební bytové družstvo Klášterec nad Ohří,,,,
2024,26673908,0.0,PO,dar,7573618,"Stavebniny Hudečková, s.r.o.",,,,
2024,26673908,5000.0,PO,dar,7573618,"Stavebniny Hudečková, s.r.o.",,,,
2024,26673908,0.0,PO,dar,7573618,"Stavebniny Hudečková, s.r.o.",,,,
2024,26673908,40000.0,PO,dar,71339655,Strana soukromníků České republiky,,,,
2024,26673908,29688.0,PO,dar,409740,Strana zelených,,,,
2024,26673908,29688.0,PO,dar,409740,Strana zelených,,,,
2024,26673908,350000.0,PO,dar,409740,Strana zelených,,,,
2024,26673908,50000.0,PO,dar,409740,Strana zelených,,,,
2024,26673908,29688.0,PO,dar,409740,Strana zelených,,,,
2024,26673908,29688.0,PO,dar,409740,Strana zelených,,,,
2024,26673908,0.0,PO,dar,10701702,SUAS GROUP a.s.,,,,
2024,26673908,0.0,PO,dar,26348349,SUAS. a. s. Sokolov,,,,
2024,26673908,0.0,PO,dar,26180669,SYAST s.r.o.,,,,
2024,26673908,0.0,PO,dar,204382,"Šindler, důlní a stavební společnost, s.r.o.",,,,
2024,26673908,0.0,PO,dar,64575551,TAMA Bohemia s.r.o,,,,
2024,26673908,0.0,PO,dar,13586475,Tělocvičná jednota Sokol Hradec Králové,,,,
2024,26673908,0.0,PO,dar,68406304,Tělocvičná jednota Sokol Nový Knín,,,,
2024,26673908,0.0,PO,dar,47695757,Tělocvičná jednota Sokol Stupno,,,,
2024,26673908,0.0,PO,dar,60042311,Tělocvičná jednota Sokol Valašské Meziříčí,,,,
2024,26673908,0.0,PO,dar,62032267,"Tělovýchovná jednota Horní Újezd, z. s.",,,,
2024,26673908,0.0,PO,dar,18584926,Tělovýchovná jednota Neratovice z.s.,,,,
2024,26673908,0.0,PO,dar,27052966,TenisCentrum Dobříš,,,,
2024,26673908,0.0,PO,dar,24180785,THOME Lighting s.r.o.,2024-05-15,,,
2024,26673908,0.0,PO,dar,14615070,"TJ Sigma Lutín, z.s.",,,,
2024,26673908,0.0,PO,dar,14702894,TJ Sokol Malesice,,,,
2024,26673908,0.0,PO,dar,47920173,TJ Sokol Olšany u Prostějova,,,,
2024,26673908,0.0,PO,dar,47008059,"TJ Záryby, z.s.",,,,
2024,26673908,0.0,PO,dar,71339728,TOP 09,,,,
2024,26673908,400000.0,PO,dar,71339728,TOP 09,,,,
2024,26673908,0.0,PO,dar,71339728,TOP 09,,,,
2024,26673908,300000.0,PO,dar,71339728,TOP 09,,,,
2024,26673908,0.0,PO,dar,71339728,TOP 09,,,,
2024,26673908,200000.0,PO,dar,71339728,TOP 09,,,,
2024,26673908,500000.0,PO,dar,71339728,TOP 09,2024-08-05,,,
2024,26673908,150000.0,PO,dar,71339728,TOP 09,2024-11-25,,,
2024,26673908,200000.0,PO,dar,71339728,TOP 09,,,,
2024,26673908,0.0,PO,dar,71339728,TOP 09,,,,
2024,26673908,0.0,PO,dar,60724692,TTS Třebíč,,,,
2024,26673908,50000.0,PO,dar,26252937,"TVD-Technická výroba, a.s.",,,,
2024,26673908,0.0,PO,dar,63216281,umdasch Story Design s.r.o.,,,,
2024,26673908,0.0,PO,dar,63216281,umdasch Story Design s.r.o.,,,,
2024,26673908,30000.0,PO,dar,25483366,Valdemar Grešík - Natura s.r.o.,,,,
2024,26673908,0.0,PO,dar,47535016,"Varia s.r.o., Rakovník",,,,
2024,26673908,0.0,PO,dar,10936351,VASPEMO s.r.o.,,,,
2024,26673908,50000.0,PO,dar,10936351,VASPEMO s.r.o.,,,,
2024,26673908,0.0,PO,dar,10936351,VASPEMO s.r.o.,2024-06-03,,,
2024,26673908,0.0,PO,dar,9747770,"Vestec centrum, s.r.o.",,,,
2024,26673908,500000.0,PO,dar,2027933,VISUALIO s.r.o.,2024-05-30,,,
2024,26673908,0.0,PO,dar,25309030,VOS zemědělců a.s.,,,,
2024,26673908,0.0,PO,dar,7549644,VTSTAVSERVIS s.r.o.,,,,
2024,26673908,20000.0,PO,dar,26341280,Winth 3000 s.r.o.,2024-08-21,,,
2024,26673908,500000.0,PO,dar,71443509,Zdraví Sport Vzdělání 2012,2024-08-16,,,
2024,26673908,50000.0,PO,dar,4565975,"Zdravotnické potřeby Skvrňany, s.r.o.",,,,
2024,26673908,0.0,PO,dar,112062,Zemědělské družstvo Vysočina Želiv,,,,
2024,26673908,50000.0,PO,dar,27762262,ZHT Group s.r.o.,,,,
2024,26673908,10000.0,PO,dar,29378664,ZL company s.r.o.,,,,
2024,26673908,100000.0,PO,dar,71443401,ZVUK 12,2024-07-23,,,
2024,26673908,100000.0,PO,dar,71443401,ZVUK 12,2024-09-16,,,
2024,26673908,80000.0,PO,dar,71443401,ZVUK 12,2024-12-03,,,
2024,26673908,5000.0,PO,dar,61535842,Železárny Velký Šenov,,,,
2024,71339612,25000.0,PO,dar,60724242,Alpax S.r.o.,,,,
2024,71339612,2500.0,PO,dar,24195383,"Autoškola Drive Vršovice , S.r.o.",,,,
2024,71339612,50000.0,PO,dar,25025732,"Dvorní Group, S.r.o.",,,,
2024,71339612,5000.0,PO,dar,63481618,Frigoyorks.r.o,,,,
2024,71339612,50000.0,PO,dar,47679191,Isotra A.s.,,,,
2024,71339612,2500.0,PO,dar,29451663,Koňas s.r.o.,,,,
2024,71339612,15000.0,PO,dar,28191323,Mw Invest S.r.o.,,,,
2024,71339612,0.0,PO,dar,9344993,Obchod z.s.,2024-05-31,,,
2024,71339612,100000.0,PO,dar,10786465,"Pj Habitas, A.s.",,,,
2024,71339612,2500.0,PO,dar,25488562,Řádek A Spol. S R.o.,,,,
2024,71339612,50.0,PO,dar,8902241,Spolek Železničních A Mhd Modelářů,,,,
2024,71339612,50000.0,PO,dar,71339655,Strana soukromníků ČR,2024-08-27,,,
2024,71339612,5000.0,PO,dar,2634988,Sysadmin S.r.o.,,,,
2024,71339612,1000.0,PO,dar,25081411,Tiskárna Gemmapress s.r.o.,,,,
2024,71339612,20000.0,PO,dar,27141985,"Trio Export-Import, A.s.",,,,
2024,71339728,20000.0,PO,dar,3854116,AIRMOBIS s.r.o.,,,,
2024,71339728,0.0,PO,dar,26780488,"AK auto Kostelec, s.r.o.",,,,
2024,71339728,10000.0,PO,dar,4671171,"Angels Solution & Services, s.r.o.",,,,
2024,71339728,5900.0,PO,dar,7344074,ART&AGRO s.r.o.,,,,
2024,71339728,72000.0,PO,dar,28792289,BITTNER architects s.r.o.,,,,
2024,71339728,100000.0,PO,dar,27669033,"Bossami, s.r.o.",,,,
2024,71339728,20000.0,PO,dar,28637011,Colmark trade s.r.o.,,,,
2024,71339728,60000.0,PO,dar,6371621,Crystal Capital s.r.o.,,,,
2024,71339728,60000.0,PO,dar,6371621,Crystal Capital s.r.o.,,,,
2024,71339728,0.0,PO,dar,71339698,Česká pirátská strana,,,,
2024,71339728,0.0,PO,dar,44961871,"DBP, s.r.o.",,,,
2024,71339728,50000.0,PO,dar,26296748,DCT s.r.o.,,,,
2024,71339728,150000.0,PO,dar,3629988,Dynamic Products s.r.o.,,,,
2024,71339728,160000.0,PO,dar,3629988,Dynamic Products s.r.o.,,,,
2024,71339728,50000.0,PO,dar,27560015,ENVICONS s.r.o.,,,,
2024,71339728,15000.0,PO,dar,27560015,ENVICONS s.r.o.,,,,
2024,71339728,0.0,PO,dar,10954899,Fakt Brno,,,,
2024,71339728,0.0,PO,dar,25359274,FINAL-SWEET spol. s r.o.,,,,
2024,71339728,0.0,PO,dar,28125614,GARANTINVEST s.r.o.,,,,
2024,71339728,0.0,PO,dar,26449862,GolfRené s.r.o.,,,,
2024,71339728,20000.0,PO,dar,19489617,"Hospitality CEE, s.r.o.",,,,
2024,71339728,0.0,PO,dar,27764290,HOTJET CZ s.r.o.,,,,
2024,71339728,72000.0,PO,dar,3204723,Hradecký demokratický klub,,,,
2024,71339728,240000.0,PO,dar,3204723,Hradecký demokratický klub,,,,
2024,71339728,0.0,PO,dar,28562950,INGE nemovitosti s.r.o.,,,,
2024,71339728,40000.0,PO,dar,28213173,INI Group s.r.o.,,,,
2024,71339728,15000.0,PO,dar,25370235,"INTERGAZE, s.r.o.",,,,
2024,71339728,0.0,PO,dar,63992418,"IZOSTOK, s.r.o.",,,,
2024,71339728,40250.0,PO,dar,442704,KDU-ČSL,,,,
2024,71339728,40250.0,PO,dar,442704,KDU-ČSL,,,,
2024,71339728,40250.0,PO,dar,442704,KDU-ČSL,,,,
2024,71339728,39200.0,PO,dar,442704,KDU-ČSL,,,,
2024,71339728,26786.0,PO,dar,442704,KDU-ČSL,,,,
2024,71339728,45000.0,PO,dar,442704,KDU-ČSL,,,,
2024,71339728,0.0,PO,dar,442704,KDU-ČSL,,,,
2024,71339728,100000.0,PO,dar,25395912,"KORIA, a.s.",,,,
2024,71339728,50000.0,PO,dar,9764739,KP resort Jeseníky s.r.o.,,,,
2024,71339728,50000.0,PO,dar,3327761,LANEX a.s.,,,,
2024,71339728,20000.0,PO,dar,27471110,"LM Asistent, s.r.o.",,,,
2024,71339728,65000.0,PO,dar,28330081,M Plus elektro s.r.o.,,,,
2024,71339728,50000.0,PO,dar,28330081,M Plus elektro s.r.o.,,,,
2024,71339728,15000.0,PO,dar,1404440,Mercius s.r.o.,,,,
2024,71339728,30600.0,PO,dar,29354234,MIXCZ-POL s.r.o.,,,,
2024,71339728,26000.0,PO,dar,7022832,MTSun s.r.o.,,,,
2024,71339728,4287.0,PO,dar,8864454,N.A.T. Records s.r.o.,,,,
2024,71339728,257292.0,PO,dar,16192656,Občanská demokratická strana,,,,
2024,71339728,257292.0,PO,dar,16192656,Občanská demokratická strana,,,,
2024,71339728,0.0,PO,dar,16192656,Občanská demokratická strana,,,,
2024,71339728,257292.0,PO,dar,16192656,Občanská demokratická strana,,,,
2024,71339728,0.0,PO,dar,16192656,Občanská demokratická strana,,,,
2024,71339728,0.0,PO,dar,16192656,Občanská demokratická strana,,,,
2024,71339728,100000.0,PO,dar,5628105,Optika Kocandová s.r.o.,,,,
2024,71339728,0.0,PO,dar,42869048,"OPTYS, spol. s r.o.",,,,
2024,71339728,0.0,PO,dar,6341934,PABLO PRAHA s.r.o.,,,,
2024,71339728,0.0,PO,dar,46978437,PHARCY s.r.o.,,,,
2024,71339728,0.0,PO,dar,49827472,"PHP, spol. s r.o.",,,,
2024,71339728,10000.0,PO,dar,46983864,Pokorny industries s.r.o.,,,,
2024,71339728,0.0,PO,dar,46679995,"Prillinger, spol. s r.o.",,,,
2024,71339728,0.0,PO,dar,4081064,REAL MOVEMENT OPAVA s.r.o.,,,,
2024,71339728,30000.0,PO,dar,25516183,REMAT LETOVICE s.r.o.,,,,
2024,71339728,0.0,PO,dar,4292898,RENIVA s.r.o.,,,,
2024,71339728,0.0,PO,dar,62360311,"SEMIX PLUSO, spol. s r.o.",,,,
2024,71339728,0.0,PO,dar,27790991,SCHNEIDER construction s.r.o.,,,,
2024,71339728,30000.0,PO,dar,19090986,Solarweek s.r.o.,,,,
2024,71339728,0.0,PO,dar,26950910,Společenství pro dům Klácelova 1 v Brně,,,,
2024,71339728,2500000.0,PO,dar,9509071,Spolek pro podporu liberální demokracie ČR,,,,
2024,71339728,100000.0,PO,dar,26673908,STAROSTOVÉ A NEZÁVISLÍ,,,,
2024,71339728,100000.0,PO,dar,26673908,STAROSTOVÉ A NEZÁVISLÍ,,,,
2024,71339728,0.0,PO,dar,26673908,STAROSTOVÉ A NEZÁVISLÍ,,,,
2024,71339728,0.0,PO,dar,409740,Strana zelených,,,,
2024,71339728,45000.0,PO,dar,409740,Strana zelených,,,,
2024,71339728,67500.0,PO,dar,409740,Strana zelených,,,,
2024,71339728,20000.0,PO,dar,28357299,SUNLUX s.r.o.,,,,
2024,71339728,500000.0,PO,dar,26206617,ŠAMPION a.s.,,,,
2024,71339728,0.0,PO,dar,47666307,ŠTENCEL TRANSPORT s. r. o.,,,,
2024,71339728,4614.0,PO,dar,21042519,Unity Property Management s.r.o.,,,,
2024,71339728,0.0,PO,dar,25132466,"VHS HC Benešov, s.r.o.",,,,
2024,71339728,20000.0,PO,dar,3916537,VS Point s.r.o.,,,,
2024,00409740,100000.0,PO,dar,25948440,"Asian Bridges, spol. s r.o.",2024-03-14,,,
2024,00409740,2000.0,PO,dar,6577890,"Askabo, s.r.o.",2024-05-16,,,
2024,00409740,3000.0,PO,dar,8233543,CKO s.r.o.,2024-08-08,,,
2024,00409740,80000.0,PO,dar,63476860,ELDACO a.s.,2024-05-13,,,
2024,00409740,100000.0,PO,dar,28208480,FXstreet.cz s.r.o.,2024-02-23,,,
2024,00409740,100000.0,PO,dar,9233229,Hnutí Idealisté,2024-07-08,,,
2024,00409740,-6831.75,PO,dar,9233229,Hnutí Idealisté,2024-10-24,,,
2024,00409740,33750.0,PO,dar,3204723,Hradecký demokratický klub,2024-05-27,,,
2024,00409740,33750.0,PO,dar,3204723,Hradecký demokratický klub,2024-06-25,,,
2024,00409740,33750.0,PO,dar,3204723,Hradecký demokratický klub,2024-11-07,,,
2024,00409740,33750.0,PO,dar,3204723,Hradecký demokratický klub,2024-12-09,,,
2024,00409740,38925.0,PO,dar,442704,KDU-ČSL,2024-05-14,,,
2024,00409740,38925.0,PO,dar,442704,KDU-ČSL,2024-07-02,,,
2024,00409740,38925.0,PO,dar,442704,KDU-ČSL,2024-10-14,,,
2024,00409740,38925.0,PO,dar,442704,KDU-ČSL,2024-12-06,,,
2024,00409740,44643.0,PO,dar,442704,KDU-ČSL,2024-12-06,,,
2024,00409740,10000.0,PO,dar,49628089,Levice,2024-08-06,,,
2024,00409740,100000.0,PO,dar,71443606,Liberálně ekologická strana,2024-08-05,,,
2024,00409740,-6831.75,PO,dar,71443606,Liberálně ekologická strana,2024-12-19,,,
2024,00409740,5000.0,PO,dar,62109430,Mgr. Jasna Flamiková,2024-09-05,,,
2024,00409740,300.0,PO,dar,62109430,Mgr. Jasna Flamiková,2024-11-04,,,
2024,00409740,500.0,PO,dar,27153053,"Nef de Santé, a.s.",2024-05-16,,,
2024,00409740,0.0,PO,dar,25749315,NMS Market Research,,,,
2024,00409740,3333.0,PO,dar,5689449,Petranela Business s.r.o.,2024-01-02,,,
2024,00409740,3333.0,PO,dar,5689449,Petranela Business s.r.o.,2024-02-02,,,
2024,00409740,10000.0,PO,dar,6516661,scibit s.r.o.,2024-08-12,,,
2024,00409740,30000.0,PO,dar,6695205,SEN 21,2024-01-28,,,
2024,00409740,500000.0,PO,dar,6695205,SEN 21,2024-07-03,,,
2024,00409740,200000.0,PO,dar,6695205,SEN 21,2024-07-31,,,
2024,00409740,50000.0,PO,dar,6695205,SEN 21,2024-09-30,,,
2024,00409740,46666.0,PO,dar,6695205,SEN 21,2024-10-23,,,
2024,00409740,-34158.75,PO,dar,6695205,SEN 21,2024-10-24,,,
2024,00409740,30000.0,PO,dar,6695205,SEN 21,2024-12-19,,,
2024,00409740,10000.0,PO,dar,9021744,SLANINA.TECH s.r.o.,2024-03-27,,,
2024,00409740,40000.0,PO,dar,9021744,SLANINA.TECH s.r.o.,2024-03-31,,,
2024,00409740,62500.0,PO,dar,409171,Sociální demokracie,2024-08-01,,,
2024,00409740,25000.0,PO,dar,409171,Sociální demokracie,2024-08-01,,,
2024,00409740,25000.0,PO,dar,409171,Sociální demokracie,2024-11-06,,,
2024,00409740,62500.0,PO,dar,409171,Sociální demokracie,2024-11-06,,,
2024,00409740,62500.0,PO,dar,409171,Sociální demokracie,2024-06-04,,,
2024,00409740,25000.0,PO,dar,409171,Sociální demokracie,2024-06-04,,,
2024,00409740,112500.0,PO,dar,26673908,Starostové a nezávislí,2024-07-29,,,
2024,00409740,112500.0,PO,dar,26673908,Starostové a nezávislí,2024-07-29,,,
2024,00409740,112500.0,PO,dar,26673908,Starostové a nezávislí,2024-10-30,,,
2024,00409740,50000.0,PO,dar,26673908,Starostové a nezávislí,2024-12-31,,,
2024,00409740,2000.0,PO,dar,29288002,"Stomatologie Fryšták, spol. s r.o.",2024-06-10,,,
2024,00409740,10000.0,PO,dar,64049531,Swallow School of English s. r. o.,2024-04-22,,,
2024,00409740,15625.0,PO,dar,71339728,TOP 09,2024-05-10,,,
2024,00409740,15625.0,PO,dar,71339728,TOP 09,2024-07-03,,,
2024,00409740,15625.0,PO,dar,71339728,TOP 09,2024-10-17,,,
2025,71443339,0.0,PO,dar,140023,"""ZVOZD """"Horácko"""", družstvo""",,,,
2025,71443339,0.0,PO,dar,25586521,AGRO 2000 s.r.o.,,,,
2025,71443339,0.0,PO,dar,27964426,AGROBAC s.r.o.,,,,
2025,71443339,0.0,PO,dar,26826399,Autodům Vrána s.r.o.,,,,
2025,71443339,0.0,PO,dar,29285551,Autospol Uherské Hradiště s.r.o,,,,
2025,71443339,0.0,PO,dar,4633008,"CNG Credit, s.r.o.",,,,
2025,71443339,0.0,PO,dar,42868742,COMONT s.r.o.,,,,
2025,71443339,0.0,PO,dar,25922394,ČSAD Svitavy s.r.o.,,,,
2025,71443339,0.0,PO,dar,25922394,ČSAD Svitavy s.r.o.,,,,
2025,71443339,0.0,PO,dar,25312707,"Doubravická, a.s.",,,,
2025,71443339,0.0,PO,dar,49434497,"Družstvo LUH, družstvo",,,,
2025,71443339,0.0,PO,dar,18189873,FC Kvasice  z.s.,,,,
2025,71443339,51700.0,PO,dar,61681679,GEMA MB s.r.o.,,,,
2025,71443339,30000.0,PO,dar,61681679,GEMA MB s.r.o.,,,,
2025,71443339,0.0,PO,dar,28955544,Chef catering s.r.o.,,,,
2025,71443339,0.0,PO,dar,25038729,INSTALCENTRUM s.r.o.,,,,
2025,71443339,0.0,PO,dar,25499319,Jan Lazarčík Stav s.r.o.,,,,
2025,71443339,0.0,PO,dar,25499319,Jan Lazarčík Stav s.r.o.,,,,
2025,71443339,0.0,PO,dar,61972584,KAMENSKÝ - stavby a konstrukce s.r.o.,,,,
2025,71443339,0.0,PO,dar,29087911,Klatovské rybářství a.s.,,,,
2025,71443339,0.0,PO,dar,49447921,"Liber, družstvo vlastníků",,,,
2025,71443339,1900.0,PO,dar,29019818,"MUDr. Igor Karen, s.r.o.",,,,
2025,71443339,0.0,PO,dar,25318641,SHP BOHEMIA s.r.o.,,,,
2025,71443339,6876.0,PO,dar,26518325,"Sion, z.s.",,,,
2025,71443339,0.0,PO,dar,13643444,"Sportovní klub JANTAR Opava, z.s.",,,,
2025,71443339,0.0,PO,dar,8731314,START Zelený s.r.o.,,,,
2025,71443339,50000.0,PO,dar,7480482,SURPRISE EXPERT s.r.o.,,,,
2025,71443339,0.0,PO,dar,27331041,Teplárna Varnsdorf a.s.,,,,
2025,71443339,0.0,PO,dar,4200306,TONY Mai s.r.o.,,,,
2025,71443339,0.0,PO,dar,21825742,VAŠE ZUBNÍ CENTRUM Louny s.r.o.,,,,
2025,71443339,0.0,PO,dar,43144390,Výstaviště Lysá nad Labem spol. s r.o.,,,,
2025,71443339,0.0,PO,dar,139301,Zemědělské družstvo Budišov,,,,
2025,71443339,0.0,PO,dar,49971743,"Zemědělské družstvo Dolní Cerekev, družstvo",,,,
2025,71443339,0.0,PO,dar,139718,"Zemědělské družstvo Kožichovice, družstvo",,,,
2025,71443339,0.0,PO,dar,140015,"Zemědělské družstvo Okříšky, družstvo",,,,
2025,71443339,0.0,PO,dar,49971719,"ZEOS Kamenice, s.r.o.",,,,
2025,71443339,0.0,PO,dar,49455851,ZZN Jihlava a.s.,,,,
2025,05989175,0.0,PO,dar,28665627,Agrotechnika Vaněk s.r.o.,,,,
2025,05989175,0.0,PO,dar,28665627,Agrotechnika Vaněk s.r.o.,,,,
2025,05989175,0.0,PO,dar,28665627,Agrotechnika Vaněk s.r.o.,,,,
2025,05989175,0.0,PO,dar,28665627,Agrotechnika Vaněk s.r.o.,,,,
2025,05989175,1000000.0,PO,dar,25655809,ALCADRAIN S.R.O.,2025-04-09,,,
2025,05989175,1000.0,PO,dar,26058031,"Antico C.k., s.r.o.",2025-03-02,,,
2025,05989175,10000.0,PO,dar,8039411,APPK ENVI s.r.o.,2025-09-25,,,
2025,05989175,0.0,PO,dar,24715638,Auto UH Group a.s.,,,,
2025,05989175,0.0,PO,dar,24715638,Auto UH Group a.s.,,,,
2025,05989175,0.0,PO,dar,3516482,Automotoklub Český ráj Jičín v AČR,,,,
2025,05989175,20000.0,PO,dar,17499321,BicomMed s.r.o.,2025-09-12,,,
2025,05989175,500000.0,PO,dar,27760588,DEVAP servis s.r.o.,2025-08-04,,,
2025,05989175,500000.0,PO,dar,27760588,DEVAP servis s.r.o.,2025-08-04,,,
2025,05989175,0.0,PO,dar,26815362,Fammilky s.r.o.,,,,
2025,05989175,200000.0,PO,dar,7545053,Heli4U s.r.o.,2025-08-12,,,
2025,05989175,0.0,PO,dar,27354083,HP fast s.r.o.,,,,
2025,05989175,0.0,PO,dar,27354083,HP fast s.r.o.,,,,
2025,05989175,0.0,PO,dar,27689255,Jalta Group s.r.o.,,,,
2025,05989175,250000.0,PO,dar,26279312,KATE agency s.r.o.,2025-09-30,,,
2025,05989175,0.0,PO,dar,24177695,KTS servis s.r.o.,,,,
2025,05989175,500000.0,PO,dar,24177695,KTS servis s.r.o.,2025-08-07,,,
2025,05989175,500000.0,PO,dar,24177695,KTS servis s.r.o.,2025-08-12,,,
2025,05989175,400000.0,PO,dar,24177695,KTS servis s.r.o.,2025-08-18,,,
2025,05989175,100000.0,PO,dar,24177695,KTS servis s.r.o.,2025-06-22,,,
2025,05989175,3000000.0,PO,dar,2653877,MEDICAL INVESTMENTS a.s.,2025-05-27,,,
2025,05989175,0.0,PO,dar,64793281,Mega PLUS s.r.o.,,,,
2025,05989175,0.0,PO,dar,46990810,"MILFOR, SPOL. S R.O.",,,,
2025,05989175,0.0,PO,dar,46990810,"MILFOR, SPOL. S R.O.",,,,
2025,05989175,0.0,PO,dar,46990810,"MILFOR, SPOL. S R.O.",,,,
2025,05989175,0.0,PO,dar,46990810,"MILFOR, SPOL. S R.O.",,,,
2025,05989175,0.0,PO,dar,46990810,"MILFOR, SPOL. S R.O.",,,,
2025,05989175,250000.0,PO,dar,46990810,"MILFOR, SPOL. S R.O.",2025-07-29,,,
2025,05989175,250000.0,PO,dar,46990810,"MILFOR, SPOL. S R.O.",2025-08-30,,,
2025,05989175,100000.0,PO,dar,27311791,NRG GROUP A.S.,2025-05-29,,,
2025,05989175,0.0,PO,dar,25843281,Otto invest s.r.o.,,,,
2025,05989175,3000000.0,PO,dar,2528304,PETRA PLUS s.r.o.,2025-09-11,,,
2025,05989175,0.0,PO,dar,62245376,Plynoservis Pedap,,,,
2025,05989175,0.0,PO,dar,5444349,Sanatorium doktora Aloise Kutíka s.r.o.,,,,
2025,05989175,0.0,PO,dar,4223853,SDR Praha a.s.,,,,
2025,05989175,1000000.0,PO,dar,26961474,"SKR STAV, S.R.O.",2025-08-25,,,
2025,05989175,15000.0,PO,dar,6602711,Spojmont Ostrava s.r.o.,2025-10-07,,,
2025,05989175,0.0,PO,dar,2634767,Versana s.r.o.,,,,
2025,05989175,0.0,PO,dar,28798112,Vila Barbora s.r.o.,,,,
2025,05989175,0.0,PO,dar,1912551,WTF Communication s.r.o.,,,,
2025,05989175,0.0,PO,dar,1912551,WTF Communication s.r.o.,,,,
2025,05989175,0.0,PO,dar,1912551,WTF Communication s.r.o.,,,,
2025,05989175,0.0,PO,dar,1420861,ZHB service s.r.o.,,,,
2025,00442704,30000.0,PO,dar,1494872,Baldovská s.r.o.,2025-02-04,,,
2025,00442704,30000.0,PO,dar,1494872,Baldovská s.r.o.,2025-11-07,,,
2025,00442704,150000.0,PO,dar,49619667,"Becker a Poliakoff Consulting, a.s.",2025-05-07,,,
2025,00442704,15000.0,PO,dar,26010623,Geodézie Česká Třebová s.r.o.,2025-01-10,,,
2025,00442704,5000.0,PO,dar,8001448,"KALABIS AULICKÝ a spol., s.r.o.",2025-01-28,,,
2025,00442704,50000.0,PO,dar,62525182,MOTOR JIKOV Group a.s.,2025-09-09,,,
2025,00442704,5000.0,PO,dar,17809193,Nemocnice Milosrdných sester sv. Vincence de Paul,2025-09-24,,,
2025,00442704,300000.0,PO,dar,45148678,POLABSKÉ MLÉKÁRNY a.s.,2025-07-28,,,
2025,00442704,84000.0,PO,dar,15063879,Smetana David,2025-12-29,,,
2025,00442704,24185.0,PO,dar,5081068,SNK 1 - Starostové našeho kraje,2025-02-28,,,
2025,00442704,200000.0,PO,dar,4140338,Somnus Clinic s.r.o.,2025-04-25,,,
2025,00442704,3000000.0,PO,dar,9509071,Spolek pro podporu liberální demokracie ČR,2025-05-06,,,
2025,00442704,3000.0,PO,dar,69848548,Stránská Hana,2025-03-30,,,
2025,00442704,5000.0,PO,dar,7041772,VOJKOVSKÝ - STAVBY s.r.o.,2025-05-29,,,
2025,16192656,100000.0,PO,dar,48119458,"""ACO Industries k.s.""",2025-04-04,,,
2025,16192656,20000.0,PO,dar,26979632,"""AKÁT invest s.r.o.""",2025-10-20,,,
2025,16192656,75000.0,PO,dar,19635893,"""Alarka alfa s.r.o.""",2025-02-22,,,
2025,16192656,50000.0,PO,dar,49812882,"""ALLWARE, s.r.o.""",2025-11-08,,,
2025,16192656,250000.0,PO,dar,60192941,"""BH Securities, a.s.""",2025-06-10,,,
2025,16192656,100000.0,PO,dar,25607324,"""BIOPREPARÁTY, spol. s r.o.""",2025-02-09,,,
2025,16192656,100000.0,PO,dar,63979420,"""Bitango FIN s.r.o.""",2025-02-11,,,
2025,16192656,75000.0,PO,dar,63979420,"""Bitango FIN s.r.o.""",2025-03-31,,,
2025,16192656,100000.0,PO,dar,5365937,"""Bitango JP s.r.o.""",2025-02-04,,,
2025,16192656,100000.0,PO,dar,5365937,"""Bitango JP s.r.o.""",2025-02-04,,,
2025,16192656,30000.0,PO,dar,9117091,"""Blažek a Bureš, advokátní kancelář s.r.o.""",2025-10-09,,,
2025,16192656,10000.0,PO,dar,26919451,"""CM projekt, s.r.o.""",2025-03-07,,,
2025,16192656,8000.0,PO,dar,27808203,"""CNC SOUFREZ s.r.o.""",2025-03-20,,,
2025,16192656,20000.0,PO,dar,18382835,"""Corso, s.r.o.""",2025-09-24,,,
2025,16192656,40000.0,PO,dar,49705458,"""CRC MONTENEGRO s r.o.""",2025-08-12,,,
2025,16192656,0.0,PO,dar,71339698,"""Česká pirátská strana""",2025-01-09,,,
2025,16192656,100000.0,PO,dar,45359989,"""Drůbežářský závod Klatovy a.s.""",2025-08-28,,,
2025,16192656,2500000.0,PO,dar,26161541,"""DSS a.s.""",2025-09-15,,,
2025,16192656,50000.0,PO,dar,26013797,"""DVOŘÁK - svahové sekačky s.r.o.""",2025-09-17,,,
2025,16192656,5000.0,PO,dar,21268886,"""ESIOR, s.r.o.""",2025-02-20,,,
2025,16192656,0.0,PO,dar,26685451,"""EUROPRINTY, spol. s r.o.""",2025-09-08,,,
2025,16192656,20000.0,PO,dar,14159236,"""Fajn bydlení pro Vás s.r.o.""",2025-01-30,,,
2025,16192656,0.0,PO,dar,10954899,"""Fakt Brno""",2025-01-09,,,
2025,16192656,200000.0,PO,dar,2877155,"""FINAL KOM s.r.o.""",2025-08-28,,,
2025,16192656,0.0,PO,dar,46346040,"""ICOM transport a.s.""",2025-07-28,,,
2025,16192656,0.0,PO,dar,27751732,"""iOcomp.cz s. r. o.""",2025-09-24,,,
2025,16192656,100000.0,PO,dar,27751732,"""iOcomp.cz s. r. o.""",2025-05-20,,,
2025,16192656,5000.0,PO,dar,27751732,"""iOcomp.cz s. r. o.""",2025-05-22,,,
2025,16192656,30000.0,PO,dar,6848869,"""ISP Legal & Technologies s.r.o""",2025-08-14,,,
2025,16192656,12000.0,PO,dar,28557280,"""Jablonec 2010, z.s.""",2025-10-16,,,
2025,16192656,6000.0,PO,dar,28557280,"""Jablonec 2010, z.s.""",2025-10-16,,,
2025,16192656,50000.0,PO,dar,28557280,"""Jablonec 2010, z.s.""",2025-08-20,,,
2025,16192656,55000.0,PO,dar,28557280,"""Jablonec 2010, z.s.""",2025-08-27,,,
2025,16192656,15000.0,PO,dar,29277965,"""KALA TRANS, s.r.o.""",2025-05-06,,,
2025,16192656,1500.0,PO,dar,8259780,"""KBIG s.r.o.""",2025-10-29,,,
2025,16192656,0.0,PO,dar,442704,"""KDU-ČSL""",2025-01-09,,,
2025,16192656,6250.0,PO,dar,442704,"""KDU-ČSL""",2025-12-02,,,
2025,16192656,6250.0,PO,dar,442704,"""KDU-ČSL""",2025-09-24,,,
2025,16192656,6250.0,PO,dar,442704,"""KDU-ČSL""",2025-06-10,,,
2025,16192656,6250.0,PO,dar,442704,"""KDU-ČSL""",2025-04-15,,,
2025,16192656,0.0,PO,dar,442704,"""KDU-ČSL""",2025-09-09,,,
2025,16192656,100000.0,PO,dar,24234699,"""Klegs SE""",2025-05-13,,,
2025,16192656,60000.0,PO,dar,27090370,"""LCA s.r.o.""",2025-05-20,,,
2025,16192656,50000.0,PO,dar,26504740,"""MATRIX Media s.r.o.""",2025-11-05,,,
2025,16192656,100000.0,PO,dar,26089351,"""Meliorace České Budějovice spol. s r.o.""",2025-06-17,,,
2025,16192656,15000.0,PO,dar,26089351,"""Meliorace České Budějovice spol. s r.o.""",2025-10-07,,,
2025,16192656,5000.0,PO,dar,44964633,"""Mladí konzervativci, z.s.""",2025-05-28,,,
2025,16192656,50000.0,PO,dar,6937128,"""NAVA Tisk s.r.o.""",2025-11-05,,,
2025,16192656,20000.0,PO,dar,2124611,"""Oční optika Věra Mišurcová s.r.o.""",2025-05-12,,,
2025,16192656,150000.0,PO,dar,9517979,"""Optimal Solution Agency s.r.o.""",2025-04-16,,,
2025,16192656,10000.0,PO,dar,11986344,"""ORL Zapletalová s.r.o.""",2025-02-05,,,
2025,16192656,200000.0,PO,dar,4580737,"""P-holding 1, s.r.o.""",2025-06-06,,,
2025,16192656,100000.0,PO,dar,26118963,"""PASSERINVEST GROUP, a.s.""",2025-09-10,,,
2025,16192656,50000.0,PO,dar,3717721,"""PDV Stavby s.r.o.""",2025-09-16,,,
2025,16192656,100000.0,PO,dar,4548736,"""Prague Health Team s.r.o.""",2025-07-07,,,
2025,16192656,50000.0,PO,dar,4548736,"""Prague Health Team s.r.o.""",2025-08-20,,,
2025,16192656,20000.0,PO,dar,26769166,"""Quick Office s.r.o.""",2025-12-02,,,
2025,16192656,0.0,PO,dar,27576671,"""REAL FORTE a.s.""",2025-09-14,,,
2025,16192656,50000.0,PO,dar,17531276,"""Sarif s.r.o.""",2025-02-26,,,
2025,16192656,150000.0,PO,dar,29024021,"""Seesaranda, s.r.o.""",2025-09-02,,,
2025,16192656,10000.0,PO,dar,3527735,"""SINOVIA CONSULT s.r.o.""",2025-06-05,,,
2025,16192656,550000.0,PO,dar,29236584,"""Smart Advanced Energetics, s.r.o.""",2025-09-17,,,
2025,16192656,3000000.0,PO,dar,9509071,"""Spolek pro podporu liberální demokracie ČR""",2025-04-15,,,
2025,16192656,0.0,PO,dar,26673908,"""Starostové a nezávislí""",2025-01-09,,,
2025,16192656,0.0,PO,dar,409740,"""Strana zelených""",2025-01-09,,,
2025,16192656,250000.0,PO,dar,28180534,"""Styrogroup, a.s.""",2025-08-12,,,
2025,16192656,90000.0,PO,dar,26582406,"""Tábor 2020""",2025-12-02,,,
2025,16192656,90000.0,PO,dar,26582406,"""Tábor 2020""",2025-09-24,,,
2025,16192656,90000.0,PO,dar,26582406,"""Tábor 2020""",2025-06-10,,,
2025,16192656,90000.0,PO,dar,26582406,"""Tábor 2020""",2025-04-15,,,
2025,16192656,0.0,PO,dar,71339728,"""TOP 09""",2025-01-09,,,
2025,16192656,87750.0,PO,dar,71339728,"""TOP 09""",2025-11-28,,,
2025,16192656,81250.0,PO,dar,71339728,"""TOP 09""",2025-11-28,,,
2025,16192656,87750.0,PO,dar,71339728,"""TOP 09""",2025-09-24,,,
2025,16192656,81250.0,PO,dar,71339728,"""TOP 09""",2025-09-24,,,
2025,16192656,87750.0,PO,dar,71339728,"""TOP 09""",2025-06-10,,,
2025,16192656,81250.0,PO,dar,71339728,"""TOP 09""",2025-06-10,,,
2025,16192656,87750.0,PO,dar,71339728,"""TOP 09""",2025-04-15,,,
2025,16192656,81250.0,PO,dar,71339728,"""TOP 09""",2025-04-15,,,
2025,16192656,0.0,PO,dar,71339728,"""TOP 09""",2025-09-09,,,
2025,16192656,100000.0,PO,dar,29308267,"""Trinerdis s.r.o.""",2025-05-28,,,
2025,16192656,100000.0,PO,dar,8542155,"""TRIPODE s.r.o.""",2025-09-01,,,
2025,16192656,0.0,PO,dar,28013743,"""UNIBRICK s.r.o.""",2025-09-22,,,
2025,16192656,150000.0,PO,dar,22341650,"""UNIT FUNCTION s.r.o.""",2025-05-05,,,
2025,16192656,22000.0,PO,dar,7571232,"""Vadovský Group s.r.o.""",2025-12-04,,,
2025,16192656,30000.0,PO,dar,7571232,"""Vadovský Group s.r.o.""",2025-09-30,,,
2025,16192656,40000.0,PO,dar,28622928,"""WTC Písečná s.r.o.""",2025-12-09,,,
2025,16192656,5000.0,PO,dar,28622928,"""WTC Písečná s.r.o.""",2025-06-23,,,
2025,16192656,5000.0,PO,dar,27470610,"""X-COMP CZ s.r.o.""",2025-08-14,,,
2025,16192656,2000.0,PO,dar,2112922,"""Yellowknife s.r.o.""",2025-02-03,,,
2025,16192656,120000.0,PO,dar,17354374,"""Zulu Victory s.r.o.""",2025-05-25,,,
2025,16192656,100000.0,PO,dar,17354374,"""Zulu Victory s.r.o.""",2025-02-18,,,
2025,16192656,100000.0,PO,dar,17354374,"""Zulu Victory s.r.o.""",2025-03-03,,,
2025,71339698,500.0,PO,dar,2563126,Black Iris s.r.o.,2025-09-19,,,
2025,71339698,1000.0,PO,dar,24206113,CDAP s.r.o.,2025-07-21,,,
2025,71339698,1000.0,PO,dar,8675660,Fair Solutions Group s.r.o.,2025-09-18,,,
2025,71339698,100000.0,PO,dar,10954899,Fakt Brno,2025-09-17,,,
2025,71339698,1000.0,PO,dar,4626133,fnx.io s.r.o.,2025-08-28,,,
2025,71339698,500.0,PO,dar,10804111,Hair@Home s.r.o.,2025-06-03,,,
2025,71339698,1000.0,PO,dar,4936663,HANÁK Experience s.r.o.,2025-09-23,,,
2025,71339698,1000.0,PO,dar,6606971,Home is home s.r.o.,2025-06-03,,,
2025,71339698,1500.0,PO,dar,7029942,Jetio s.r.o.,2025-04-11,,,
2025,71339698,1000.0,PO,dar,3246876,Kultivar s.r.o.,2025-08-04,,,
2025,71339698,1000.0,PO,dar,3246876,Kultivar s.r.o.,2025-09-10,,,
2025,71339698,250.0,PO,dar,3246876,Kultivar s.r.o.,2025-01-02,,,
2025,71339698,250.0,PO,dar,3246876,Kultivar s.r.o.,2025-02-02,,,
2025,71339698,250.0,PO,dar,3246876,Kultivar s.r.o.,2025-03-02,,,
2025,71339698,250.0,PO,dar,3246876,Kultivar s.r.o.,2025-04-02,,,
2025,71339698,250.0,PO,dar,3246876,Kultivar s.r.o.,2025-05-02,,,
2025,71339698,250.0,PO,dar,3246876,Kultivar s.r.o.,2025-06-02,,,
2025,71339698,250.0,PO,dar,3246876,Kultivar s.r.o.,2025-07-02,,,
2025,71339698,250.0,PO,dar,3246876,Kultivar s.r.o.,2025-08-02,,,
2025,71339698,250.0,PO,dar,3246876,Kultivar s.r.o.,2025-09-02,,,
2025,71339698,250.0,PO,dar,3246876,Kultivar s.r.o.,2025-10-02,,,
2025,71339698,250.0,PO,dar,3246876,Kultivar s.r.o.,2025-11-02,,,
2025,71339698,250.0,PO,dar,3246876,Kultivar s.r.o.,2025-12-02,,,
2025,71339698,2000.0,PO,dar,28436318,"MA projekt, spol. s r.o.",2025-02-17,,,
2025,71339698,16675.0,PO,dar,4202490,"Mamutov FUN, s. r. o.",2025-03-10,,,
2025,71339698,13725.0,PO,dar,4202490,"Mamutov FUN, s. r. o.",2025-03-10,,,
2025,71339698,1000.0,PO,dar,10865331,MI Construction s.r.o.,2025-05-17,,,
2025,71339698,3333.0,PO,dar,10865331,MI Construction s.r.o.,2025-09-10,,,
2025,71339698,250.0,PO,dar,10887351,"MORAK, advokátní kancelář s.r.o.",2025-10-03,,,
2025,71339698,0.0,PO,dar,26282879,outdoorweb.cz s.r.o.,,,,
2025,71339698,100000.0,PO,dar,27865410,PentaGen s.r.o.,2025-09-10,,,
2025,71339698,5000.0,PO,dar,4498216,Raindead Company s.r.o.,2025-09-23,,,
2025,71339698,420.0,PO,dar,2665603,"Reel Goodies, s.r.o.",2025-09-16,,,
2025,71339698,3000000.0,PO,dar,9509071,Spolek pro podporu liberální demokracie ČR,2025-05-06,,,
2025,71339698,25410.0,PO,dar,409740,Strana zelených,2025-09-17,,,
2025,71339698,19600.0,PO,dar,409740,Strana zelených,2025-09-25,,,
2025,71339698,15000.0,PO,dar,409740,Strana zelených,2025-09-13,,,
2025,71339698,3990.0,PO,dar,409740,Strana zelených,2025-09-25,,,
2025,71339698,0.0,PO,dar,409740,Strana zelených,,,,
2025,71339698,0.0,PO,dar,409740,Strana zelených,,,,
2025,71339698,0.0,PO,dar,409740,Strana zelených,,,,
2025,71339698,0.0,PO,dar,409740,Strana zelených,,,,
2025,71339698,0.0,PO,dar,409740,Strana zelených,,,,
2025,71339698,0.0,PO,dar,409740,Strana zelených,,,,
2025,71339698,0.0,PO,dar,409740,Strana zelených,,,,
2025,71339698,0.0,PO,dar,409740,Strana zelených,,,,
2025,71339698,0.0,PO,dar,409740,Strana zelených,,,,
2025,71339698,1000000.0,PO,dar,409740,Strana zelených,2025-07-09,,,
2025,71339698,2000.0,PO,dar,26015072,"SUPER, s.r.o.",2025-09-23,,,
2025,71339698,10000.0,PO,dar,25449001,"Terén Design, s.r.o.",2025-10-03,,,
2025,71339698,10000.0,PO,dar,25449001,"Terén Design, s.r.o.",2025-11-03,,,
2025,71339698,10000.0,PO,dar,25449001,"Terén Design, s.r.o.",2025-12-03,,,
2025,71339698,1000.0,PO,dar,25257129,TPC spol. s r.o.,2025-08-08,,,
2025,71339698,1000.0,PO,dar,25257129,TPC spol. s r.o.,2025-09-10,,,
2025,71339698,350000.0,PO,dar,26197740,"Y Soft Corporation, a.s.",2025-08-01,,,
2025,10742409,0.0,PO,dar,27561020,New Food s.r.o.,2025-09-06,,,
2025,10742409,0.0,PO,dar,22092005,"Pivovar Malý Janek, s.r.o.",2025-09-05,,,
2025,10742409,50000.0,PO,dar,25342100,PŘEMYSL VESELÝ stavební a inženýrská činnost s.r.o.,2025-01-14,,,
2025,10742409,100000.0,PO,dar,60696834,SEBAK spol. s.r.o.,2025-08-04,,,
2025,10742409,2400.0,PO,dar,9781994,Spolek NAPŘÍMO,2025-05-02,,,
2025,00409171,0.0,PO,dar,26165376,"Cíl, akciová společnost v Praze",,,,
2025,04134940,0.0,PO,dar,5939836,A Big City - Shopping Paradise s.r.o.,,,,
2025,04134940,0.0,PO,dar,28272871,Aleš Brzák A-Z kovo s.r.o.,,,,
2025,04134940,0.0,PO,dar,28272871,Aleš Brzák A-Z kovo s.r.o.,,,,
2025,04134940,0.0,PO,dar,25211790,ALKABEN s.r.o.,,,,
2025,04134940,0.0,PO,dar,25988395,BUREŠ ART s.r.o.,,,,
2025,04134940,0.0,PO,dar,18229182,"ČSS, z.s. - sportovně střelecký klub Karlovy Vary - Březová",,,,
2025,04134940,0.0,PO,dar,25592173,"DLplast, s.r.o.",,,,
2025,04134940,500000.0,PO,dar,22855611,"KIKI A SMEČKA, z.s.",,,,
2025,04134940,30000.0,PO,dar,26280141,KOMPO ZLÍN s.r.o.,,,,
2025,04134940,20000.0,PO,dar,7572794,Luxury finance s.r.o.,,,,
2025,04134940,0.0,PO,dar,61174700,MCP Nguyen Hiep Ing. a Nguyen Thi Bich Bay,,,,
2025,04134940,0.0,PO,dar,26947480,Miroslav Belli s.r.o.,,,,
2025,04134940,20000.0,PO,dar,29233321,MODULOS FACTORY s.r.o.,,,,
2025,04134940,50000.0,PO,dar,29292743,MUDr. Nečas Lubomír s.r.o.,,,,
2025,04134940,0.0,PO,dar,25233297,"Penzion U Karla IV., s.r.o.",,,,
2025,04134940,0.0,PO,dar,17085438,PRO Právo Respekt Odbornost,,,,
2025,04134940,0.0,PO,dar,17085438,PRO Právo Respekt Odbornost,,,,
2025,04134940,0.0,PO,dar,17085438,PRO Právo Respekt Odbornost,,,,
2025,04134940,0.0,PO,dar,17085438,PRO Právo Respekt Odbornost,,,,
2025,04134940,0.0,PO,dar,17085438,PRO Právo Respekt Odbornost,,,,
2025,04134940,0.0,PO,dar,17085438,PRO Právo Respekt Odbornost,,,,
2025,04134940,0.0,PO,dar,17085438,PRO Právo Respekt Odbornost,,,,
2025,04134940,0.0,PO,dar,17085438,PRO Právo Respekt Odbornost,,,,
2025,04134940,0.0,PO,dar,17085438,PRO Právo Respekt Odbornost,,,,
2025,04134940,0.0,PO,dar,17085438,PRO Právo Respekt Odbornost,,,,
2025,04134940,0.0,PO,dar,17085438,PRO Právo Respekt Odbornost,,,,
2025,04134940,0.0,PO,dar,17085438,PRO Právo Respekt Odbornost,,,,
2025,04134940,0.0,PO,dar,17085438,PRO Právo Respekt Odbornost,,,,
2025,04134940,0.0,PO,dar,17085438,PRO Právo Respekt Odbornost,,,,
2025,04134940,0.0,PO,dar,17085438,PRO Právo Respekt Odbornost,,,,
2025,04134940,0.0,PO,dar,17085438,PRO Právo Respekt Odbornost,,,,
2025,04134940,0.0,PO,dar,17085438,PRO Právo Respekt Odbornost,,,,
2025,04134940,0.0,PO,dar,17085438,PRO Právo Respekt Odbornost,,,,
2025,04134940,0.0,PO,dar,17085438,PRO Právo Respekt Odbornost,,,,
2025,04134940,0.0,PO,dar,17085438,PRO Právo Respekt Odbornost,,,,
2025,04134940,0.0,PO,dar,17085438,PRO Právo Respekt Odbornost,,,,
2025,04134940,0.0,PO,dar,17085438,PRO Právo Respekt Odbornost,,,,
2025,04134940,0.0,PO,dar,17085438,PRO Právo Respekt Odbornost,,,,
2025,04134940,0.0,PO,dar,17085438,PRO Právo Respekt Odbornost,,,,
2025,04134940,0.0,PO,dar,17085438,PRO Právo Respekt Odbornost,,,,
2025,04134940,0.0,PO,dar,17085438,PRO Právo Respekt Odbornost,,,,
2025,04134940,0.0,PO,dar,17085438,PRO Právo Respekt Odbornost,,,,
2025,04134940,0.0,PO,dar,17085438,PRO Právo Respekt Odbornost,,,,
2025,04134940,0.0,PO,dar,17085438,PRO Právo Respekt Odbornost,,,,
2025,04134940,0.0,PO,dar,17085438,PRO Právo Respekt Odbornost,,,,
2025,04134940,0.0,PO,dar,17085438,PRO Právo Respekt Odbornost,,,,
2025,04134940,0.0,PO,dar,17085438,PRO Právo Respekt Odbornost,,,,
2025,04134940,0.0,PO,dar,17085438,PRO Právo Respekt Odbornost,,,,
2025,04134940,0.0,PO,dar,17085438,PRO Právo Respekt Odbornost,,,,
2025,04134940,0.0,PO,dar,17085438,PRO Právo Respekt Odbornost,,,,
2025,04134940,0.0,PO,dar,17085438,PRO Právo Respekt Odbornost,,,,
2025,04134940,0.0,PO,dar,17085438,PRO Právo Respekt Odbornost,,,,
2025,04134940,0.0,PO,dar,17085438,PRO Právo Respekt Odbornost,,,,
2025,04134940,0.0,PO,dar,17085438,PRO Právo Respekt Odbornost,,,,
2025,04134940,0.0,PO,dar,17085438,PRO Právo Respekt Odbornost,,,,
2025,04134940,0.0,PO,dar,17085438,PRO Právo Respekt Odbornost,,,,
2025,04134940,0.0,PO,dar,17085438,PRO Právo Respekt Odbornost,,,,
2025,04134940,0.0,PO,dar,17085438,PRO Právo Respekt Odbornost,,,,
2025,04134940,0.0,PO,dar,17085438,PRO Právo Respekt Odbornost,,,,
2025,04134940,0.0,PO,dar,17085438,PRO Právo Respekt Odbornost,,,,
2025,04134940,0.0,PO,dar,17085438,PRO Právo Respekt Odbornost,,,,
2025,04134940,0.0,PO,dar,17085438,PRO Právo Respekt Odbornost,,,,
2025,04134940,0.0,PO,dar,17085438,PRO Právo Respekt Odbornost,,,,
2025,04134940,0.0,PO,dar,17085438,PRO Právo Respekt Odbornost,,,,
2025,04134940,0.0,PO,dar,17085438,PRO Právo Respekt Odbornost,,,,
2025,04134940,0.0,PO,dar,17085438,PRO Právo Respekt Odbornost,,,,
2025,04134940,0.0,PO,dar,17085438,PRO Právo Respekt Odbornost,,,,
2025,04134940,0.0,PO,dar,17085438,PRO Právo Respekt Odbornost,,,,
2025,04134940,0.0,PO,dar,17085438,PRO Právo Respekt Odbornost,,,,
2025,04134940,0.0,PO,dar,17085438,PRO Právo Respekt Odbornost,,,,
2025,04134940,0.0,PO,dar,17085438,PRO Právo Respekt Odbornost,,,,
2025,04134940,0.0,PO,dar,17085438,PRO Právo Respekt Odbornost,,,,
2025,04134940,0.0,PO,dar,17085438,PRO Právo Respekt Odbornost,,,,
2025,04134940,0.0,PO,dar,17085438,PRO Právo Respekt Odbornost,,,,
2025,04134940,0.0,PO,dar,17085438,PRO Právo Respekt Odbornost,,,,
2025,04134940,0.0,PO,dar,17085438,PRO Právo Respekt Odbornost,,,,
2025,04134940,0.0,PO,dar,17085438,PRO Právo Respekt Odbornost,,,,
2025,04134940,0.0,PO,dar,17085438,PRO Právo Respekt Odbornost,,,,
2025,04134940,0.0,PO,dar,17085438,PRO Právo Respekt Odbornost,,,,
2025,04134940,0.0,PO,dar,17085438,PRO Právo Respekt Odbornost,,,,
2025,04134940,0.0,PO,dar,17085438,PRO Právo Respekt Odbornost,,,,
2025,04134940,0.0,PO,dar,17085438,PRO Právo Respekt Odbornost,,,,
2025,04134940,0.0,PO,dar,17085438,PRO Právo Respekt Odbornost,,,,
2025,04134940,0.0,PO,dar,17085438,PRO Právo Respekt Odbornost,,,,
2025,04134940,0.0,PO,dar,17085438,PRO Právo Respekt Odbornost,,,,
2025,04134940,0.0,PO,dar,17085438,PRO Právo Respekt Odbornost,,,,
2025,04134940,0.0,PO,dar,17085438,PRO Právo Respekt Odbornost,,,,
2025,04134940,0.0,PO,dar,17085438,PRO Právo Respekt Odbornost,,,,
2025,04134940,0.0,PO,dar,17085438,PRO Právo Respekt Odbornost,,,,
2025,04134940,0.0,PO,dar,17085438,PRO Právo Respekt Odbornost,,,,
2025,04134940,0.0,PO,dar,17085438,PRO Právo Respekt Odbornost,,,,
2025,04134940,0.0,PO,dar,17085438,PRO Právo Respekt Odbornost,,,,
2025,04134940,0.0,PO,dar,17085438,PRO Právo Respekt Odbornost,,,,
2025,04134940,0.0,PO,dar,17085438,PRO Právo Respekt Odbornost,,,,
2025,04134940,0.0,PO,dar,27996026,"Prokop Nábytek, s.r.o.",,,,
2025,04134940,0.0,PO,dar,64508510,"Rovina, a.s.",,,,
2025,04134940,0.0,PO,dar,64508510,"Rovina, a.s.",,,,
2025,04134940,0.0,PO,dar,64508510,"Rovina, a.s.",,,,
2025,04134940,0.0,PO,dar,64508510,"Rovina, a.s.",,,,
2025,04134940,0.0,PO,dar,64508510,"Rovina, a.s.",,,,
2025,04134940,0.0,PO,dar,64508510,"Rovina, a.s.",,,,
2025,04134940,0.0,PO,dar,64508510,"Rovina, a.s.",,,,
2025,04134940,0.0,PO,dar,71339612,SVOBODNÍ,,,,
2025,04134940,15000.0,PO,dar,71339612,SVOBODNÍ,,,,
2025,04134940,0.0,PO,dar,884383,"TERMO & CO, s.r.o.",,,,
2025,04134940,0.0,PO,dar,8288909,TRIKOLORA,,,,
2025,04134940,0.0,PO,dar,8288909,TRIKOLORA,,,,
2025,04134940,0.0,PO,dar,8288909,TRIKOLORA,,,,
2025,04134940,0.0,PO,dar,8288909,TRIKOLORA,,,,
2025,04134940,0.0,PO,dar,8288909,TRIKOLORA,,,,
2025,04134940,0.0,PO,dar,8288909,TRIKOLORA,,,,
2025,04134940,0.0,PO,dar,8288909,TRIKOLORA,,,,
2025,04134940,0.0,PO,dar,8288909,TRIKOLORA,,,,
2025,04134940,0.0,PO,dar,8288909,TRIKOLORA,,,,
2025,04134940,100000.0,PO,dar,8288909,TRIKOLORA,,,,
2025,04134940,0.0,PO,dar,8288909,TRIKOLORA,,,,
2025,04134940,0.0,PO,dar,8288909,TRIKOLORA,,,,
2025,04134940,0.0,PO,dar,8288909,TRIKOLORA,,,,
2025,04134940,0.0,PO,dar,8288909,TRIKOLORA,,,,
2025,04134940,0.0,PO,dar,8288909,TRIKOLORA,,,,
2025,04134940,0.0,PO,dar,8288909,TRIKOLORA,,,,
2025,04134940,0.0,PO,dar,8288909,TRIKOLORA,,,,
2025,04134940,0.0,PO,dar,8288909,TRIKOLORA,,,,
2025,04134940,0.0,PO,dar,8288909,TRIKOLORA,,,,
2025,04134940,0.0,PO,dar,8288909,TRIKOLORA,,,,
2025,04134940,0.0,PO,dar,8288909,TRIKOLORA,,,,
2025,04134940,0.0,PO,dar,12403709,WEST CAR autoservis,,,,
2025,04134940,10000.0,PO,dar,60750774,ZELINGER PLAST s.r.o.,,,,
2025,22142631,0.0,PO,dar,47053402,Autostop s.r.o.,,,,
2025,22142631,0.0,PO,dar,41355491,Bistro BIsch,,,,
2025,22142631,0.0,PO,dar,28031156,CAO VAN THANG,,,,
2025,22142631,0.0,PO,dar,40358810,Daniel Kozel DK1,,,,
2025,22142631,0.0,PO,dar,476013,Družstvo Vajgar,,,,
2025,22142631,5000.0,PO,dar,26271028,Charous&spol.pojišťování s.r.o.,2025-04-28,,,
2025,22142631,0.0,PO,dar,496936,Komunistická strana Čech a Moravy,,,,
2025,22142631,0.0,PO,dar,22881514,PD Life z.s.,,,,
2025,22142631,0.0,PO,dar,46630716,SH ČMS,,,,
2025,22142631,0.0,PO,dar,46630716,SH ČMS,,,,
2025,22142631,0.0,PO,dar,409171,Sociální demokracie,,,,
2025,22142631,1000.0,PO,dar,75066114,"Svaz vojáků z povolání Armády České republiky, klub Písek II",2025-08-14,,,
2025,22142631,0.0,PO,dar,88614484,Thi Minh Ty Tran,,,,
2025,22142631,0.0,PO,dar,519545,TJ Hrozňatov  z.s.,,,,
2025,22142631,0.0,PO,dar,47905913,Večeřa-Meliorace,,,,
2025,26673908,0.0,PO,dar,22872957,"""Farmářské trhy""",2025-09-20,,,
2025,26673908,0.0,PO,dar,25028090,"1. KLÁRA, s.r.o.",2025-09-01,,,
2025,26673908,10000.0,PO,dar,25462644,3L studio s.r.o.,2025-09-22,,,
2025,26673908,30000.0,PO,dar,24172529,4 cubes s.r.o.,2025-04-07,,,
2025,26673908,0.0,PO,dar,21324841,AC Development s.r.o.,2025-08-18,,,
2025,26673908,50000.0,PO,dar,43378391,"AGADOS, spol. s r.o.",2025-10-16,,,
2025,26673908,10000.0,PO,dar,26231778,AGM - AGROMOTOR s.r.o.,2025-10-02,,,
2025,26673908,0.0,PO,dar,4763084,AquaOsmotic s.r.o.,2025-09-01,,,
2025,26673908,0.0,PO,dar,28947509,ARALDO s.r.o.,2025-08-20,,,
2025,26673908,0.0,PO,dar,8055629,Auroma s.r.o.,2025-09-04,,,
2025,26673908,0.0,PO,dar,48529753,"BAUMAT,spol.s.r.o.",2025-09-01,,,
2025,26673908,0.0,PO,dar,45479721,"BELIT, spol. s r.o.",2025-09-01,,,
2025,26673908,0.0,PO,dar,41938658,BERGER BETON spol. s r.o.,2025-08-01,,,
2025,26673908,0.0,PO,dar,29198721,BIOGRUNT s.r.o.,2025-09-01,,,
2025,26673908,0.0,PO,dar,27312003,BV Plast s.r.o.,2025-09-01,,,
2025,26673908,100000.0,PO,dar,18631673,"Bytový trend, družstvo",2025-09-18,,,
2025,26673908,0.0,PO,dar,5989396,CerebroAd.com s.r.o.,2025-08-15,,,
2025,26673908,0.0,PO,dar,28314743,CMPS Development s.r.o.,2025-09-01,,,
2025,26673908,50000.0,PO,dar,24181455,"CP management, s.r.o.",2025-03-14,,,
2025,26673908,0.0,PO,dar,25296558,"CRYTUR, spol. s r.o.",2025-09-04,,,
2025,26673908,0.0,PO,dar,27383172,Dark Sky s.r.o.,2025-09-13,,,
2025,26673908,0.0,PO,dar,28631,Dřevozpracující družstvo,2025-09-01,,,
2025,26673908,0.0,PO,dar,28108710,ELBH-CZ s.r.o.,2025-09-02,,,
2025,26673908,0.0,PO,dar,5633885,Elgrison s.r.o.,2025-09-04,,,
2025,26673908,0.0,PO,dar,60112867,ELPROM spol. s r.o.,2025-08-08,,,
2025,26673908,0.0,PO,dar,26045036,EUROFROST CB a. s.,2025-09-19,,,
2025,26673908,20000.0,PO,dar,17344140,EUROTIVA s.r.o.,2025-09-18,,,
2025,26673908,0.0,PO,dar,60103191,"FK Proseč, z. s.",2025-09-15,,,
2025,26673908,0.0,PO,dar,27265323,Formy Vosecký s.r.o.,2025-09-25,,,
2025,26673908,0.0,PO,dar,46679421,Fruko-Schulz s.r.o.,2025-09-01,,,
2025,26673908,0.0,PO,dar,25518585,G 3 s.r.o.,2025-09-01,,,
2025,26673908,0.0,PO,dar,16361652,"HARDMAN, spol. s r.o.",2025-09-01,,,
2025,26673908,0.0,PO,dar,25861492,"HEVOS interier, s.r.o.",2025-09-04,,,
2025,26673908,50000.0,PO,dar,3116603,Hnutí SOL,2025-12-15,,,
2025,26673908,50000.0,PO,dar,3116603,Hnutí SOL,2025-12-15,,,
2025,26673908,50000.0,PO,dar,3116603,Hnutí SOL,2025-12-15,,,
2025,26673908,50000.0,PO,dar,3116603,Hnutí SOL,2025-04-06,,,
2025,26673908,50000.0,PO,dar,3116603,Hnutí SOL,2025-04-30,,,
2025,26673908,15000.0,PO,dar,27713326,IK consult s.r.o.,2025-12-05,,,
2025,26673908,0.0,PO,dar,25323601,IP Polná s.r.o.,2025-09-25,,,
2025,26673908,0.0,PO,dar,47539801,ITES spol. s.r.o.,2025-08-20,,,
2025,26673908,50000.0,PO,dar,11912057,Joch Group spol. s.r.o.,2025-09-29,,,
2025,26673908,50000.0,PO,dar,15770265,KAMÍR a Co spol. s r. o.,2025-09-19,,,
2025,26673908,100000.0,PO,dar,27648516,"Kapela, s.r.o.",2025-03-03,,,
2025,26673908,200000.0,PO,dar,27648516,"Kapela, s.r.o.",2025-03-03,,,
2025,26673908,0.0,PO,dar,25253352,"Kejval CZ, s.r.o.",2025-09-20,,,
2025,26673908,0.0,PO,dar,9422170,Kerouš holding s.r.o.,2025-07-16,,,
2025,26673908,0.0,PO,dar,28085604,KEROUŠ s.r.o.,2025-07-01,,,
2025,26673908,216590.0,PO,dar,11835451,LaVoM holding s.r.o.,2025-01-15,,,
2025,26673908,0.0,PO,dar,60109513,"LEGE ARTIS, s.r.o.",2025-09-04,,,
2025,26673908,0.0,PO,dar,41327616,"LEMFELD a syn, Vilémov, spol. s r.o.",2025-09-01,,,
2025,26673908,0.0,PO,dar,62497952,LERTA s.r.o.,2025-08-09,,,
2025,26673908,20000.0,PO,dar,7479832,Limoška s.r.o.,2025-07-01,,,
2025,26673908,15000.0,PO,dar,2595389,LPF Group s.r.o.,2025-07-17,,,
2025,26673908,0.0,PO,dar,15043053,"Lyžařský sportovní klub Lomnice nad Popelkou, z.s.",2025-09-04,,,
2025,26673908,0.0,PO,dar,28680251,"M.B.M. DROZD, s.r.o.",2025-09-01,,,
2025,26673908,0.0,PO,dar,46982612,Madis s.r.o.,2025-09-01,,,
2025,26673908,0.0,PO,dar,25405080,"MCU Koloseum, o.p.s.",2025-09-04,,,
2025,26673908,40000.0,PO,dar,26089351,Meliorace České Budějovice spol. s r.o.,2025-08-21,,,
2025,26673908,0.0,PO,dar,4894421,"Metal B-N, s.r.o.",2025-09-04,,,
2025,26673908,0.0,PO,dar,26263408,"Metro - AZ, s.r.o.",2025-09-01,,,
2025,26673908,500.0,PO,dar,22653449,MGeom s.r.o.,2025-04-02,,,
2025,26673908,0.0,PO,dar,63493659,Mlékárna Polná spol. s r.o.,2025-09-01,,,
2025,26673908,2000.0,PO,dar,6021590,Moriarty s.r.o.,2025-09-13,,,
2025,26673908,0.0,PO,dar,65666194,Myslivecký spolek Voleč-Bělá,2025-08-20,,,
2025,26673908,0.0,PO,dar,26002663,NÁŘADÍ Karel Jiránek s.r.o.,2025-09-04,,,
2025,26673908,0.0,PO,dar,26573440,"NEKKY, z.s.",2025-09-01,,,
2025,26673908,0.0,PO,dar,26573440,"NEKKY, z.s.",2025-09-01,,,
2025,26673908,150000.0,PO,dar,71443185,Občané pro Budějovice,2025-02-25,,,
2025,26673908,33750.0,PO,dar,16192656,Občanská demokratická strana,2025-05-19,,,
2025,26673908,33750.0,PO,dar,16192656,Občanská demokratická strana,2025-07-30,,,
2025,26673908,33750.0,PO,dar,16192656,Občanská demokratická strana,2025-01-09,,,
2025,26673908,33750.0,PO,dar,16192656,Občanská demokratická strana,2025-10-06,,,
2025,26673908,0.0,PO,dar,7640064,OKNA MORAVČÍK s.r.o.,2025-09-04,,,
2025,26673908,117188.0,PO,dar,21311188,Osobnosti pro kraj,2025-06-18,,,
2025,26673908,117188.0,PO,dar,21311188,Osobnosti pro kraj,2025-09-30,,,
2025,26673908,117188.0,PO,dar,21311188,Osobnosti pro kraj,2025-12-01,,,
2025,26673908,117188.0,PO,dar,21311188,Osobnosti pro kraj,2025-04-23,,,
2025,26673908,0.0,PO,dar,5215617,P&P Traffic Academy s.r.o.,2025-09-01,,,
2025,26673908,50000.0,PO,dar,27800873,PELAN TRANSPORT s.r.o.,2025-02-12,,,
2025,26673908,170000.0,PO,dar,29366259,Petrokámen s.r.o.,2025-03-25,,,
2025,26673908,0.0,PO,dar,27599451,POSPITRANS s.r.o.,2025-08-20,,,
2025,26673908,0.0,PO,dar,1783262,Pro Znojmo z.s.,2025-09-15,,,
2025,26673908,0.0,PO,dar,9783253,Pro-kvas s. r. o.,2025-08-20,,,
2025,26673908,0.0,PO,dar,7101929,"Prostě Q, s.r.o.",2025-09-15,,,
2025,26673908,0.0,PO,dar,176109,"První brněnská strojírna Velká Bíteš, a. s.",2025-09-24,,,
2025,26673908,40000.0,PO,dar,4067070,Přibyl strojní omítání s.r.o.,2025-05-09,,,
2025,26673908,0.0,PO,dar,63782847,Římskokatolická farnost Lobendava,2025-09-01,,,
2025,26673908,0.0,PO,dar,43225128,SATEL Liberec z.s.,2025-09-04,,,
2025,26673908,0.0,PO,dar,47238399,"Selekta Pacov, a.s.",2025-08-01,,,
2025,26673908,300000.0,PO,dar,8674531,SMT-energy s.r.o.,2025-09-08,,,
2025,26673908,3000000.0,PO,dar,9509071,Spolek pro podporu liberální demokracie ČR,2025-05-06,,,
2025,26673908,0.0,PO,dar,26929198,SPS - střechy s.r.o.,2025-09-01,,,
2025,26673908,0.0,PO,dar,44569599,STAP a.s.,2025-09-01,,,
2025,26673908,2900000.0,PO,dar,71339485,Starostové pro Liberecký kraj,2025-05-21,,,
2025,26673908,0.0,PO,dar,8731314,START Zelený s.r.o.,2025-09-01,,,
2025,26673908,0.0,PO,dar,28132629,"STATUS Holding, a.s.",2025-09-01,,,
2025,26673908,0.0,PO,dar,42722,Stavební bytové družstvo Pozemní stavby Liberec,2025-09-04,,,
2025,26673908,0.0,PO,dar,7573618,Stavebniny Hudečková s.r.o.,2025-09-04,,,
2025,26673908,0.0,PO,dar,25499441,SUNDISK s.r.o.,2025-09-04,,,
2025,26673908,0.0,PO,dar,7854978,SYPSTAV s.r.o.,2025-09-10,,,
2025,26673908,0.0,PO,dar,49296256,Tělocvičná jednota Sokol Bozkov,2025-09-04,,,
2025,26673908,0.0,PO,dar,47695757,Tělocvičná jednota Sokol Stupno,2025-08-18,,,
2025,26673908,0.0,PO,dar,44119259,Tělocvičná jednota Sokol Želechovice,2025-09-01,,,
2025,26673908,0.0,PO,dar,24180785,Thome lighting s.r.o.,2025-09-15,,,
2025,26673908,0.0,PO,dar,48706116,TJ Unhošť z.s.,2025-08-20,,,
2025,26673908,80000.0,PO,dar,10972536,TOMIMA s.r.o.,2025-03-20,,,
2025,26673908,0.0,PO,dar,26252937,"TVD-Technická výroba, a.s.",2025-09-01,,,
2025,26673908,0.0,PO,dar,6875327,UNImont plus s.r.o.,2025-09-10,,,
2025,26673908,0.0,PO,dar,10936351,VASPEMO s.r.o.,2025-09-04,,,
2025,26673908,0.0,PO,dar,21825742,VAŠE ZUBNÍ CENTRUM Louny s.r.o.,2025-09-01,,,
2025,26673908,0.0,PO,dar,43144390,Výstaviště Lysá nad Labem spol. s r.o.,2025-08-01,,,
2025,26673908,0.0,PO,dar,26417251,Weaving Studenec s.r.o.,2025-09-04,,,
2025,26673908,2000000.0,PO,dar,26197740,"Y Soft Corporation, a.s.",2025-08-04,,,
2025,26673908,25000.0,PO,dar,4299337,YES4Q s.r.o.,2025-09-24,,,
2025,26673908,15000.0,PO,dar,60838264,ZÁSOBY s.r.o.,2025-07-08,,,
2025,26673908,0.0,PO,dar,112062,"Zemědělské družstvo ""Vysočina"" Želiv",2025-07-16,,,
2025,26673908,0.0,PO,dar,19608071,ZPcompany s.r.o.,2025-09-25,,,
2025,26673908,0.0,PO,dar,6582664,Zrůst Trailers s.r.o.,2025-09-20,,,
2025,26673908,5000.0,PO,dar,61535842,Železárny Velký Šenov s.r.o.,2025-07-01,,,
2025,26673908,0.0,PO,dar,9217479,ŽVŠ Hutní materiály s.r.o.,2025-09-01,,,
2025,71339612,100000.0,PO,dar,27311791,NRG Group a.s.,,,,
2025,71339612,12500.0,PO,dar,16192656,Občanská demokratická strana,,,,
2025,71339612,12500.0,PO,dar,16192656,Občanská demokratická strana,,,,
2025,71339612,12500.0,PO,dar,16192656,Občanská demokratická strana,,,,
2025,71339612,12500.0,PO,dar,16192656,Občanská demokratická strana,,,,
2025,71339728,15000.0,PO,dar,4671171,"Angels Solution & Services, s.r.o.",,,,
2025,71339728,7000.0,PO,dar,27628906,Ateliér Dako s.r.o.,,,,
2025,71339728,60000.0,PO,dar,6371621,Crystal Capital s.r.o.,,,,
2025,71339728,60000.0,PO,dar,6371621,Crystal Capital s.r.o.,,,,
2025,71339728,300000.0,PO,dar,23338920,CustomTech s.r.o.,,,,
2025,71339728,60000.0,PO,dar,5735661,"DCT Boskovice, s.r.o.",,,,
2025,71339728,20000.0,PO,dar,25912216,"DOMIST, spol. s r.o.",,,,
2025,71339728,5000.0,PO,dar,11915901,E-store solutions s.r.o.,,,,
2025,71339728,72000.0,PO,dar,3204723,Hradecký demokratický klub,,,,
2025,71339728,50000.0,PO,dar,26287579,"K.T.S. - MONTÁŽE, s.r.o.",,,,
2025,71339728,1022579.0,PO,dar,442704,KDU-ČSL,,,,
2025,71339728,125000.0,PO,dar,71443606,Liberálně ekologická strana,,,,
2025,71339728,20000.0,PO,dar,27471110,"LM Asistent, s.r.o.",,,,
2025,71339728,50000.0,PO,dar,27471110,"LM Asistent, s.r.o.",,,,
2025,71339728,15000.0,PO,dar,24231240,Loppi CZECH s.r.o.,,,,
2025,71339728,42976.0,PO,dar,29354234,MIXCZ-POL s.r.o.,,,,
2025,71339728,40012.0,PO,dar,29354234,MIXCZ-POL s.r.o.,,,,
2025,71339728,30000.0,PO,dar,60776153,"Moravská pohřební společnost, s.r.o.",,,,
2025,71339728,30000.0,PO,dar,4432665,NejLes s.r.o.,,,,
2025,71339728,131250.0,PO,dar,16192656,Občanská demokratická strana,,,,
2025,71339728,112500.0,PO,dar,16192656,Občanská demokratická strana,,,,
2025,71339728,112500.0,PO,dar,16192656,Občanská demokratická strana,,,,
2025,71339728,112500.0,PO,dar,16192656,Občanská demokratická strana,,,,
2025,71339728,250024.0,PO,dar,16192656,Občanská demokratická strana,,,,
2025,71339728,0.0,PO,dar,7134568,Politinkers s.r.o.,,,,
2025,71339728,20000.0,PO,dar,2977214,"Promstal engineering, s.r.o.",,,,
2025,71339728,350000.0,PO,dar,7842511,"RAILSCANNER, s.r.o.",,,,
2025,71339728,30000.0,PO,dar,29448336,Sběrna druhotných surovin Lindovský s.r.o.,,,,
2025,71339728,250000.0,PO,dar,41324587,"SIVEDA, spol. s r.o.",,,,
2025,71339728,40000.0,PO,dar,29294401,Slunný dvůr s.r.o.,,,,
2025,71339728,3000000.0,PO,dar,9509071,Spolek pro podporu liberální demokracie ČR,,,,
2025,71339728,5000.0,PO,dar,19457316,Stalmido s.r.o.,,,,
2025,71339728,122250.0,PO,dar,26673908,Starostové a nezávislí,,,,
2025,71339728,100000.0,PO,dar,26673908,Starostové a nezávislí,,,,
2025,71339728,20000.0,PO,dar,25531743,STATEKON s.r.o.,,,,
2025,71339728,410200.0,PO,dar,26206617,ŠAMPION a.s.,,,,
2025,71339728,360000.0,PO,dar,26582406,Tábor 2020,,,,
2025,71339728,10000.0,PO,dar,26337754,"TICHÝ CONSULTING, s.r.o.",,,,
2025,71339728,5000.0,PO,dar,25281364,Ústav stavebního zkušebnictví s.r.o.,,,,
2025,71339728,200000.0,PO,dar,7003552,Wings Brand s.r.o.,,,,
2025,71339728,5000.0,PO,dar,27776581,YES dent s.r.o.,,,,
2025,00409740,1000.0,PO,dar,25948440,Asian Bridges spol. s r.o.,2025-07-28,,,
2025,00409740,20000.0,PO,dar,28217080,Auxilien a.s.,2025-11-07,,,
2025,00409740,60000.0,PO,dar,63476860,ELDACO a.s.,2025-12-18,,,
2025,00409740,33750.0,PO,dar,3204723,Hradecký demokratický klub,2025-05-15,,,
2025,00409740,33750.0,PO,dar,3204723,Hradecký demokratický klub,2025-07-21,,,
2025,00409740,33750.0,PO,dar,3204723,Hradecký demokratický klub,2025-10-20,,,
2025,00409740,33750.0,PO,dar,3204723,Hradecký demokratický klub,2025-12-03,,,
2025,00409740,38925.0,PO,dar,442704,KDU-ČSL,2025-05-14,,,
2025,00409740,48287.0,PO,dar,442704,KDU-ČSL,2025-05-14,,,
2025,00409740,48287.0,PO,dar,442704,KDU-ČSL,2025-07-07,,,
2025,00409740,38925.0,PO,dar,442704,KDU-ČSL,2025-07-07,,,
2025,00409740,38925.0,PO,dar,442704,KDU-ČSL,2025-10-02,,,
2025,00409740,48287.0,PO,dar,442704,KDU-ČSL,2025-10-02,,,
2025,00409740,48287.0,PO,dar,442704,KDU-ČSL,2025-12-04,,,
2025,00409740,3644.0,PO,dar,442704,KDU-ČSL,2025-01-17,,,
2025,00409740,38925.0,PO,dar,442704,KDU-ČSL,2025-12-04,,,
2025,00409740,5000.0,PO,dar,6516661,scibit s.r.o.,2025-12-16,,,
2025,00409740,30000.0,PO,dar,6695205,SEN 21,2025-12-17,,,
2025,00409740,70000.0,PO,dar,6695205,SEN 21,2025-12-17,,,
2025,00409740,50000.0,PO,dar,26673908,STAROSTOVÉ A NEZÁVISLÍ,2025-05-29,,,
2025,00409740,50000.0,PO,dar,26673908,STAROSTOVÉ A NEZÁVISLÍ,2025-07-09,,,
2025,00409740,50000.0,PO,dar,26673908,STAROSTOVÉ A NEZÁVISLÍ,2025-11-03,,,
2025,00409740,50000.0,PO,dar,26673908,STAROSTOVÉ A NEZÁVISLÍ,2025-12-03,,,
2025,00409740,50000.0,PO,dar,26673908,STAROSTOVÉ A NEZÁVISLÍ,2025-02-19,,,
2025,00409740,33750.0,PO,dar,71339728,TOP 09,2025-06-05,,,
2025,00409740,33750.0,PO,dar,71339728,TOP 09,2025-07-04,,,
2025,00409740,33750.0,PO,dar,71339728,TOP 09,2025-10-06,,,
2025,00409740,33750.0,PO,dar,71339728,TOP 09,2025-11-28,,,
2025,00409740,33750.0,PO,dar,71339728,TOP 09,2025-02-03,,,
2022,04134940,70000,PO,dar,1307525,Kateřina Zajícová,2022-08-05,,Krnov,
2022,04134940,30000,PO,dar,1307525,Kateřina Zajícová,2022-08-11,,Krnov,
2020,04134940,100000,PO,dar,1642235,Spoketa s.r.o.,2020-08-11,,,
2024,04134940,5000,PO,dar,3081184,MPE GROUP s.r.o.,2024-08-26,,,
2022,04134940,20000,PO,dar,4057058,GEM DENT s.r.o.,2022-07-19,,Prostějov,
2024,04134940,10000,PO,dar,7572794,Svobodní s.r.o.,2024-05-27,,,
2022,04134940,25000,PO,dar,8288909,Trikolora,2022-08-08,,Praha,
2022,04134940,25000,PO,dar,8288909,Trikolora,2022-08-22,,Praha,
2022,04134940,15000,PO,dar,8288909,Trikolora,2022-10-24,,Praha,
2022,04134940,31000,PO,dar,8288909,Trikolora,2022-11-04,,Praha,
2024,04134940,25000,PO,dar,8288909,Trikolora,2024-08-14,,,
2024,04134940,20000,PO,dar,8288909,Trikolora,2024-08-07,,,
2020,04134940,100,PO,dar,8469512,WANG LI WANG s.r.o.,2020-06-18,,,
2021,04134940,5000,PO,dar,8950261,PEMA s.r.o.,2021-08-10,,,
2020,04134940,50000,PO,dar,10126953,Luboš Vymazal,2020-08-13,,,
2022,04134940,70000,PO,dar,26238616,RIS-MONT s.r.o.,2022-05-03,,Zlín,
2024,04134940,30000,PO,dar,26280141,KOMPO ZLÍN,2024-04-26,,,
2022,04134940,7000,PO,dar,26904152,Avicenna Biens s.r.o.,2022-09-13,,Brno,
2022,04134940,1300,PO,dar,26904152,Avicenna Biens s.r.o.,2022-09-14,,Brno,
2022,04134940,10000,PO,dar,26904152,Avicenna Biens s.r.o.,2022-10-18,,Brno,
2022,04134940,10000,PO,dar,26952718,RAPASTAV s.r.o.,2022-08-02,,Prostějov,
2024,04134940,10000,PO,dar,29186315,MAE INVEST a.s.,2024-09-10,,,
2024,04134940,15000,PO,dar,29233321,MODULOS FACTORY s.r.o.,2024-04-30,,,
2024,04134940,40000,PO,dar,29292743,Lubomír Nečas MUDr.,2024-04-23,,,
2021,04134940,1000,PO,dar,60189223,Pavel Černohorský,2021-05-03,,,
2022,04134940,65000,PO,dar,60746343,NCA-KEPHAS s.r.o.,2022-07-14,,Brno,
2024,04134940,10000,PO,dar,60750774,ZELINGER PLAST s.r.o.,2024-05-10,,,
2024,04134940,20000,PO,dar,71339612,Luxury Finance s.r.o.,2024-08-20,,,